name	address	latitude	longitude	phone	workingTime	province
PGD PHÚ BÀI	1193A, đường Nguyễn Tất Thành, Phường Phú Bài, Thị xã Hương Thủy,  Tỉnh Thừa Thiên Huế	16.40971	107.6768			Thừa Thiên Huế
PGD HOÀI ĐỨC	A41- LK4 ô số 1,2,3,4 khu đô thị hai bên đường Lê Trọng Tấn, Xã An Khánh, Huyện Hoài Đức, TP. Hà Nội	21.002703	105.733009			Hà Nội
PGD QUẾ VÕ	Đường Trần Hưng Đạo, Quốc lộ 18, Khu phố Mao Dộc, Phường Phượng Mao, Thị xã Quế Võ, Tỉnh Bắc Ninh	21.15561	106.13727			Bắc Ninh
CN MÓNG CÁI	Số 69 và 71 đường Đại Lộ Hòa Bình, Phường Trần Phú, TP.Móng Cái, Quảng Ninh	21.52734	107.972595			Quảng Ninh
PGD HÒA BÌNH	Số 178 - 180 đường Hòa Bình, Phường Hiệp Tân, Quận Tân Phú, TP.Hồ Chí Minh	10.771	106.63099			Hồ Chí Minh
PGD NGUYỄN DU	88 Nguyễn Du, P.Bến Nghé, Q.1	10.7731512	106.6996318			Hồ Chí Minh
CN BẮC SÀI GÒN	Số 138A – 140 đường Quang Trung, Phường 10, Quận Gò Vấp, TP.HCM	10.8266408	106.6790659			Hồ Chí Minh
PGD VŨNG LIÊM	Số 137 đường Nguyễn Thị Hồng, Tổ 2, Khóm 2, Thị trấn Vũng Liêm, Huyện Vũng Liêm, Tỉnh Vĩnh Long	10.09667	106.17873			Vĩnh Long
PGD XUYÊN MỘC	125 Quốc lộ 55, Thị trấn Phước Bửu, Huyện Xuyên Mộc, Tỉnh Bà Rịa - Vũng Tàu	10.5347761884042	107.396916241534			Bà Rịa - Vũng Tàu
PGD XUÂN THUỶ	299 Cầu Giấy, Trần Đăng Ninh kéo dài, Phường Dịch Vọng, Quận Cầu Giấy, TP.Hà Nội	21.034753438910826	105.79349662614311			Hà Nội
PGD XUÂN KHÁNH	5/8A Đường 30/4, Phường Xuân Khánh, Quận Ninh Kiều, TP.Cần Thơ	10.0302352	105.7803335			Cần Thơ
PGD VÕ THÀNH TRANG	483 - 485 Trường Chinh, Phường 14, Quận Tân Bình, TPHCM	10.80051104135375	106.6388046683657			Hồ Chí Minh
PGD VĨNH PHƯỚC	389 - 391 - 393 Đường 2/4, Phường Vĩnh Hải, Tp, Nha Trang, Tỉnh Khánh Hòa	12.278327225594923	109.1963644125568			Khánh Hòa
PGD VĂN THÁNH	02 - 04 Nguyễn Gia Trí, Phường 25, Quận Bình Thạnh, TP.HCM	10.801633012220705	106.71533408371084			Hồ Chí Minh
PGD VĂN QUÁN	28, Nguyễn Khuyến, Khu đô thị Văn Quán, Quận Hà Đông, TP.Hà Nội	20.9710098950997	105.7914163549785			Hà Nội
PGD VẠN PHÚC	CUTM06-04, CUTM06-05 và CUTM06-06 Dự án làng nghề dệt lụa Vạn Phúc, Phường Vạn Phúc, Quận Hà Đông, TP Hà Nội	20.9790990653159	105.771721674307			Hà Nội
PGD VĂN PHÚ	Gian hàng số V1-01A, V1-01B, V1-02, Tầng 1, Trung tâm thương mại Victoria Food N Shop tại Tòa nhà The Van Phu - Victoria, CT9 - Khu đô thị mới Văn Phú, Phường Phú La, Quận Hà Đông, TP Hà Nội	20.961283751914	105.767468043547			Hà Nội
PGD VĂN LÂM	Phố mới, Thị trấn Như Quỳnh, Huyện Văn Lâm,Tỉnh Hưng Yên	20.9837447	105.98275			Hưng Yên
PGD VẠN HẠNH	439-441 Sư Vạn Hạnh, Phường 12, Quận 10, TP.HCM	10.7714635	106.669699			Hồ Chí Minh
PGD VĂN GIANG	118 TẦNG 1+2+3 Đường 179, Thị trấn Văn Giang, Huyện Văn Giang, Tỉnh Hưng Yên	20.948501324453012	105.94359187195667			Hưng Yên
PGD UÔNG BÍ	151, Trần Nhân Tông, Phường Yên Thanh, TP.Uông Bí, Quảng Ninh	21.033406025912953	106.76206362614315			Quảng Ninh
PGD TUY PHONG	65F Thống Nhất, Thị Trấn Phan Rí Cửa, Huyện Tuy Phong, Tỉnh Bình Thuận	11.1739654	108.568182			Bình Thuận
PGD TUY AN	405 Quốc lộ 1, Thị trấn Chí Thạnh, Huyện Tuy An, Phú Yên	13.309774103835	109.215974682023			Phú Yên
PGD TTTM VŨNG TÀU	413 -415 Nguyễn An Ninh, Phường 9, TP.Vũng Tàu	10.3663072	107.0885206			Bà Rịa - Vũng Tàu
PGD TRƯƠNG ĐỊNH	107N Trương Định, Phường 6, Quận 3, TP.HCM	10.7788088	106.6884522			Hồ Chí Minh
PGD TRƯỜNG CHINH	85 - 87 Xuân Hồng, Phường 12, Quận Tân Bình, TP.HCM	10.7952261	106.6529978			Hồ Chí Minh
PGD TRUNG VĂN	Tầng 1+tầng 5 - CT2 - C14 Bắc Hà, Tố Hữu, Phường Trung Văn, Quận Nam Từ Liêm, Hà Nội	20.991011409351074	105.78410339730623			Hà Nội
PGD TRUNG SƠN	27-29-31 9A, KDC Trung Sơn, Xã Bình Hưng, Huyện Bình Chánh, TP.HCM	10.7391835	106.6895865			Hồ Chí Minh
PGD TRUNG HÒA	Tòa CT1, Yên Hòa Park View - 3 Vũ Phạm Hàm, Phường Yên Hòa, Quận Cầu Giấy	21.0165281308248	105.79727667047			Hà Nội
PGD TRẢNG BOM	B17 - 18 Nguyễn Hữu Cảnh, Thị trấn Trảng Bom, Huyện Trảng Bom, Tỉnh Đồng Nai	10.9530079	107.0006461			Đồng Nai
PGD TRẢNG BÀNG	21 - 22, Khu phố Lộc An, Thị trấn Trảng Bàng, Huyện Trảng Bàng, Tỉnh Tây Ninh	11.032302	106.363357			Tây Ninh
PGD TRÀNG AN	9 Lê Đại Hành, Phường Lê Đại Hành, Quận Hai Bà Trưng, TP.Hà Nội	21.0095214292032	105.850288282105			Hà Nội
PGD TRẦN QUỐC TOẢN	97 Trần Quốc Toản, Phường Trần Hưng Đạo, Quận Hoàn Kiếm,Hà Nội	21.0209466	105.8443043			Hà Nội
PGD TRẦN QUỐC HOÀN	Tầng 1 Tòa nhà Detech Tower II, 107 Nguyễn Phong Sắc, Phường Dịch Vọng Hậu, Quận Cầu Giấy, Hà Nội	21.04034127173451	105.79019129694463			Hà Nội
PGD TRẦN PHÚ	209 Trần Phú, Phường Trần Phú, Tp. Hà Tĩnh, Hà Tĩnh	18.3453590931297	105.889111270436			Hà Tĩnh
PGD TRẦN NGUYÊN HÃN	86-88-90 Trần Nguyên Hãn, Phường Trần Nguyên Hãn, Quận Lê Chân, TP.Hải Phòng	20.849968	106.670995			Hải Phòng
PGD TRẦN KHẮC CHÂN	48-50 Nguyễn Hữu Cầu, Phường Tân Định, Quận 1 TP.HCM	10.7917648	106.6915091			Hồ Chí Minh
PGD TRẦN HƯNG ĐẠO	268 Trần Hưng Đạo, Phường 11, Quận 5, TP.HCM	10.75240016417894	106.66421494931137			Hồ Chí Minh
PGD TRẦN DUY HƯNG	216 Trần Duy Hưng, Phường Trung Hòa, Quận Cầu Giấy, TP.Hà Nội	21.0082655	105.7960335			Hà Nội
PGD TRẦN ĐẠI NGHĨA	74 Trần Đại Nghĩa, Q.Hai Bà Trưng Hà Nội	21.0004526	105.8452393			Hà Nội
PGD TÔN ĐỨC THẮNG	125 127 Tôn Đức Thắng, Phường Hàng Bột, Quận Đống Đa, TP.Hà Nội	21.023790408735657	105.83213930390755			Hà Nội
PGD TÔ KÝ	B87 - B88 Tô Ký, Khu phố 3, Phường Đông Hưng Thuận, Quận 12, TP.HCM	10.854143	106.624399			Hồ Chí Minh
PGD TÔ HIỆU	82 Tô Hiệu, Phường Trại Cau, Quận Lê Chân, TP.Hải Phòng	20.85197	106.683685			Hải Phòng
PGD TIMES CITY	Tòa nhà T1, Khu đô thị Times City, 458 Minh Khai, Phường Vĩnh Tuy, Quận Hai Bà Trưng, Hà Nội	20.996852732229	105.869974866507			Hà Nội
PGD TIỂU CẦN	125B, Quốc lộ 60, khóm 2, thị trấn Tiểu Cần, huyện Tiểu Cần, tỉnh Trà Vinh	9.81577994367597	106.19083275926			Trà Vinh
PGD TIÊN DU	54 Lý Thường Kiệt, Thị trấn Lim, Huyện Tiên Du, Bắc Ninh	21.1428751	106.0179215			Bắc Ninh
PGD THƯỜNG TÍN	KCN Hà Bình Phương, Xã Hà Hồi, Huyện Thường Tín	20.8718345823576	105.871812083959			Hà Nội
PGD THUẬN PHƯỚC	244 Đống Đa, Phường Thuận Phước, Quận Hải Châu, TP.Đà Nẵng	16.077407520040556	108.21622795443693			Đà Nẵng
PGD THỦ THIÊM	133 Nguyễn Cơ Thạch, Phường An Lợi Đông, TP Thủ Đức, TPHCM	10.77103050904	106.723790570371			Hồ Chí Minh
PGD THỦ DẦU MỘT	305 Đại lộ Bình Dương, Khu 12, Phường Chánh Nghĩa, TP.Thủ Dầu Một, Bình Dương	10.974466361203246	106.6699443592841			Bình Dương
PGD THỐT NỐT	469B Quốc lộ 91, KV Phụng Thạnh 1, Phường Thốt Nốt, Quận Thốt Nốt, TP.Cần Thơ	10.268772384974696	105.53653418449173			Cần Thơ
PGD THỐNG NHẤT	527-529 Thống Nhất, Phường 16, Quận Gò Vấp, TP.HCM	10.847389511772374	106.6645093430965			Hồ Chí Minh
PGD THOẠI SƠN	337 Nguyễn Huệ, Ấp Bắc Sơn, Thị trấn Núi Sập, Huyện Thoại Sơn, Tỉnh An Giang	10.26493087	105.2648243			An Giang
PGD THỊ NGHÈ	131 Xô Viết Nghệ Tĩnh, Phường 17, Quận Bình Thạnh, TP.HCM	10.794625996954503	106.70889946385516			Hồ Chí Minh
PGD THẢO ĐIỀN	67 - 69 Xa lộ Hà Nội, Phường Thảo Điền, Quận 2, TP.HCM	10.80143735466566	106.73648354568938			Hồ Chí Minh
PGD THANH XUÂN	Tầng 1, Tòa nhà The Legend, 109 Phố Nguyễn Tuân, Phường Nhân Chính, Quận Thanh Xuân, TP Hà Nội	21.00041003209855	105.802813571922			Hà Nội
PGD THANH TRÌ	Lô BT05 - Ô số 27, Khu Đô Thị mới Pháp Vân, Tứ Hiệp, Phường Hoàng Liệt, Quận Hoàng Mai, Hà Nội	20.95276193520601	105.84739339667188			Hà Nội
PGD THÀNH NAM	Số 38-40 Thành Chung, P Cửa Bắc, TP Nam Định, Nam Định	20.428792002594218	106.16892716846193			Nam Định
PGD THẠNH LỘC	137 Hà Huy Giáp, Phường Thạnh Lộc, Quận 12, TP.HCM	10.856212002641852	106.67935553234274			Hồ Chí Minh
PGD THANH KHÊ	276 Điện Biên Phủ, Phường Chính Gián, Quận Thanh Khê, TP.Đà Nẵng	16.0658223	108.1954237			Đà Nẵng
PGD THANH ĐA	647 Xô Viết Nghệ Tĩnh, Phường 26, Quận Bình Thạnh, TP.HCM	10.8111777	106.7136625			Hồ Chí Minh
PGD THÁI THỊNH	27 Thái Thịnh, Phường Ngã Tư Sở, Quận Đống Đa, Thành phố Hà Nội	21.006895333083	105.821658455124			Hà Nội
PGD THÁI PHIÊN	311B Đà Nẵng, Phường Cầu Tre, Q.Ngô Quyền, Hải Phòng	20.8614037	106.7043174			Hải Phòng
PGD THÁI HÒA	Đường Lê Hồng Phong, Khối Tân Thành, Phường Hòa Hiếu, Thị xã Thái Hòa, Tỉnh Nghệ An	19.322461113831803	105.43607103948638			Nghệ An
PGD THẠCH ĐÀ	317-319 Lê Văn Thọ, Phường 9, Quận Gò Vấp, TP.HCM	10.8483555	106.6568438			Hồ Chí Minh
PGD TD PLAZA	Tầng 1, Toà nhà TD Business Center, Lô 20A, P. Lê Hồng Phong, Q. Ngô Quyền, Hải Phòng	20.8463797	106.7064467			Hải Phòng
PGD TÂY THẠNH	183 Tây Thạnh, Phường Tây Thạnh, Quận Tân Phú, TP.HCM	10.813955	106.6234474			Hồ Chí Minh
PGD TÂY HỒ	Tầng 1, Tòa nhà Hancom, Ngõ 603, Lạc Long Quân, Quận Tây Hồ, Hà Nội	21.0675833	105.8080695			Hà Nội
PGD TÂN UYÊN	Thửa đất 332, 333, 334, Tờ bản đồ 59, Khu phố 7, Phường Uyên Hưng, Thị xã Tân Uyên, Tỉnh Bình Dương	10.9521776275821	106.84974932619			Bình Dương
PGD TÂN TIẾN	360 Nguyễn Ái Quốc, Phường Tân Mai, TP.Biên Hòa, Tỉnh Đồng Nai	10.9629203	106.8380215			Đồng Nai
PGD TÂN THÀNH	248A Độc Lập, TT. Phú Mỹ, H. Tân Thành, Bà Rịa - Vũng Tàu	10.5930353	107.0544566			Bà Rịa - Vũng Tàu
PGD TÂN SƠN NHÌ	364 - 364A Tân Sơn Nhì, Phường Tân Sơn Nhì, Quận Tân Phú, TP.HCM	10.827394446355724	106.64211002603848			Hồ Chí Minh
PGD TÂN QUY	91 Tỉnh lộ 8, Ấp 1A, Xã Tân Thạnh Tây, Huyện Củ Chi, TP.HCM	10.9874101314073	106.572005436124			Hồ Chí Minh
PGD TÂN PHONG	433A Nguyễn Thị Thập, Phường Tân Phong, Quận 7, TP.HCM	10.7385238	106.7115548			Hồ Chí Minh
PGD TÂN HƯƠNG	236 - 238 Tân Hương, Phường Tân Quý, Quận Tân Phú, TP.HCM	10.790311683722171	106.62143158371079			Hồ Chí Minh
PGD TÂN ĐỊNH	261 Trần Quang Khải, Phường Tân Định, Quận 1, TP.HCM	10.791247	106.688233			Hồ Chí Minh
PGD TÂN CHÂU	245 Tôn Đức Thắng, Khóm Long Thị D, Phường Long Thạnh, Thị xã Tân Châu, Tỉnh An Giang	10.797782738714673	105.24265729633926			An Giang
PGD TÂN BIÊN	42-42A Phạm Hùng, Khu phố 2, Thị trấn Tân Biên, Huyện Tân Biên, Tỉnh Tây Ninh	11.5441089	106.0045011			Tây Ninh
PGD TAM HÀ	242-242A Tô Ngọc Vân, Khu phố 3, Phường Linh Đông, Quận Thủ Đức, TP.HCM	10.857002	106.749667			Hồ Chí Minh
PGD TẠ UYÊN	104-106 Tạ Uyên, Phường 4, Quận 11, TP.HCM	10.758050935308493	106.65380872603802			Hồ Chí Minh
PGD SƠN TRÀ	1053 - 1055 Ngô Quyền, phường An Hải Đông, quận Sơn Trà, TP Đà Nẵng	16.067210151289498	108.2328522906722			Đà Nẵng
PGD RẠCH SỎI	Lô 4 Căn 5 - 6 Mai Thị Hồng Hạnh, Phường Rạch Sỏi, TP.Rạch Giá, Kiên Giang	9.9548545294204	105.12107665487			Kiên Giang
PGD RẠCH DỪA	306 Đường 30/4, Phường Rạch Dừa, TP.Vũng Tàu	10.3956844	107.1069842			Bà Rịa - Vũng Tàu
PGD QUANG TRUNG	Lô LK L2 Đại lộ Võ Nguyên Giáp, Phường Đông Vệ, TP.Thanh Hóa, Tỉnh Thanh Hóa	19.7826362	105.7763953			Thanh Hóa
PGD QUẢNG PHÚ	44 Hùng Vương, Thị trấn Quảng Phú, Huyện Cư M'gar, Tỉnh Đăk Lăk	12.815057	108.075683			Đắk Lắk
PGD QUÁN TOAN	34 đường Hùng Vương, Phường Quán Toan, Quận Hồng Bàng, Thành phố Hải Phòng	20.886719048069352	106.61716966846842			Hải Phòng
PGD QUÁN SỨ	SH16-66 và SH16-68 tại địa chỉ Khu đô thị Vinhomes Ocean Park, Xã Đa Tốn, Huyện Gia Lâm, Thành phố Hà Nội	20.991874293748676	105.94513694254263			Hà Nội
PGD PHƯƠNG SƠN	53 Đường 23/10, Phường Phương Sơn, TP.Nha Trang, Tỉnh Khánh Hòa	12.250137283175848	109.17959708372015			Khánh Hòa
PGD PHƯỚC LONG-KHOA	386 - 388 Lê Hồng Phong, Phường Phước Long, TP.Nha Trang, Tỉnh Khánh Hòa	12.2338384	109.1814172			Khánh Hòa
PGD PHƯỚC LONG-BPHUOC	225 ĐT 741, Phường Long Phước, Thị xã  Phước Long, Tỉnh Bình Phước	11.819212998487185	106.95820399720843			Bình Phước
PGD PHƯỚC BÌNH	359A-359B Đỗ Xuân Hợp, Phước Long B, Quận 9, TP.HCM	10.8211785	106.7724081			Hồ Chí Minh
PGD PHÚ TRUNG	641 Lạc Long Quân, Phường 10, Quận Tân Bình, TP.HCM	10.7796014	106.6498624			Hồ Chí Minh
PGD PHÚ SƠN	Trung tâm thương mại chợ Phú Thọ, Phường Phú Sơn, Thanh Hóa	19.809606	105.7628876			Thanh Hóa
PGD PHÚ QUỐC	118 Nguyễn Trung Trực, Khu phố 8, Thị trấn Dương Đông, Huyện Phú Quốc, Tỉnh Kiên Giang.	10.22284336821917	103.9626147819389			Kiên Giang
PGD PHÚ NHUẬN	75 Hoàng Văn Thụ, Phường 15, Quận Phú Nhuận, TP.HCM	10.799152225290223	106.67810985487458			Hồ Chí Minh
PGD PHÚ MỸ	1405 Nguyễn Văn Linh, Phường Tân Phong, Quận 7, TP.HCM	10.7282205	106.7076074			Hồ Chí Minh
PGD PHÚ HỘI	48 Phan Bội Châu, Phường Vĩnh Ninh, TP.Huế	16.4646095	107.593411			Thừa Thiên Huế
PGD PHÚ ĐỊNH	58C An Dương Vương, Phường 16, Quận 8, TP.HCM	10.728374842441	106.621045312698			Hồ Chí Minh
PGD PHỔ YÊN	205 - 207 Trường Chinh, Xóm Trường Thịnh, Xã Nam Tiến, Thị xã Phổ Yên, Tỉnh Thái Nguyên	21.3976123	105.8613233			Thái Nguyên
PGD PHỔ QUANG	38-40 Phổ Quang, Phường 2, Quận Tân Bình, TP.HCM	10.8082419	106.6699914			Hồ Chí Minh
PGD PHỐ HIẾN	4 Nguyễn Thiện Thuật, Phường Lê Lợi, TP.Hưng Yên	20.6450951	106.0570832			Hưng Yên
PGD PHAN XÍCH LONG	207-209 Đường Phan Xích Long, P.2, Q.Phú Nhuận, TP.HCM	10.798759	106.68698			Hồ Chí Minh
PGD PHAN VĂN TRỊ	366 A.9 - A.10 Phan Văn Trị, Phường 5, Quận Gò Vấp, TP. HCM	10.829162907829648	106.68260326836587			Hồ Chí Minh
PGD PHAN HUY ÍCH	116 - 118 Phan Huy Ích, Phường 15, Quận Tân Bình, TP.HCM	10.831357	106.633519			Hồ Chí Minh
PGD PHAN BỘI CHÂU	6H, Phan Bội Châu, Phường Lê Lợi, TP.Vinh, Tỉnh Nghệ An	18.6866407160255	105.674144726258			Nghệ An
PGD PHẠM VĂN ĐỒNG	Tầng 1, Tòa nhà Leadvisors Tower, Đường Phạm Văn Đồng, Phường Cổ Nhuế 1, Quận Bắc Từ Liêm, Hà Nội	21.0501404077686	105.782026076541			Hà Nội
PGD TÂY ĐÔ	88-90 Đường 26/3, Phường Châu Văn Liêm, Quận Ô Môn, TP.Cần Thơ	10.111006716794474	105.620535595178			Cần Thơ
PGD PHẠM HÙNG	Tòa nhà Vinhomes West Point - Đường Phạm Hùng, Nam Từ Liêm, Hà Nội	21.0118865102607	105.785049355124			Hà Nội
PGD NINH KIỀU	15-17-19 Nam Kỳ Khởi Nghĩa, Phường Tân An, Quận Ninh,TP.Cần Thơ	10.030852529317983	105.78744991388466			Cần Thơ
PGD NINH HÒA	10 Nguyễn Thị Ngọc Oanh, Phường Ninh Hiệp, Thị xã Ninh Hòa, Tỉnh Khánh Hòa	12.491544365495221	109.12631109721318			Khánh Hòa
PGD NINH HẢI	160 Yên Ninh, Khu phố Khánh Hiệp, Thị trấn Khánh Hải, Huyện Ninh Hải, Tỉnh Ninh Thuận	11.5906613	109.0344501			Ninh Thuận
PGD NHIÊU LỘC	945 Hoàng Sa, Phường 11, Quận 03, TP.HCM	10.786300249440972	106.6745870548745			Hồ Chí Minh
PGD NHÀ RỒNG	49-51 Hoàng Diệu, Phường 13, Quận 4, TP.HCM	10.76449	106.70603			Hồ Chí Minh
PGD NGUYỄN TRI PHƯƠNG	451 - 453 Nguyễn Tri Phương, Phường 5, Quận 10, TP.HCM	10.764608732573974	106.66768749720185			Hồ Chí Minh
PGD NGUYỄN TRÃI	281-283 An Dương Vương, Phường 3, Quận 5, TP.HCM	10.760153593315339	106.68103328371065			Hồ Chí Minh
PGD NGUYỄN THỊ TÚ	D6/21-D/23 Nguyễn Thị Tú, Xã Vĩnh Lộc B, Huyện Bình Chánh, TP.HCM	10.8144664815957	106.581436055026			Hồ Chí Minh
PGD NGUYỄN THÁI SƠN	10A-12A Nguyễn Thái Sơn, P3, Quận Gò Vấp, TP.HCM	10.8225565	106.6853974			Hồ Chí Minh
PGD NGUYỄN THÁI BÌNH	176-178 Ký Con, Phường Nguyễn Thái Bình, Quận 1, TP.HCM	10.7689142	106.6968718			Hồ Chí Minh
PGD NGUYỄN SƠN	59 Nguyễn Sơn, Phường Phú Thạnh , Quận Tân Phú, TP.HCM	10.780171394581249	106.63072778371084			Hồ Chí Minh
PGD NGUYỄN PHONG SẮC	78 Đường Nguyễn Phong Sắc, Khối Tân Lộc, Phường Hưng Dũng, TP Vinh, Tỉnh Nghệ An	18.680075005626335	105.69719572611112			Nghệ An
PGD NGUYỄN OANH	343 Nguyễn Oanh, Phường 17, Quận Gò Vấp, TP.HCM	10.843617515880666	106.67702822603864			Hồ Chí Minh
PGD NGUYỄN KHOÁI	76 Nguyễn Khoái, Phường 2, Quận 4, TP.HCM	10.755374	106.6943299			Hồ Chí Minh
PGD NGUYỄN KHÁNH TOÀN	Số 96 Nguyễn Khánh Toàn, Tổ 8, Phường Quan Hoa Quận Cầu Giấy, TP.Hà Nội	21.045205846199103	105.79215488861614			Hà Nội
PGD NGUYỄN HỮU THỌ	65 Khu dân cư Phú Long, Phân khu số 8, Nguyễn Hữu Thọ, Ấp 5, Xã Phước Kiển, Huyện Nhà Bè, TP.HCM	10.7191984014498	106.703018820714			Hồ Chí Minh
PGD NGUYỄN ĐÌNH CHIỂU	413-415 Nguyễn Đình Chiểu, Phường 5, Quận 3, TP.HCM	10.7716081	106.6834557			Hồ Chí Minh
PGD NGUYỄN CÔNG TRỨ	74-76 Nguyễn Công Trứ, Phường Nguyễn Thái Bình, Quận 1, TP.HCM	10.769848	106.703143			Hồ Chí Minh
PGD NGUYỄN CHÍ THANH	490 Nguyễn Chí Thanh, Phường 7, Quận 10, TP.HCM	10.7586587	106.6623544			Hồ Chí Minh
PGD NGUYỄN BIỂU	60 Nguyễn Biểu, Phường 1, Quận 5, TP.HCM	10.7548546	106.6842848			Hồ Chí Minh
PGD NGUYỄN ẢNH THỦ	7/2 - 7/3 Nguyễn Ảnh Thủ, Ấp Trung Mỹ Tây, Xã Trung Chánh, Huyện Hóc Môn, TP.HCM	10.86356797508263	106.6124605260387			Hồ Chí Minh
PGD NGOẠI GIAO ĐOÀN	DL.D.01, Dự án khu nhà ở thấp tầng A1TT1, Phường Xuân Tảo, Quận Bắc Từ Liêm, Thành phố Hà Nội	21.0642978997876	105.795463039011			Hà Nội
PGD NGUYỄN HỮU CẢNH	53-55, Nguyễn Hữu Cảnh, P.22, Q. Bình Thạnh, TP HCM	10.792567	106.711544			Hồ Chí Minh
PGD NGÔ QUYỀN	Tầng 1, 19 Điện Biên Phủ, Phường Máy Tơ, Quận Ngô Quyền, Hải Phòng	20.861271962632404	106.69005483963183			Hải Phòng
PGD NGÔ GIA TỰ	424 - 426 Ngô Gia Tự, Phường 4, Quận 10, TP.HCM	10.761397	106.669707			Hồ Chí Minh
PGD NGÃ BẢY SÀI GÒN	625 Điện Biên Phủ, Phường 01, Quận 03, TP.HCM	10.76930533158494	106.67579448371067			Hồ Chí Minh
PGD MỸ THO	428 Nguyễn Thị Thập, Phường 6, Tp. Mỹ Tho, Tiền Giang	10.35787735460852	106.33785892603578			Tiền Giang
PGD MỸ ĐÌNH	Tầng 1, Tòa nhà The Manor, Mễ Trì, Mỹ Đình 1, Quận Nam Từ Liêm, TP.Hà Nội	21.0192771	105.7805085			Hà Nội
PGD MÓNG CÁI	44 Hùng Vương, Phường Hòa Lạc, TP.Móng Cái, Quảng Ninh	21.5278509	107.9703632			Quảng Ninh
PGD MINH PHỤNG	482 - 484 Minh Phụng, Phường 09, Quận 11, TP.HCM	10.761931453542028	106.64478442603804			Hồ Chí Minh
PGD MINH KHAI - SÀI GÒN	442-444-446-448 Nguyễn Thị Minh Khai, Phường 5, Quận 3, TP.HCM	10.7692261	106.6851067			Hồ Chí Minh
PGD MINH KHAI	Tầng 1, Chung cư 15T2, 310 Minh Khai, Q. Hai Bà Trưng, Hà Nội	20.9939614	105.8619656			Hà Nội
PGD MINH HẢI	52 Trần Hưng Đạo, Phường 5, TP.Cà Mau, Tỉnh Cà Mau	9.18501258402164	105.162578926182			Cà Mau
PGD MINH CHÂU	489-491A Lê Văn Sỹ, Phường 12, Quận 3, TP.HCM	10.789916	106.67391			Hồ Chí Minh
PGD MAXIMARK CỘNG HÒA	110 Cộng Hòa, P.4, Quận Tân Bình, Hồ Chí Minh	10.8014978448152	106.658210268517			Hồ Chí Minh
PGD LÝ THƯỜNG KIỆT	261 Lý Thường Kiệt, Phường 15, Quận 11, TP.HCM	10.773006830805253	106.65728549720187			Hồ Chí Minh
PGD LÝ THÁI TỔ	456 Lê Duẩn, Phường Chính Gián, Quận Thanh Khê, TP.Đà Nẵng	16.06672808659432	108.20702726840854			Đà Nẵng
PGD LONG THÀNH	Số 242A, đường Lê Duẩn, Khu Văn Hải, Thị trấn Long Thành, Huyện Long Thành, Tỉnh Đồng Nai	10.776732599720502	106.95428709800487			Đồng Nai
PGD LONG KHÁNH	Số 318 -320 Đường Hùng Vương, phường Xuân Bình, thành phố Long Khánh, tỉnh Đồng Nai	10.929606301519255	107.2428879820435			Đồng Nai
PGD LONG HOA	53/1 Khu phố 1, Thị trấn Hòa Thành, Huyện Hòa Thành, Tỉnh Tây Ninh	11.2833068	106.1308952			Tây Ninh
PGD LONG ĐIỀN	9/A Tổ 1, Ấp Phước Thọ, Xã Phước Hưng, Huyện Long Điền, Tỉnh Bà Rịa Vũng Tàu	10.411124470482081	107.21536048029259			Bà Rịa - Vũng Tàu
PGD LONG BÌNH TÂN	F4-F5, Khu phố 1, Phường Long Bình Tân, Biên Hòa, Đồng Nai	10.9011204	106.8533455			Đồng Nai
PGD LỘC NINH	339A Quốc Lộ 13, Khu phố Ninh Phú, Thị trấn Lộc Ninh, Huyện Lộc Ninh, Bình Phước	11.846361394251165	106.58925209720859			Bình Phước
PGD LINH XUÂN	1274A - 1274B Kha Vạn Cân, Phường Linh Trung, Quận Thủ Đức, TP.HCM	10.86733002944078	106.76234453952975			Hồ Chí Minh
PGD LINH ĐÀM	09 BT2 Bắc Linh Đàm, Phường Hoàng Liệt, Quận Hoàng Mai, Hà Nội	20.968678	105.8263931			Hà Nội
PGD LÊ VĂN VIỆT	570A Lê Văn Việt, khu phố Mỹ Thành, phường Long Thạnh Mỹ, quận 9, TPHCM	10.8498697073552	106.812176926189			Hồ Chí Minh
PGD LÊ VĂN QUỚI	31 Lê Văn Quới, KP. 3, P. Bình Trị Đông, Q. Bình Tân	10.77401697030405	106.62019655487444			Hồ Chí Minh
PGD LÊ VĂN KHƯƠNG	225-261A Lê Văn Khương, Phường Hiệp Thành, Quận 12.TP.HCM	10.870147882912343	106.64924079720248			Hồ Chí Minh
PGD LÊ TRỌNG TẤN	45 Lê Trọng Tấn, Phường Sơn Kỳ, Quận Tân Phú, TP.HCM	10.8124504	106.6084284			Hồ Chí Minh
PGD LÊ THANH NGHỊ	109 Lê Thanh Nghị, P.Phạm Ngũ Lão, TP.Hải Dương	20.9338265	106.320699			Hải Dương
PGD LÊ QUANG ĐỊNH	342 - 344 Lê Quang Định, Phường 11, Quận Bình Thạnh, TP.HCM	10.8102145	106.6925642			Hồ Chí Minh
PGD LÊ NGÔ CÁT	197A - 197B - 197C - 197/1 Cách Mạng Tháng Tám, Phường 4, Quận 3, Tp.HCM	10.775335886905541	106.685729628117			Hồ Chí Minh
PGD LÊ LỢI	72 Lê Lợi, P.Bến Thành, Q.1	10.7731512	106.6996318			Hồ Chí Minh
PGD LÊ HỒNG PHONG-DAKLAK	60-62 Lê Hồng Phong, Phường Thống Nhất, TP.Buôn Ma Thuột, Tỉnh ĐăkLăk	12.68042623	108.0414603			Đắk Lắk
PGD LÊ HỒNG PHONG	328 Lê Hồng Phong, Phường 3, TP.Vũng Tàu, Tỉnh Bà Rịa Vũng Tàu	10.354276417336653	107.0854443548721			Bà Rịa - Vũng Tàu
PGD LÊ ĐẠI HÀNH	319-321 Lê Đại Hành, Phường 13, Quận 11, TPHCM	10.765390452451037	106.6546761972018			Hồ Chí Minh
PGD LÂM HÀ	762 Hùng Vương, Thị trấn Đinh Văn, Huyện Lâm Hà, Tỉnh Lâm đồng	11.78893431444218	108.24328608371708			Lâm Đồng
PGD LÁI THIÊU	188A Đường DT745, KP.Bình Đức1, P.Lái Thiêu, TX.Thuận An	10.9071912	106.700774			Bình Dương
PGD LẠCH TRAY	274 đường Lạch Tray, Phường Lạch Tray, Quận Ngô Quyền, Thành Phố Hải Phòng	20.841075643954603	106.6936173768329			Hải Phòng
PGD LẠC TRUNG	51 Lạc Trung, Phường Vĩnh Tuy, Quận Hai Bà Trưng, Hà Nội	21.0031914026869	105.86607128396			Hà Nội
PGD LA GI	18 TRẦN HƯNG ĐẠO, Phường Phước Hội, Thị xã Lagi, Tỉnh Bình Thuận	10.659669185641254	107.77363689720121			Bình Thuận
PGD KỲ HÒA	109 - 111 Ba Tháng Hai, Phường 11, Quận 10, TP.HCM	10.7730787	106.6768014			Hồ Chí Minh
PGD KỲ ĐỒNG	56 Nguyễn Thông, Phường 9, Quận 3, TP.HCM	10.780135929302817	106.68170352603819			Hồ Chí Minh
PGD KỲ ANH	Tổ dân phố 3, P. Hưng Trí, TX. Kỳ Anh, Hà Tĩnh	18.0737488	106.290729			Hà Tĩnh
PGD KRONG PAK	319B, Giải Phóng, TT. Phước An, H. Krông Pắk	12.7110871	108.299489			Đắk Lắk
PGD KINH BẮC	34 Lý Thái Tổ, phường Ninh Xá, thành phố Bắc Ninh, tỉnh Bắc Ninh	21.173606813149796	106.06314529730896			Bắc Ninh
PGD KIM LIÊN	7 Chùa Bộc, Quận Đống Đa, Hà Nội	21.00636942314747	105.82870869730645			Hà Nội
PGD KIM ĐỒNG	461 Trương Định, Phường Tân Mai, Quận Hoàng Mai, Hà Nội	20.984843937775082	105.84686159730612			Hà Nội
PGD KIẾN THIẾT	70 Lê Văn Việt, P. Hiệp Phú, Q. 9	10.8470594	106.7767469			Hồ Chí Minh
PGD KHÁNH HỘI	174 - 176 Khánh Hội, Phường 6, Quận 4, TP.HCM	10.758276292340806	106.69977309720183			Hồ Chí Minh
PGD KCN SÓNG THẦN	174 Nguyễn Trãi, Khu phố Thống Nhất 1, Thị xã Dĩ An, Phường Dĩ An, Tỉnh Bình Dương	10.90323107	106.755569			Bình Dương
PGD HUỲNH THÚC KHÁNG	29 Huỳnh Thúc Kháng, P.Láng Hạ, Q.Đống Đa, Hà Nội	21.0182742	105.8111651			Hà Nội
PGD HUỲNH TẤN PHÁT	1179 Huỳnh Tấn Phát, Phường Phú Thuận, Quận 7, TP.HCM	10.72287176583814	106.7358665837104			Hồ Chí Minh
PGD HÓC MÔN	5/4 Lý Thường Kiệt, Khu phố 2, Thị trấn Hóc Môn, Huyện Hóc Môn, TP.HCM	10.8854476	106.5882763			Hồ Chí Minh
PGD HOÀNG QUỐC VIỆT	365-367 Hoàng Quốc Việt, Phường Nghĩa Tân, Quận Cầu Giấy, Hà Nội	21.045967	105.7933724			Hà Nội
PGD HỒNG NGỰ	32 34 Lê Hồng Phong, Khóm 2, Phường An Thạnh, Thị xã Hồng Ngự, Đồng Tháp	10.8092051543103	105.34278325081			Đồng Tháp
PGD HOÀNG MAI	Tầng 1-2, Tòa nhà HH01, New Horizon City, 87 Lĩnh Nam, Phường Mai Động, Quận Hoàng Mai, Hà Nội	20.989514121524582	105.86672849730627			Hà Nội
PGD HỒNG LĨNH	30 Trần Phú, Phường Bắc Hồng, Thị xã Hồng Lĩnh, Tỉnh Hà Tĩnh	18.53004385892165	105.70415245494556			Hà Tĩnh
PGD HỘI AN	577 Hai Bà Trưng, Phường Cẩm Phô, TP.Hội An, Tỉnh Quảng Nam	15.88196898192121	108.32575772607922			Quảng Nam
PGD HỒ VĂN HUÊ	41 Hồ Văn Huê, Phường 9, Quận Phú Nhuận, TP.HCM	10.802177895731521	106.67614618371093			Hồ Chí Minh
PGD HOÀNG HOA THÁM	Tầng 1, Tòa nhà 21 tầng, Khu chung cư  số 671 Hoàng Hoa Thám, Phường Vĩnh Phúc, Quận Ba Đình, Hà Nội	21.0473713	105.8078402			Hà Nội
PGD HOÀNG DIỆU	390 Hoàng Diệu, Quận Hải châu, TP.Đà nẵng	16.054103993141883	108.21761251258988			Đà nẵng
PGD HOÀNG ĐẠO THÚY	Tầng 1, Tòa nhà Diamond Flower, Ngã tư Hoàng Đạo Thúy, Lê Văn Lương, Phường Nhân Chính, Quận Thanh Xuân, Hà Nội	21.005453749483156	105.80404359730643			Hà Nội
PGD HOÀNG CẦU	85 Hoàng Cầu, Phường Ô Chợ Dừa, Quận Đống Đa, TP.Hà Nội	21.02051070486365	105.82561059730662			Hà Nội
PGD HOÀN KIẾM	Tòa nhà Leadvisior 41A Lý Thái Tổ, Quận Hoàn Kiếm, Hà Nội	21.02894025786909	105.85574003381569			Hà Nội
PGD HÒA KHÁNH	466 Tôn Đức Thắng, phường Hòa Khánh Nam, quận Liên Chiểu, TP.Đà Nẵng	16.061620429026522	108.1612669837536			Đà Nẵng
PGD HÒA CƯỜNG	296 Núi Thành, Phường Hòa Cường Bắc, Quận Hải Châu, TP.Đà Nẵng	16.04241213301664	108.22143985491707			Đà Nẵng
PGD HỒ TÙNG MẬU	1 Lê Đức Thọ, Phường Mai Dịch, Quận Cầu Giấy, TP.Hà Nội	21.037356254619436	105.77188505497949			Hà Nội
PGD HỐ NAI	50B/1 - 50C/1, Quốc lộ 1, Khu phố 2, Phường Tân Hòa, TP.Biên Hòa, Tỉnh Đồng Nai	10.967449725077419	106.90646429720304			Đồng Nai
PGD HIỆP HÒA	Khu 3, Thị trấn Thắng, Huyện Hiệp Hòa, Tỉnh Bắc Giang	21.3634833002673	105.979780480478			Bắc Giang
PGD HIỆP BÌNH	10 Hiệp Bình, Khu phố 6, Phường Hiệp Bình Phước, Quận Thủ Đức, Tp.HCM	10.8488437936021	106.719780683862			Hồ Chí Minh
PGD HÀNG XANH	278 Xô Viết Nghệ Tĩnh, P21, Quận Bình Thạnh, TP.HCM	10.800044	106.711376			Hồ Chí Minh
PGD HÀM TỬ	1055-1057 Trần Hưng Đạo, Phường 5, Quận 5, TP.HCM	10.7533299	106.6746736			Hồ Chí Minh
PGD HÀM NGHI	SO03- Tầng 1-2 Tòa A2 Vinhomes Gardenia, Hàm Nghi, Quận Nam Từ Liêm, Hà nội	21.0359353869973	105.761326726288			Hà Nội
PGD HẢI HẬU	57 Khu phố 1, Thị trấn Yên Định, Huyện Hải Hậu, Tỉnh Nam Định	20.200647397084	106.294907850207			Nam Định
PGD HẢI CHÂU	602 - 604 Nguyễn Hữu Thọ, Phường Khuê Trung, Quận Cẩm Lệ, TP.Đà Nẵng	16.02319303700437	108.20956155491695			Đà Nẵng
PGD HAI BÀ TRƯNG	56-58-60 Hai Bà Trưng, Phường Bến Nghé, Quận 1, TP.HCM	10.77740921	106.7048407			Hồ Chí Minh
PGD HẠ LONG	SN 155 Nguyễn Văn Cừ, Phường Hồng Hà, Hạ Long, Quảng Ninh	20.94168143	107.1213716			Quảng Ninh
PGD HÀ HUY TẬP	127-129 Lê Nin, Phường Hà Huy Tập, TP.Vinh, Tỉnh Nghệ An	18.70908208	105.6784675			Nghệ An
PGD HÀ ĐÔNG	30 - 30A Quang Trung, P. Quang Trung, Q. Hà Đông, Hà Nội	20.9711676	105.7757984			Hà Nội
PGD GÒ VẤP	634 Quang Trung, Phường 11, Quận Gò Vấp, TP.HCM	10.836300417644246	106.66032243952968			Hồ Chí Minh
PGD GÒ MÂY	669 Lê Trọng Tấn, Phường Bình Hưng Hòa, Quận Bình Tân, TP.HCM	10.8158183	106.6029489			Hồ Chí Minh
PGD GÒ CÔNG	21 Trương Định, Phường 1, Thành phố Gò Công, Tỉnh Tiền Giang	10.360554516064253	106.67414376836321			Tiền Giang
PGD GÒ CÁT	973 Tân Kỳ Tân Quý, Phường Bình Hưng Hòa A, Quận Bình Tân, TP.HCM	10.7882791	106.5999025			Hồ Chí Minh
PGD GIANG VĂN MINH	Tầng 2, Tòa nhà 142 Đội Cấn, Phường Đội Cấn, Quận Ba Đình, Thủ đô Hà Nội	21.0346129	105.826391			Hà Nội
PGD GIÁ RAI	A1 - 03 và A1 - 04 Khu nhà ở thương mại và chợ trung tâm Hộ Phòng, P. Hộ Phòng, TX. Giá Rai, T. Bạc Liêu	9.2273620542942	105.416872468496			Bạc Liêu
PGD GIA KIỆM	11/1B - 12/1B Ấp Tây Kim, Xã Gia Kiệm, Huyện Thống Nhất, Tỉnh Đồng Nai.	11.03300380591564	107.17840516836712			Đồng Nai
PGD ĐỨC TRỌNG	Số 13 - 13A, Đường Phạm Văn Đồng, Thị trấn Liên Nghĩa, Huyện Đức Trọng, Tỉnh Lâm Đồng	11.7302873	108.3728957			Lâm Đồng
PGD ĐỨC HÒA	166A Tỉnh lộ 10, Ấp Bình Tả 2, Xã Đức Hòa Hạ, Huyện Đức Hòa, Tỉnh Long An	10.8153844392737	106.468449042477			Long Anh
PGD ĐỨC GIANG	Tầng 1, 285A Ngô Gia Tự, Phường Đức Giang, Quận Long Biên, TP.Hà Nội	21.060748656138642	105.89317709730722			Hà Nội
PGD ĐỒNG XUÂN	68 phố Hàng Giấy, Phường Đồng Xuân, Quận Hoàn Kiếm, Hà Nội	21.038620063340524	105.8484578549795			Hà Nội
PGD ĐỒNG VĂN	Khu tập thể Công ty CP giống cây trồng Trung Ương, Thị trấn Đồng Văn, Huyện Duy Tiên, Tỉnh Hà Nam	20.6467451005466	105.924816426283			Hà Nam
PGD ĐỒNG KHỞI	Lô 7 - 8 /9, đường Đồng Khởi, P. Tân Hiệp, TP. Biên Hòa	10.956128	106.8634742			Đồng Nai
PGD LŨY BÁN BÍCH	135A, Lũy Bán Bích, P. Tân Thới Hòa, Q. Tân Phú	10.7648527	106.6323593			Hồ Chí Minh
PGD ĐỐNG ĐA	123 Xã Đàn, Phường Phương Liên, Quận Đống Đa, Hà Nội	21.0136460691012	105.834537868615			Hà Nội
PGD ĐÔNG ANH	83-85 Cao Lỗ, Phường Uy Nỗ, Quận Đông Anh, TP.Hà nội	21.140647446836226	105.84910829730843			Hà Nội
PGD ĐỊNH CÔNG	Lô BT5 - Ô số 27, KĐT mới Pháp Vân, Tứ Hiệp, Phường Hoàng Liệt, Quận Hoàng Mai, Thành phố Hà Nội	20.953620121443358	105.85010596846938			Hà Nội
PGD DIỄN CHÂU	Khối 4, Thị trấn Diễn Châu, Huyện Diễn Châu, Nghệ An	18.9751942	105.6020348			Nghệ An
PGD ĐIỆN BIÊN PHỦ	331, Điện Biên Phủ, P.4, Q. 3	10.775799287073731	106.68271516836552			Hồ Chí Minh
PGD DI LINH	01-03 Lý Thường Kiệt, Thị trấn Di Linh, Huyện Di Linh, Tỉnh Lâm Đồng	11.5816075	108.0762646			Lâm Đồng
PGD DĨ AN	39 - 41 Nguyễn An Ninh (Truông Tre), Khu phố Nhị Đồng 2, Phường Dĩ An, Thị xã Dĩ An, Tỉnh Bình Dương.	10.901658555733128	106.76804518371146			Bình Dương
PGD ĐỀN LỪ	Ô 17 - Ô 18, Đền Lừ 2, Phường Hoàng Văn Thụ, Quận Hoàng Mai, Hà Nội.	20.9857743	105.8578822			Hà Nội
PGD ĐẮK HÀ	296 Hùng Vương, Thị trấn Đắk Hà, Huyện Đắk Hà, Tỉnh Kon Tum	14.515007177035	107.920664697379			Kon Tum
PGD ĐÀ LẠT	141 Phan Chu Trinh, Phường 9, TP.Đà Lạt, Tỉnh Lâm Đồng	11.952628	108.4673318			Lâm Đồng
PGD ĐA KAO	45 Võ Thị Sáu, Phường Đakao, Quận 1, TP.HCM	10.7902549	106.6947634			Hồ Chí Minh
PGD CỬA NAM	40 Phùng Hưng, Phường Hàng Bông, Quận Hoàn Kiếm, TP.Hà Nội	21.029232	105.844483			Hà Nội
PGD CỐNG QUỲNH	106 - 108 Cống Quỳnh, P. Nguyễn Cư Trinh, Q.1	10.7650467	106.6904851			Hồ Chí Minh
PGD CHU LAI	218 Phạm Văn Đồng, Thị trấn Núi Thành, Huyện Núi Thành, Tỉnh Quảng Nam	15.43609056	108.6437355			Quảng Nam
PGD CHƠN THÀNH	9, Tổ 2, Khu phố 3, Thị trấn Chơn Thành, Huyện Chơn Thành, Bình Phước	11.1548085	106.5935987			Quảng Nam
PGD CHỢ KHU SÁU	308 Nguyễn Thái Học, P. Ngô Mây, TP. Quy Nhơn	13.7679241	109.2165235			Bình Định
PGD CHỢ ĐẦM	33, Lê Lợi, P. Xương Huân, TP. Nha Trang	12.2536045	109.1929717			Khánh Hòa
PGD CHÂU THÀNH A	633A Quốc lộ 1A, Ấp Tân Phú A, TT. Cái Tắc, H. Châu Thành A, T. Hậu Giang	9.9238807	105.7254114			Hậu Giang
PGD CHÂU PHÚ	113 Quốc lộ 1, Ấp Bình Hòa, Thị trấn Cái Dầu, Huyện Châu Phú, Tỉnh An Giang	10.7212336745047	105.119399916485			An Giang
PGD CHÂU ĐỨC	305 Hùng Vương, Tổ 04, KP.2, TT. Ngãi Giao, H. Châu Đức, Bà Rịa - Vũng Tàu	10.6483125	107.2459907			Bà Rịa - Vũng Tàu
PGD CHÂU ĐỐC	45 Quang Trung, Phường Châu Phú B, TP.Châu Đốc, Tỉnh An Giang	10.6810551	105.1083542			An Giang
PGD CHÁNH HƯNG	370 - 372 Phạm Hùng, Phường 5, Quận 8, TP.HCM	10.7367832	106.6711995			Hồ Chí Minh
PGD CẦU VỒNG	215 Ông Ích Khiêm, Phường Hải Châu 2, Quận Hải Châu, TP.Đà Nẵng	16.06823	108.213716			Đà Nẵng
PGD CÁT LÁI	354 - 356, Nguyễn Thị Định, P. Thạnh Mỹ Lợi, Q. 2	10.78243	106.7596301			Hồ Chí Minh
PGD CAO LÃNH	55, Đặng Văn Bình, P.1, TP. Cao Lãnh	10.4608691	105.6317865			Đồng Tháp
PGD CAM RANH	152 Đường 22 tháng 8, Phường Cam Linh, Thành phố Cam Ranh, Tỉnh Khánh Hòa	11.9128298	109.1504084			Khánh Hòa
PGD CẨM PHẢ	214J-214I Trần Phú, Phường Cẩm Thành, TP.Cẩm Phả, Tỉnh Quảng Ninh	21.01325790876422	107.28070558381542			Quảng Ninh
PGD CAI LẬY	497 - 499 Quốc lộ 1A, Khu phố 1, Phường 5, Thị xã Cai Lậy, Tỉnh Tiền Giang	10.804534210589567	106.59878623952946			Tiền Giang
PGD BUÔN MA THUỘT	238 - 240 Nguyễn Tất Thành, P. Tân Lập, Thành Phố Buôn Ma Thuột, Đắk Lắk	12.691067324801802	108.0616897548873			Đắk Lắk
PGD BUÔN HỒ	520 - 522 Hùng Vương, Phường An Bình, Thị xã Buôn Hồ, Tỉnh ĐăkLăk	12.910552951808894	108.2663098972163			Đắk Lắk
PGD BÙI ĐÌNH TÚY	61 Bùi Đình Túy, Phường 24, Quận Bình Thạnh, TP.HCM	10.8082641	106.7079125			Hồ Chí Minh
PGD BỒNG SƠN	196A-196B Quang Trung, Thị trấn Bồng Sơn, Hoài Nhơn, Bình Định	14.433482	109.0174825			Bình Định
PGD BÌNH TRƯNG	399, Nguyễn Duy Trinh, phường Bình Trưng Tây, Q. 2	10.7881018	106.7751177			Hồ Chí Minh
PGD BÌNH TRIỆU	200, Quốc lộ 13, P. Hiệp Bình Chánh, Q. Thủ Đức	10.8312818	106.7143595			Hồ Chí Minh
PGD BÌNH TRỊ ĐÔNG	246, Vành Đai Trong, KP3, P. Bình Trị Đông B, Q. Bình Tân	10.7504537	106.6154222			Hồ Chí Minh
PGD BÌNH TIÊN	269 - 271, Bình Tiên, P. 8, Q. 6	10.745811	106.642656			Hồ Chí Minh
PGD BÌNH TÂN	666 - 668 Tỉnh lộ 10, Khu phố 16, Phường Bình Trị Đông, Quận Bình Tân, TP.HCM	10.7581886	106.6135292			Hồ Chí Minh
PGD BÌNH PHÚ	56B Bình Phú, Phường 11, Quận 6, TP.HCM	10.746577036366928	106.63132482603801			Hồ Chí Minh
PGD BÌNH MINH	78A Nguyễn Văn Thảnh, Phường Cái Vồn, Thị xã Bình Minh, Vĩnh Long	10.066714	105.821195			Vĩnh Long
PGD BÌNH LONG	134-136-138 Nguyễn Huệ, Khu phố Phú Nghĩa, Phường Phú Đức, Thị xã Bình Long, Bình Phước	11.6502911	106.6080377			Bình Phước
PGD BÌNH HÒA	256 Nơ Trang Long, Phường 12, Quận Bình Thạnh, TP.HCM	10.814124390270074	106.69788888371103			Hồ Chí Minh
PGD BÌNH GIANG	Khu đô thị Tây Bắc, Xã Tráng Liệt, Huyện Bình Giang, Tỉnh Hải Dương	21.7552231046892	103.914011077945			Hải Dương
PGD BÌNH ĐĂNG	282-284 Liên Tỉnh 05, Phường 06, Quận 08, TP.HCM	10.7342656	106.6560469			Hồ Chí Minh
PGD BÌNH CHÁNH	A11/11, Quốc lộ 1A, Ấp 1, Xã Bình Chánh, Huyện Bình Chánh, TP.HCM	10.6649321	106.5695809			Hồ Chí Minh
PGD BỈM SƠN	49 Trần Phú, Phường Ba Đình, Thị xã Bỉm Sơn, Tỉnh Thanh Hóa	20.0841276	105.8595049			Thanh Hóa
PGD BIÊN HÒA	920 Phạm Văn Thuận, Khu phố 1, Phường Tân Mai, TP.Biên Hòa, Tỉnh Đồng Nai	10.9560511	106.8496253			Đồng Nai
PGD BẾN XE MIỀN ĐÔNG	147 Nguyễn Xí, Phường 26, Quận Bình Thạnh, TP.HCM	10.8137453	106.7088501			Hồ Chí Minh
PGD BẾN LỨC	88 - 90 Nguyễn Hữu Thọ, Khu phố 3, Thị trấn Bến Lức, Huyện Bến Lức, Tỉnh Long An	10.639282125205218	106.48746868185587			Long An
PGD BẾN CHƯƠNG DƯƠNG	328 Võ Văn Kiệt, Phường Cô Giang, Quận 1, TP.HCM	10.761603274087882	106.69554495487439			Hồ Chí Minh
PGD BẾN CÁT	352- Đường 30/4- Khu phố 2- Phường Mỹ Phước – Thành phố Bến Cát - Tỉnh Bình Dương	11.152767995260984	106.58973941069526			Bình Dương
PGD BẢY HIỀN	1069 Cách Mạng Tháng Tám, Phường 7 Quận Tân Bình, TP.HCM	10.791676935106361	106.6555045683657			Hồ Chí Minh
PGD BÀU CÁT	253-255-257 Nguyễn Hồng Đào, P.14, QUận Tân Bình	10.7901987	106.6410899			Hồ Chí Minh
PGD BÁT ĐÀN	16A Đường Thành, Phường Cửa Đông, Quận Hoàn Kiếm, TP.Hà Nội	21.0327412808312	105.84640108196163			Hà Nội
PGD BẢO LỘC	400 - 402 - 404 Trần Phú, Phường 1, TP.Bảo Lộc, Tỉnh Lâm Đồng	11.5435393	107.8063126			Lâm Đồng
PGD BÃI CHÁY	2 Tổ 9 khu 9B, Phường Bãi Cháy, TP.Hạ Long	20.9577025	107.0234843			Quảng Ninh
PGD BẠCH ĐẰNG	451 Bạch Đằng, Phường 2, Quận Bình Thạnh, TP.HCM	10.803565224357996	106.70109272603831			Hồ Chí Minh
PGD BẮC HẢI	CC13 Trường Sơn, Phường 15, Quận 10, TP.HCM	10.78257	106.66428			Hồ Chí Minh
PGD BÀ TRIỆU	658 Bà Triệu, Phường Điện Biên, TP.Thanh Hóa, Tỉnh Thanh Hóa	19.8131047	105.7767693			Thanh Hóa
PGD BA TRI	25 Đường 19/5, Khu phố 02, Thị trấn Ba Tri, Huyện Ba Tri, Tỉnh Bến Tre	10.0450287	106.58692			Bến Tre
PGD BÀ RỊA	265 Cách Mạng Tháng 8, Phường Phước Hiệp, TP.Bà Rịa, Tỉnh Bà Rịa Vũng Tàu	10.4875674	107.1917859			Bà Rịa - Vũng Tàu
PGD BA ĐỒN	195 Quang Trung, Khu phố 2, Phường Ba Đồn, Thị xã Ba Đồn, Tỉnh Quảng Bình	17.7567749	106.4300001			Quảng Bình
PGD BA ĐÌNH	Kiot thương mại số TMDV 105 tại tầng 1, tòa nhà B6, Phố Nam Cao, Phường Giảng Võ, Quận Ba Đình, Hà Nội	21.0258248874203	105.822358847198			Hà Nội
PGD BÀ ĐIỂM	19/1 Ấp Trung Lân, Xã Bà Điểm, Huyện Hóc Môn, TP.HCM	10.8430690499247	106.60390452619			Hồ Chí Minh
PGD AYUN PA	165 Lê Hồng Phong, Phường Đoàn Kết, Thị xã AyunPa, Tỉnh Gia Lai	13.4034171692165	108.44231659737			Gia Lai
PGD ÂU CƠ	49 Âu Cơ, Phường Quảng An, Quận Tây Hồ, Hà Nội	21.0609284	105.8326828			Hà Nội
PGD AN THỚI	322B Cách Mạng Tháng 8, Phường Bùi Hữu Nghĩa, Quận Bình Thủy, TP.Cần Thơ	10.060896	105.764308			Cần Thơ
PGD AN SƯƠNG	179 Trường Chinh, Phường Tân Thới Nhất, Quận 12, TP.HCM	10.831950382109769	106.62327958371114			Hồ Chí Minh
PGD AN PHÚ	12 Lương Định Của, Phường An Phú, Quận 2, TP.HCM	10.791293126949373	106.74462789720201			Hồ Chí Minh
PGD AN NHƠN	303 Trần Phú, Phường Bình Định, Tỉnh Bình Định	13.8853308	109.114502			Bình Định
PGD AN LẠC	489 - 491, Kinh Dương Vương, P. An Lạc, Q. Bình Tân	10.7379079	106.6150583			Hồ Chí Minh
PGD AN KHÊ	579 Quang Trung, Thị xã An Khê, Tỉnh Gia Lai	13.9526062098449	108.657950968538			Gia Lai
PGD AN ĐÔNG	321-323 Trần Phú, Phường 8, Quận 5, TP.HCM	10.756481477879559	106.6732476260381			Hồ Chí Minh
PGD AN CỰU	165 Hùng Vương, phường An Cựu, TP Huế	16.456160850220115	107.60057515492157			Thừa Thiên Huế
CN VŨNG TÀU	Lô A3-A8 số 111 Hoàng Hoa Thám - P2 - TP. Vũng Tàu	10.3393239	107.084632			Bà Rịa - Vũng Tàu
CN VSIP 2 - BÌNH DƯƠNG	20A1 Trần Quốc Toản, KCN VSIP II, Phường Hòa Phú, TP. Thủ Dầu Một, Bình Dương	11.0756925072242	106.691659374759			Bình Dương
CN VĨNH PHÚC	251- 253 Đường Mê Linh, P.Liên Bảo, Tp Vĩnh Yên, Tỉnh Vĩnh Phúc	21.314426	105.6077692			Vĩnh Phúc
CN VĨNH LONG	03 Hoàng Thái Hiếu, Phường 1, TP.Vĩnh Long, Tỉnh Vĩnh Long	10.2557365	105.9742725			Vĩnh Long
CN VĂN LANG	01 - 05 Nguyễn Oanh và 01 Quang Trung, Phường 10, Quận Gò Vấp, TP.HCM	10.8266408	106.6790659			Hồ Chí Minh
CN TÙNG THIỆN VƯƠNG	416 - 418 Tùng Thiện Vương, Phường 13, Quận 8, TP.HCM	10.744842103328745	106.65649645487433			Hồ Chí Minh
CN TRẦN KHAI NGUYÊN	1 Bis - 3 An Dương Vương, Phường 8, Quận 5, Tp.HCM	10.7579765	106.6695179			Hồ Chí Minh
CN TRÀ VINH	96 Điện Biên Phủ, Khóm 2, Phường 6, TP.Trà Vinh, Tỉnh Trà Vinh	9.9327628	106.3411237			Trà Vinh
CN TP HỒ CHÍ MINH	480 Nguyễn Thị Minh Khai, Phường 2, Quận 3, TP.HCM	10.7672807511207	106.682817441535			Hồ Chí Minh
CN TIỀN GIANG	139 Nam Kỳ Khởi Nghĩa, Phường 4, TP.Mỹ Tho	10.3598317	106.3618179			Tiền Giang
CN THỦY NGUYÊN	18 Đà Nẵng, Thị trấn Núi Đèo, Huyện Thủy Nguyên, TP.Hải Phòng	20.8589761	106.7056849			Hải Phòng
CN THỦ ĐỨC	145 Đặng Văn Bi, Phường Trường Thọ, Quận Thủ Đức, TP.HCM	10.843971078550924	106.76192935487491			Hồ Chí Minh
CN THANH HÓA	Lô 5 - 6 Phan Chu Trinh, P. Điện Biên, TP Thanh Hóa	19.8118877	105.7742779			Thanh Hóa
CN THĂNG LONG	Số 10 Phan Chu Trinh, Q.Hoàn Kiếm, Hà Nội	21.0227447	105.8562305			Hà Nội
CN THÁI NGUYÊN	70 Hoàng Văn Thụ, TP Thái Nguyên, Tỉnh Thái Nguyên	21.5917861	105.8333105			Thái Nguyên
CN THÁI BÌNH	79A Phố Lê Lợi, tổ 20, Phường Đề Thám, TP Thái Bình, Tỉnh Thái Bình	20.4468458241584	106.338346346791			Thái Bình
CN TÂY SÀI GÒN	E5/5B-E5/5C Khu phố 5, Thị trấn Tân Túc, Huyện Bình Chánh, TP.HCM	10.6962226	106.5931856			Hồ Chí Minh
CN TÂY NINH	448 Đường 30/4, Khu phố 1, Phường 3, TP.Tây Ninh, Tỉnh Tây Ninh	11.321141744413776	106.10126520121794			Tây Ninh
CN TÂN THUẬN	334 Huỳnh Tấn Phát, Phường Bình Thuận, Quận 7, TP.HCM	10.7495357	106.7285724			Hồ Chí Minh
CN TÂN PHÚ	Số 541-543-539/2G đường Lũy Bán Bích, Phường  Phú Thạnh, Quận Tân Phú, TP.HCM	10.777757146460438	106.63428681254707			Hồ Chí Minh
CN TÂN CHÁNH HIỆP	Tầng trệt, Lầu 1 Tòa nhà 248-254 Tô Ký, Phường Tân Chánh Hiệp, Quận 12, TP.HCM	10.8557187	106.6233337			Hồ Chí Minh
CN TÂN BÌNH	29 Lý Thường Kiệt, Phường 7, Quận Tân Bình, TP.HCM	10.787191	106.653695			Hồ Chí Minh
CN SÓC TRĂNG	73-75 Trần Hưng Đạo, Phường 3, TP.Sóc Trăng, Tỉnh Sóc Trăng	9.5982798	105.9720213			Sóc Trăng
CN SÀI GÒN	41 Mạc Đỉnh Chi, Phường Đa Kao, Quận 1, TP.HCM	10.785584	106.698282			Hồ Chí Minh
CN QUẢNG NINH	Ô 01 + 02, Lô BT 01, Khu đô thị Hòn Cặp Bè, Phường Bạch Đằng, TP.Hạ Long, Tỉnh Quảng Ninh	20.9487632394625	107.09433802569038			Quảng Ninh
CN QUẢNG NGÃI	162-164 Lê Trung Đình, Phường Nguyễn Nghiêm, TP.Quảng Ngãi, Tỉnh Quảng Ngãi	15.121770262850964	108.81967706839906			Quảng Ngãi
CN QUẢNG NAM	127-129-131 Phan Chu Trinh, Phường Phước Hòa, TP.Tam Kỳ, Tỉnh Quảng Nam	15.570132	108.4872639			Quảng Nam
CN QUẢNG BÌNH	257 Trần Hưng Đạo, TP. Đồng Hới, Tỉnh Quảng Bình	17.4678131	106.606663			Quảng Bình
CN PHÚ YÊN	206A Trần Hưng Đạo (mặt Nguyễn Trãi), Phường 4, TP.Tuy Hòa, Tỉnh Phú Yên	13.0865825	109.307168			Phú Yên
CN PHÚ THỌ	455 Tô Hiến Thành, Phường 14, Quận 10	10.7742447	106.6621466			Hồ Chí Minh
CN PHÚ LÂM	25 Kinh Dương Vương, Phường 12, Quận 6, TP.HCM	10.752986556361828	106.63340082603807			Hồ Chí Minh
CN PHAN ĐÌNH PHÙNG	51-51A Phan Đình Phùng, Phường 17, Quận Phú Nhuận, TP.HCM	10.7933011	106.684878			Hồ Chí Minh
CN PHAN ĐĂNG LƯU	24B Phan Đăng Lưu, Phường 06, Quận Bình Thạnh, TP.HCM	10.8038454	106.6896092			Hồ Chí Minh
CN ÔNG ÍCH KHIÊM	132 Ông Ích Khiêm, Phường 5, Quận 11, TP.HCM	10.7670035	106.6440976			Hồ Chí Minh
CN NINH THUẬN	225 Ngô Gia Tự, Phường Tấn Tài, TP.Phan Rang, Tỉnh Ninh Thuận	11.567829144597122	108.99522609720671			Ninh Thuận
CN NGUYỄN VĂN TRỖI	23-25 Nguyễn Văn Trỗi, Phường 12, Quận Phú Nhuận, TP.HCM	10.792609	106.680218			Hồ Chí Minh
CN NGHỆ AN	37A Quang Trung, Phường Quang Trung, TP Vinh, tỉnh Nghệ An	18.6692387	105.6740254			Nghệ An
CN NAM SÀI GÒN	27-29 Nguyễn Khắc Viện, Phường Tân Phú, Quận 7, TP.HCM	10.7289111	106.7205277			Hồ Chí Minh
CN NAM ĐỊNH	67 Lê Hồng Phong, Phường Nguyễn Du, TP.Nam Định, Tỉnh Nam Định	20.4274964	106.1780239			Nam Định
CN LONG BIÊN	402 - 404 Nguyễn Văn Cừ, Phường Bồ Đề, Quận Long Biên, Hà Nội	21.0462953748242	105.877056883961			Hà Nội
CN LONG AN	40 Trà Quí Bình, Phường 02, TP.Tân An - Long An	10.5383008	106.4076398			Long Anh
CN LÊ VĂN SỸ	318 Lê Văn Sỹ, Phường 01, Quận Tân Bình, TP.HCM	10.7969707	106.6647815			Hồ Chí Minh
CN LÂM ĐỒNG	61 63 Phan Bội Châu, Phường 1, Đà Lạt	11.944857439493054	108.43774042604558			Lâm Đồng
CN LẠC LONG QUÂN	624 - 626 Lạc Long Quân, Phường 5, Quận 11, TP.HCM	10.7738657	106.6476506			Hồ Chí Minh
CN KON TUM	252 Lê Hồng Phong, Phường Quyết Thắng, TP.Kon Tum, Tỉnh Kon Tum	14.347240303359206	108.00250947024601			Kon Tum
CN KIÊN GIANG	451 Nguyễn Trung Trực, Phường Vĩnh Lạc, TP.Rạch Giá, Tỉnh Kiên Giang	9.993265	105.0951555			Kiên Giang
CN KHÁNH HÒA	80 Quang Trung, Phường Lộc Thọ, TP.Nha Trang, Tỉnh Khánh Hòa	12.2473249	109.1911327			Khánh Hòa
CN HƯNG YÊN	Thị trấn Bản Yên Nhân, Huyện Mỹ Hào, TP.Hưng Yên	20.9455817	106.0434449			Hưng Yên
CN HUẾ	1 Trần Hưng Đạo, Phường Đông Ba, TP.Huế	16.4673982	107.5837615			Thừa Thiên Huế
CN HÒA HƯNG	444A - 446 Cách Mạng Tháng Tám, Phường 11, Quận 3, TP.HCM	10.7839753	106.6700363			Hồ Chí Minh
CN HẬU GIANG	37 - 39 - 41, Đường 1/5, Phường 1, TP.Vị Thanh, Tỉnh Hậu Giang	9.7731921	105.4537082			Hậu Giang
CN HẢI PHÒNG	69 Điện Biên Phủ, Phường Minh Khai, Quận Hồng Bàng, TP.Hải Phòng	20.8615177	106.6836505			Hải Phòng
CN HẢI DƯƠNG	165 Bạch Đằng, P.Trần Phú, TP Hải Dương	20.9373675	106.3318634			Hải Dương
CN HÀ TĨNH	25 Nguyễn Công Trứ, Phường Bắc Hà, TP.Hà Tĩnh, Tỉnh Hà Tĩnh	18.3405437	105.9032142			Hà Tĩnh
CN HÀ THÀNH	Tầng 2 + 3 tòa nhà Báo sinh viên, khu đô thị mới Cầu Giấy, Đường Trần Thái Tông, P. Yên Hòa, Q. Cầu Giấy, Hà Nội	21.0257963	105.7878125			Hà Nội
CN HÀ NỘI	184 - 186 Bà Triệu, Phường Nguyễn Du, Quận Hai Bà Trưng, TP.Hà Nội	21.016071	105.8491329			Hà Nội
CN HÀ NAM	22D Biên Hòa, Phường Minh Khai, TP.Phủ Lý	20.544542569472814	105.91402709729981			Hà Nam
CN GIA LAI	38 - 40 Trần Phú, Phường Tây Sơn, Tp. Pleiku, Tỉnh Gia Lai	13.978146890674486	107.99738108373387			Gia Lai
CN DUYÊN HẢI	15 Hoàng Diệu, Phường Minh Khai, Quận Hồng Bàng, Hải Phòng	20.86421	106.684483			Hải Phòng
CN ĐỒNG THÁP	352 Nguyễn Sinh Sắc, Phường 1, TP Sa Đéc, Tỉnh Đồng Tháp	10.290548055250866	105.76419669719917			Đồng Tháp
CN ĐÔNG SÀI GÒN	204 - 206 Trần Não, Phường Bình An, Quận 2, TP.HCM	10.7898625	106.7298741			Hồ Chí Minh
CN ĐỒNG NAI	220 Hà Huy Giáp, Khu phố 1, Phường Trung Dũng, TP.Biên Hòa	10.95045502798981	106.82240128371177			Đồng Nai
CN ĐÔNG ĐÔ	GH01 và GH02 tại Tầng 1, Tầng 2, Tòa nhà Gold Tower, Dự án Trung tâm Thương mại - Dịch vụ, Nhà ở Golden Land Building, số 275 Đường Nguyễn Trãi, Phường Thanh Xuân Trung, Quận Thanh Xuân, TP Hà Nội	20.9939375	105.8069734			Hà Nội
CN DAKLAK	152-154-156 Y Jut, Phường Thắng Lợi, TP.Buôn Ma Thuột, Tỉnh DakLak	12.6830206	108.0429119			Đăk Lăk
CN ĐÀ NẴNG	218 Bạch Đằng, Phường Phước Ninh, Quận Hải Châu, TP.Đà Nẵng	16.0647102	108.2239101			Đà Nẵng
CN CỦ CHI	863 quốc lộ 22, Thị trấn Củ Chi , Huyện Củ Chi, TP.HCM	10.970961	106.4818445			Hồ Chí Minh
CN CỘNG HÒA	463-465 Cộng Hòa, Phường 15, Quận Tân Bình, TP.HCM	10.8055591	106.6364765			Hồ Chí Minh
CN CHỢ LỚN	747 Hồng Bàng, Phường 6, Quận 6, TP.HCM	10.7537634	106.6453968			Hồ Chí Minh
CN CHÂU VĂN LIÊM	103 - 105 Châu Văn Liêm, Phường 14, Quận 5, TP.HCM	10.75343127752085	106.65837936836544			Hồ Chí Minh
CN CẦN THƠ	41-41B-41C Đường 30/4, Phường An Lạc, Quận Ninh Kiều, TP.Cần Thơ	10.030158676579031	105.78071365487037			Cần Thơ
CN CÀ MAU	3A Hùng Vương, Phường 7, TP.Cà Mau	9.1743573	105.1492318			Cà Mau
CN BÌNH THUẬN	152 Trần Hưng Đạo, Phường Phú Thủy, TP.Phan Thiết, Tỉnh Bình Thuận	10.933215	108.1040069			Bình Thuận
CN BÌNH THẠNH	63A Điện Biên Phủ, Phường 15, Quận Bình Thạnh, TP.HCM	10.795703	106.702124			Hồ Chí Minh
CN BÌNH TÂY	47 - 49 Hậu Giang, Phường 2, Quận 6, TP.HCM	10.749393	106.647977			Hồ Chí Minh
CN BÌNH PHƯỚC	800 Phú Riềng Đỏ, Khu phố Tân Tiến, Phường Tân Xuân, TP.Đồng Xoài, Tỉnh Bình Phước.	11.5299964	106.8956814			Bình Phước
CN BÌNH DƯƠNG	332 Đại lộ Bình Dương, Khu 1, Phường Phú Hòa, TP.Thủ Dầu Một, Tỉnh Bình Dương	10.983222818408928	106.66677905487569			Bình Dương
CN BÌNH ĐỊNH	173-175 Lê Hồng Phong, Phường Lê Hồng Phong, TP.Quy Nhơn, Tỉnh Bình Định	13.7733466	109.2278278			Bình Định
CN BẾN TRE	8/2 Trần Quốc Tuấn, Phường 04, TP.Bến Tre, Tỉnh Bến Tre	10.238593846607113	106.37680262603513			Bến Tre
CN BẾN THÀNH	96 Lý Tự Trọng, Phường Bến Thành, Quận 1, TP.HCM	10.7742268	106.6973258			Hồ Chí Minh
CN BẮC NINH	201 - 203 - 205 Trần Phú, P. Đông Ngàn, TX. Từ Sơn, Bắc Ninh	21.1176595	105.9592606			Bắc Ninh
CN BẠC LIÊU	256 Trần Phú, Khóm 5, Phường 7, TP.Bạc Liêu, Tỉnh Bạc Liêu	9.295430796963409	105.72161792603053			Bạc Liêu
CN BẮC GIANG	1 Nguyễn Văn Cừ, TP.Bắc Giang, Tỉnh Bắc Giang	21.27907597280225	106.19384402614673			Bắc Giang
CN BA THÁNG HAI	590 Ba Tháng Hai, Phường 14, Quận 10, TP.HCM	10.7652866	106.6626258			Hồ Chí Minh
CN AN GIANG	09 Trần Hưng Đạo, Phường Mỹ Xuyên, TP.Long Xuyên, An Giang	10.3586748	105.4552536			An Giang