name	address	latitude	longitude	phone	workingTime	province	point
PGD Hồng Tiến	319 phố Hồng Tiến, chung cư HC Golden, phường Bồ Đề, quận Long Biên, TP Hà Nội	21.039083730824014	105.87678755484126	02439233362	Thứ 2 - Sáng thứ 7	Hà Nội	100
PGD Giảng Võ	Tòa nhà The Golden Armor, B6 Giảng Võ, quận Ba Đình, thành phố Hà Nội	21.02948243523946	105.82125155746684	02437711620	Thứ 2 – Sáng thứ 7	Hà Nội	100
CHI NHÁNH SỞ GIAO DỊCH	Tầng 1 và tầng 3 tòa nhà VIREX số 33 Bà Triệu, phường Hàng Bài, quận Hoàn Kiếm, thanh phố Hà Nội.	21.023329	105.850936	02439454600	Thứ 2 – Sáng thứ 7	Hà Nội	100
PGD Times City	Căn Shophouse SH-15, Tòa nhà Century Tower, số 458 đường Minh Khai, phường Vĩnh Tuy, quận Hai Bà Trưng, thành phố Hà Nội	20.996828	105.868678	02436249903	Thứ 2 – Sáng thứ 7	Hà Nội	100
PGD Bà Triệu	165 phố Bà Triệu, phường Lê Đại Hành, quận Hai Bà Trưng, thành phố Hà Nội	21.013682	105.8489365	02439448050	Thứ 2 – Sáng thứ 7	Hà Nội	100
PGD Trần Khát Chân	Tầng 1+2 số 536 phố Trần Khát Chân, phường Phố Huế, quận Hai Bà Trưng, thành Phố Hà Nội.	21.0087614648043	105.852469882278	02436285363	Thứ 2 – Sáng thứ 7	Hà Nội	100
PGD Lạc Trung	102-104 phố Lạc Trung, phường Vĩnh Tuy, quận Hai Bà Trưng, thành phố Hà Nội.	21.003148580185	105.864058344844	02439878848	Thứ 2 – Sáng thứ 7	Hà Nội	100
PGD Phố Huế	Tầng 1 và tầng lửng, số 166 Phố Huế, phường Ngô Thị Nhậm, quận Hai Bà Trưng, thành phố Hà Nội.	21.0147628809501	105.85159531779	2439766593	Thứ 2 – Sáng thứ 7	Hà Nội	100
PGD Nguyễn Du	57 Quang Trung, phường Nguyễn Du, quân Hai Bà Trưng, thành phố Hà Nội.	21.0180778563202	105.847398588955	02439454496	Thứ 2 – Sáng thứ 7	Hà Nội	100
PGD Phan Chu Trinh	Số 39 phố Phan Chu Trinh, phường Phan Chu Trinh, quận Hoàn Kiếm, thành phố Hà Nội.	21.0195975	105.8558893	02439332299	Thứ 2 – Sáng thứ 7	Hà Nội	100
PGD Nhân Hòa	Số 116 Vũ Trọng Phụng, phường Thanh Xuân Trung, quận Thanh Xuân, thành phố Hà Nội.	21.0011104483249	105.807078519014	02436285774	Thứ 2 – Sáng thứ 7	Hà Nội	100
PGD Kim Đồng	Số 49 phố Kim Đồng, phường Giáp Bát, quận Hoàng Mai, thành phố Hà Nội.	20.983893	105.843519	02436686025	Thứ 2 – Sáng thứ 7	Hà Nội	100
PGD Vương Thừa Vũ	Tầng 1 và tầng 2, nhà số 70 phố  Vương Thừa Vũ, phường Khương Trung, quận Thanh Xuân, thành phố Hà Nội.	20.999275	105.822126	02435667318	Thứ 2 – Sáng thứ 7	Hà Nội	100
PGD Định Công	Nhà ô số 3, Dãy A, Lô 5, Khu đô thị mới Định Công, phường Định Công, quận Hoàng Mai, thành phố Hà Nội.	20.988619529742	105.830633754933	02436404910	Thứ 2 – Sáng thứ 7	Hà Nội	100
PGD Bắc Linh Đàm	Lô TT6 dãy M3-Ô số 9A Bắc Linh Đàm, phường Đại Kim, quận Hoàng Mai, thành phố Hà Nội.	20.969665169992	105.829690788217	02435400551	Thứ 2 – Sáng thứ 7	Hà Nội	100
PGD Hoàng Mai	Số 68 Đường Hồ Điều Hòa, Đền Lừ 2, phường Hoàng Văn Thụ, quận Hoàng Mai, thành phố Hà Nội (Địa chỉ giấy tờ: Số 12 lô C, dự án Khu nhà ở Ao Ông Hải, Hoàng Mai, Hà Nội)	20.986604	105.854945	02435400551	Thứ 2 – Sáng thứ 7	Hà Nội	100
PGD Phương Liệt	Số 262 phố Vọng, phường Phương Liệt, quận Thanh Xuân, thành phố Hà Nội	20.9940240060939	105.841964999999	02462782369	Thứ 2 – Sáng thứ 7	Hà Nội	100
PGD Hoàng Liệt	Ki-ốt số 02, tầng 1, chung cư nhà Nơ 6A, khu bán đảo Linh Đàm, quận Hoàng Mai, thành phố Hà Nội.	20.9642112997553	105.83227182209	02436417643	Thứ 2 – Sáng thứ 7	Hà Nội	100
CHI NHÁNH HÀ NỘI	Số 71 Hai Bà Trưng, phường Cửa Nam, quận Hoàn Kiếm, thành phố Hà Nội.	21.027154	105.842982	02438226060	Thứ 2 – Sáng thứ 7	Hà Nội	100
PGD Đội Cấn	Số 101 Văn Cao, phường Liễu Giai, quận Ba Đình, thành phố Hà Nội.	21.0388581562732	105.815789728836	02437622174	Thứ 2 – Sáng thứ 7	Hà Nội	100
PGD Kim Mã	Toàn bộ diện tích tầng 1, tầng 2 của ngôi nhà 7 tầng tại số nhà 561 Kim Mã, phường Ngọc Khánh, quận Ba Đình, thành phố Hà Nội.	21.029623223593	105.809857810433	02437711620	Thứ 2 – Sáng thứ 7	Hà Nội	100
PGD Thủ Đô	Một phần diện tích tầng 1, 249A đường Thụy Khuê, phường Thụy Khuê, quận Tây Hồ, thành phố Hà Nội	21.043215595089	105.816419459238	02437152943	Thứ 2 – Sáng thứ 7	Hà Nội	100
PGD Hoàng Hoa Thám	Toàn bộ diện tích tầng lửng của ngôi nhà tại địa chỉ số 557, 559A đường Hoàng Hoa Thám, phường Vĩnh Phúc, quận Ba Đình, thành phố Hà Nội.	21.045491	105.811711	02437617684	Thứ 2 – Sáng thứ 7	Hà Nội	100
PGD Cửa Nam	Số 48 Phùng Hưng, phường Hàng Bông, quận Hoàn Kiếm, thành phố Hà Nội	21.0292510927893	105.844455371022	02437606085	Thứ 2 – Sáng thứ 7	Hà Nội	100
PGD Hồ Gươm	Toàn bộ diện tích tầng 1 và tầng 2 của ngôi nhà 7 tầng tại địa chỉ số 06 Hàng Trống, phường Hàng Trống, quận Hoàn Kiếm, thành phố Hà Nội. 	21.0312076023802	105.84915660323	02439263969	Thứ 2 – Sáng thứ 7	Hà Nội	100
PGD Tây Hồ Tây	Số 06, tòa nhà N03-T3, khu đoàn ngoại giao, phường Xuân Tảo, quận Bắc Từ Liêm, thành phố Hà Nội	21.0661445292927	105.79820137182	02437918352	Thứ 2 – Sáng thứ 7	Hà Nội	100
PGD Phố Cổ	Tầng 1, số nhà 48 Nguyễn Thiếp, phường Đồng Xuân, quận Hoàn Kiếm, thành phố Hà Nội.	21.039909	105.849511	02462945645	Thứ 2 – Sáng thứ 7	Hà Nội	100
PGD Hàng Da	Số 30 phố Đường Thành, phường Cửa Đông, quận Hoàn Kiếm, thành phố Hà Nội.	21.031175518426	105.846959072138	02439381072	Thứ 2 – Sáng thứ 7	Hà Nội	100
PGD Hàng Đậu	Tầng 1+2, số 16 Nguyễn Trường Tộ, phường Nguyễn Trung Trực, quận Ba Đình, thành phố Hà Nội.	21.0423391914365	105.84512335581	02437347926	Thứ 2 – Sáng thứ 7	Hà Nội	100
PGD Lý Thái Tổ	Số 10 Hàng Vôi, phường Lý Thái Tổ, quận Hoàn Kiếm, thành phố Hà Nội	21.0310301161839	105.8559392501	02439368955	Thứ 2 – Sáng thứ 7	Hà Nội	100
PGD Đồng Xuân	Tầng 1, số 35 Hàng Chiếu, phường Đồng Xuân, quận Hoàn Kiếm, thành phố Hà Nội	21.0371532715611	105.85142764016	02439290515	Thứ 2 – Sáng thứ 7	Hà Nội	100
CHI NHÁNH ĐỐNG ĐA	Số 47A Huỳnh Thúc Kháng, phường Láng Hạ, quận Đống Đa, thành phố Hà Nội	21.0187074002346	105.810296861503	02437736666	Thứ 2 – Sáng thứ 7	Hà Nội	100
PGD Kim Liên	Kios số 3 và 4, tầng 1, tòa nhà B4 Kim Liên, phường Kim Liên, quận Đống Đa, thành phố Hà Nội	21.0113927491745	105.83644414683	02435737657	Thứ 2 – Sáng thứ 7	Hà Nội	100
PGD Hào Nam	Số 83 phố Hào Nam, phường Ô Chợ Dừa, quận Đống Đa, thành phố Hà Nội	21.0257589	105.8239822	02435132452	Thứ 2 – Sáng thứ 7	Hà Nội	100
PGD Đông Đô	Số 07, đường Chùa Bộc, phường Quang Trung, quận Đống Đa, thành phố Hà Nội.	21.0257589	105.8239822	0243574 6396	Thứ 2 – Sáng thứ 7	Hà Nội	100
PGD Láng Hạ	Tầng 1, tòa tháp A, tòa nhà Sky Tower, 88 Láng Hạ, quận Đống Đa, thành phố Hà Nội	21.0124908635409	105.8112604343	02432484202	Thứ 2 – Sáng thứ 7	Hà Nội	100
PGD Vạn Phúc	Thửa CUTM6-15/16/17 Dự án làng nghề dệt lụa Vạn Phúc, phường Vạn Phúc, quận Hà Đông, TP Hà Nội	20.984139663860677	105.77433322628768	02433523712 	Thứ 2 – Sáng thứ 7	Hà Nội	100
PGD Hoàng Cầu	Số 65 phố Hoàng Cầu, phường Ô Chợ Dừa, quận Đống Đa, thành phố Hà Nội	21.0165300393101	105.82403718359	02435380994	Thứ 2 – Sáng thứ 7	Hà Nội	100
PGD Nguyễn Chí Thanh	Số 95 Nguyễn Chí Thanh, phường Láng Thượng, quận Đống Đa, thành phố Hà Nội.	21.0190583427011	105.80800825377	02437739533	Thứ 2 – Sáng thứ 7	Hà Nội	100
PGD Hùng Vương 	Số 54A đường Nguyễn Chí Thanh, phường Láng Thượng, quận Đống Đa, thành phố Hà Nội.	21.0233669616882	105.8096772785	02437332828	Thứ 2 – Sáng thứ 7	Hà Nội	100
PGD Thái Thịnh	Số 110 Thái Thịnh, phường Trung Liệt, quận Đống Đa, thành phố Hà Nội.	21.0098	105.8191	02435381018	Thứ 2 – Sáng thứ 7	Hà Nội	100
CHI NHÁNH THANH XUÂN	Tầng 1, Tòa nhà A, Nguyễn Tuân, quận Thanh Xuân, thành phố Hà Nội.	21.0001590071295	105.80246665529	02435574123	Thứ 2 – Sáng thứ 7	Hà Nội	100
PGD Thanh Xuân Nam	Số 47 Nguyễn Tuân, phường Thanh Xuân Trung, quận Thanh Xuân, thành phố Hà Nội	20.9962324	105.8041999	02435682098	Thứ 2 – Sáng thứ 7	Hà Nội	100
PGD Trung Yên	Số 70 Vũ Phạm Hàm, phường Yên Hòa, quận Cầu Giấy, thành phố Hà Nội.	21.0160688140882	105.79801393121	02437868176	Thứ 2 – Sáng thứ 7	Hà Nội	100
PGD Hà Đông	Một phần mặt bằng tại tầng 1, tòa nhà Machinco – số 10 Trần Phú, phường Mộ Lao, quận Hà Đông, TP Hà Nội	20.98353055951245	105.7913795620453	02433554946	Thứ 2 – Sáng thứ 7	Hà Nội	100
PGD Xa La	Số 6, biệt thự 8, khu đô thị mới Xa La, phường Phúc La, quận Hà Đông, thành phố Hà Nội	20.96275	105.792417	02433115898	Thứ 2 – Sáng thứ 7	Hà Nội	100
PGD Văn Quán	Địa chỉ theo hợp đồng: Khối Trần Phú 1, phường Văn Quán, Hà Đông, Hà Nội (Số 60 đường Nguyễn Khuyến, phường Văn Quán, quận Hà Đông, thành phố Hà Nội)	20.9774129865367	105.78842903935	02433541688	Thứ 2 – Sáng thứ 7	Hà Nội	100
PGD Văn Khê	Căn hộ số 102 nhà CT2, khu nhà ở Văn Khê, quận Hà Đông, thành phố Hà Nội	20.9745689910316	105.763261999999	02463251724	Thứ 2 – Sáng thứ 7	Hà Nội	100
PGD Hoàng Văn Thái	Một phần mặt bằng tầng hầm và toàn bộ mặt bằng tầng 1,2,3 tòa nhà 108 Lê Trọng Tấn, phường Khương Mai, quận Thanh Xuân, thành phố Hà Nội.	20.9972853336125	105.82948190588	02438736531	Thứ 2 – Sáng thứ 7	Hà Nội	100
PGD Văn Phú	Ki ốt số SH24, SH25, tầng 1+2, khu hỗn hợp dich vụ kết hợp chung cư cao tầng H-CT2 thuộc dự án đầu tư xây dựng khu nhà ở Hi Brand tại địa chỉ: Khu đô thị mới Văn Phú, phường Phú La, quận Hà Đông, thành phố Hà Nội	20.9593751618127	105.767188937	02439431666	Thứ 2 – Sáng thứ 7	Hà Nội	100
PGD Lê Văn Lương	Một phần tầng 1, Số 23 đường Lê Văn Lương, tòa nhà StarCity, phường Nhân Chính, quận Thanh Xuân, thành phố Hà Nội.	21.0061929593136	105.8064498328	02435544928	Thứ 2 – Sáng thứ 7	Hà Nội	100
CHI NHÁNH CẦU GIẤY	Tầng 1 và tầng 5 số 87 phố Trần Thái Tông, phường Dịch Vọng, quận Cầu Giấy, thành phố Hà Nội.	21.031933721317	105.78865553761	02437958200	Thứ 2 – Sáng thứ 7	Hà Nội	100
PGD Thăng Long	Tầng 1&2 của ngôi nhà tại tổ 27 cụm 4 phường Xuân La, quận Tây Hồ, thành phố Hà Nội (cũ Số 668, đường Lạc Long Quân, phường Nhật Tân, Tây Hồ, HN)	21.0652737884043	105.809867239	02437184466	Thứ 2 – Sáng thứ 7	Hà Nội	100
PGD GoldMark	R4B - Goldmark City,136 Hồ Tùng Mậu, phường Phú Diễn, quận Bắc Từ Liêm, thành phố Hà Nội	21.042907104934763	105.76781106332447	02437632432	Thứ 2 – Sáng thứ 7	Hà Nội	100
PGD Hà Thành	Tổ 34 cụm 5 phường Xuân La, Xuân Đỉnh, Tây Hồ, HN (Số 38 Xuân La, quận Tây Hồ)	21.0675	105.8037	024393870380	Thứ 2 – Sáng thứ 7	Hà Nội	100
PGD Tràng An	Số 43 đường Nguyễn Văn Huyên, tổ 22, phường Quan Hoa, quận Cầu Giấy, thành phố Hà Nội (Cũ Số 253 Cầu Giấy, phường Dịch Vọng, Cầu Giấy, HN)	21.035585530061	105.79791176686	02437675229 	Thứ 2 – Sáng thứ 7	Hà Nội	100
PGD Nguyễn Khánh Toàn	Phòng 101-201, B1 DN14, khu đất số 2,khu đô thị Nghĩa Đô-Dịch Vọng, phường Quan Hoa, Cầu Giấy, HN	21.0379540145629	105.7970330833	02438336969	Thứ 2 – Sáng thứ 7	Hà Nội	100
PGD Phan Văn Trường 	Số 119 Phan Văn Trường, P. Dịch Vọng Hậu, quận Cầu Giấy, HN	21.040678	105.786187	02462873766	Thứ 2 – Sáng thứ 7	Hà Nội	100
PGD Mỹ Đình	căn B1-01 Vinhomes Gardenia, phường Hàm Nghi, quận Nam Từ Liêm, thành phố Hà Nội	21.036826200102634	105.75961455658785	02462872954	Thứ 2 – Sáng thứ 7	Hà Nội	100
PGD Mễ Trì	Kiot số 5, chung cư CT4, Mỹ Đình, quận Nam Từ Liêm, thành phố Hà Nội.	21.0167482767938	105.7800173644	02437878253	Thứ 2 – Sáng thứ 7	Hà Nội	100
PGD Sơn Tây	Một phần tầng 1 và tầng 4 của tòa nhà Thương mại tại địa chỉ số 6 Trưng Vương, phường Lê Lợi, thị xã Sơn Tây, thành phố Hà Nội.	21.1418120090105	105.50840120208	02433618457	Thứ 2 – Sáng thứ 7	Hà Nội	100
PGD Hoàng Quốc Việt	Số 36C đường Hoàng Quốc Việt, phường Nghĩa Đô, quận Cầu Giấy, thành phố Hà Nội	21.0463845382972	105.7978868468	02437916686	Thứ 2 – Sáng thứ 7	Hà Nội	100
CHI NHÁNH LONG BIÊN	Số 550 đường Nguyễn Văn Cừ, phường Gia Thụy, quận Long Biên, thành phố Hà Nội.	21.04859702543	105.8821060649	02438736172	Thứ 2 – Sáng thứ 7	Hà Nội	100
PGD Đức Giang	Số 79 Ngô Gia Tự, phường Đức Giang, quận Long Biên, thành phố Hà Nội	21.0578534491336	105.8901151245	02436524180	Thứ 2 – Sáng thứ 7	Hà Nội	100
PGD Hà Huy Tập	Số 407+409 Hà Huy Tập, thị trấn Yên Viên, huyện Gia Lâm, thành phố Hà Nội	21.0886278963963	105.9204142565	02436893373	Thứ 2 – Sáng thứ 7	Hà Nội	100
PGD Việt Hưng	Căn hộ 106&108, nhà K11, khu đô thị mới Việt Hưng, phường Giang Biên, quận Long Biên, thành phố Hà Nội.	21.0644287848474	105.90822184042	02436574415	Thứ 2 – Sáng thứ 7	Hà Nội	100
PGD Phù Lỗ 	Số 1A phố Chợ Phù Lỗ, xã Phù Lỗ, huyện Sóc Sơn, thành phố Hà Nội. 	21.2007058646697	105.84862538871	02462800835	Thứ 2 – Sáng thứ 7	Hà Nội	100
PGD Ninh Hiệp	Thôn 7, xã Ninh Hiệp, huyện Gia Lâm, thành phố Hà Nội	21.077772	105.941679	02438760428 	Thứ 2 – Sáng thứ 7	Hà Nội	100
PGD Nội Bài	Vị trí số 1-W05K5-1, nhà Ga T2 Cảng Hàng không quốc tế Nội Bài, xã Phú Cường, huyện Sóc Sơn, thành phố Hà Nội.	21.2173274459723	105.7925228182	02435876559 	24/7	Hà Nội	100
PGD Ngọc Lâm  	Số 167 Ngọc Lâm,phường Ngọc Lâm, quận Long Biên, thành phố Hà Nội (cũ là 170 Trần Duy Hưng, Q Cầu Giấy, HN )	21.0463287745995	105.870782144541	02435574123	Thứ 2 – Sáng thứ 7	Hà Nội	100
PGD Đông Anh	Tổ 6, thị trấn Đông Anh, huyện Đông Anh, thành phố Hà Nội.	21.14	105.845	02439656138	Thứ 2 – Sáng thứ 7	Hà Nội	100
CHI NHÁNH HƯNG YÊN	Số 124 đường Nguyễn Thiện Thuật, phường Bần Yên Nhân, thị xã Mỹ Hào, tỉnh Hưng Yên	20.9395394968126	106.05891409272	02213768186	Thứ 2 – Sáng thứ 7	Hưng Yên	100
CHI NHÁNH BẠC LIÊU	B11-B13 lô B (TT Thương mại) đường Nội Bộ, tổ 1, phường 03, thành phố Bạc Liêu, tỉnh Bạc Liêu	9.28714627983791	105.7222611096	02917306688	Thứ 2 – Sáng thứ 7	Bạc Liêu	100
CHI NHÁNH HỒ CHÍ MINH	Tầng 1, Tòa nhà TNR, số 180-192 Nguyễn Công Trứ, quận 1, thành phố Hồ Chí Minh	10.7687477062831	106.701126623925	02838222177	Thứ 2 – Sáng thứ 7	Hồ Chí Minh	100
PGD Lê Văn Việt	Căn A6, A7, A8 Khu A, Dự án Saigon Villas Hill, số 99 đường Lê Văn Việt, phường Tăng Nhơn Phú A, TP.Thủ Đức, TP.Hồ Chí Minh	10.843604966859287	106.7938328407986	02837305787	Thứ 2 – Sáng thứ 7	Hồ Chí Minh	100
PGD Khánh Hội	Số 166 Khánh Hội, phường 6, quận 4, thành phố Hồ Chí Minh.	10.75797	106.699899	02839413936	Thứ 2 – Sáng thứ 7	Hồ Chí Minh	100
PGD Thảo Điền	Gian hàng số L1-23-24-25, Tầng 1, Khu trung tâm thương mại Pearl Center, Tòa nhà Thảo Điền Pearl, số 12 đường Quốc Hương, Phường Thảo Điền, Thành phố Thủ Đức, Thành phố Hồ Chí Minh	10.8021347632812	106.734114528108	02873006556	Thứ 2 – Sáng thứ 7	Hồ Chí Minh	100
PGD Bình Thạnh	Một phần diện tích phía trước tầng trệt, lầu 1 căn nhà tại địa chỉ 176 D1, phường 25, quận Bình Thạnh, thành phố Hồ Chí Minh.	10.803525113649	106.72133588679	02835121092	Thứ 2 – Sáng thứ 7	Hồ Chí Minh	100
PGD Quận 7	Số 330 Nguyễn Thị Thập, khu phố 1, phường Tân Quy, quận 7, thành phố Hồ Chí Minh	10.7386473181096	106.71305722491	02837753091	Thứ 2 – Sáng thứ 7	Hồ Chí Minh	100
PGD YoKo	Một phần diện tích phía trước tầng trệt tòa nhà Bitexco Nam Long Office Building, số 63A đường Võ Văn Tần, phường 6, quận 3, thành phố Hồ Chí Minh.	10.7774735030228	106.6912377999	02838238840	Thứ 2 – Sáng thứ 7	Hồ Chí Minh	100
PGD Mỹ Toàn	Số 1028 Nguyễn Văn Linh (khu Sky Garden 1-R1-1), khu phố 3 phường Tân Phong, quận 7, thành phố Hồ Chí Minh.	10.7291721	106.7056264	02873005898	Thứ 2 – Sáng thứ 7	Hồ Chí Minh	100
PGD Thủ Đức	Số 153 Đặng Văn Bi, KP5, phường Trường Thọ, thành phố Thủ Đức, thành phố Hồ Chí Minh	10.844881318580413	106.76166863604043	02837204279	Thứ 2 – Sáng thứ 7	Hồ Chí Minh	100
PGD Thị Nghè	Số 194 Xô Viết Nghệ Tĩnh, phường 21, quận Bình Thạnh, thành phố Hồ Chí Minh 	10.7979749030287	106.711077	02835144803	Thứ 2 – Sáng thứ 7	Hồ Chí Minh	100
PGD Nguyễn Sơn	Số 305 Nguyễn Sơn, phường Phú Thạnh, quận Tân Phú, thành phố Hồ Chí Minh.	10.7839275727059	106.622734860118	028950 8790	Thứ 2 – Sáng thứ 7	Hồ Chí Minh	100
CHI NHÁNH CỘNG HÒA	Tầng 1 - 3, Tòa nhà Văn phòng 3 Bees Tower, số 281 Nguyễn Văn Trỗi, phường 10, quận Phú Nhuận, thành phố Hồ Chí Minh	10.798584477863965	106.67034712354427	( 028) 7300 7696	Thứ 2 – Sáng thứ 7	Hồ Chí Minh	100
PGD Gò Vấp	Số 267 Quang Trung, phường 10, quận Gò Vấp, thành phố Hồ Chí Minh	10.828759	106.672814	02839897944	Thứ 2 – Sáng thứ 7	Hồ Chí Minh	100
PGD Bàu Cát	Số 70-72 đường Bàu Cát, phường 14, quận Tân Bình, Thành phố Hồ Chí Minh	10.792496494199904	106.64177445517966	02839490181	Thứ 2 – Sáng thứ 7	Hồ Chí Minh	100
PGD Lạc Long Quân	Số 440 - 442 đường Lạc Long Quân, phường 5, quận 11, TP HCM	10.770454049894294	106.64511229882714	02838130282	Thứ 2 – Sáng thứ 7	Hồ Chí Minh	100
PGD Phổ Quang	Khu A, Tòa nhà Waseco, số 10 đường Phổ Quang, phường 2, quận Tân Bình, thành phố Hồ Chí Minh	10.8050551644336	106.66640335552	02839979506 / 508	Thứ 2 – Sáng thứ 7	Hồ Chí Minh	100
PGD Trường Sơn	Số 101 Đường Trần Quốc Hoàn, phường 4, quận Tân Bình, thành phố Hồ Chí Minh.	10.8052697165194	106.664185408	02839487012	Thứ 2 – Sáng thứ 7	Hồ Chí Minh	100
PGD Tân Thuận	Toàn bộ diện tích tầng trệt và tầng lửng nhà ở tại địa chỉ số 511 đường Huỳnh Tấn Phát, phường Tân Thuận Đông, quận 7, thành phố Hồ Chí Minh	10.7444651	106.728461	02873093355	Thứ 2 – Sáng thứ 7	Hồ Chí Minh	100
PGD Lê Trọng Tấn	Toàn bộ nhà ở số 226 Lê Trọng Tấn, phường Tây Thạnh, quận Tân Phú, thành phố Hồ Chí Minh.	10.8071409	106.6244217	02838160491	Thứ 2 – Sáng thứ 7	Hồ Chí Minh	100
CHI NHÁNH SÀI GÒN	Số 367-369 Sư Vạn Hạnh, phường 12, quận 10, thành phố Hồ Chí Minh	10.7713031	106.6696133	02839798945	Thứ 2 – Sáng thứ 7	Hồ Chí Minh	100
PGD Quận 6	Số 51 - 53 Nguyễn Thị Nhỏ, phường 2, quận 6, thành phố Hồ Chí Minh.	10.752609882508	106.650536912041	02839608092	Thứ 2 – Sáng thứ 7	Hồ Chí Minh	100
PGD Bình Tân (PGD Quận 5)	Số 26 đường số 1, khu phố 3, phường Bình Trị Đông B, quận Bình Tân, thành phố Hồ Chí Minh.	10.7803458243753	106.6192763632	02837628896	Thứ 2 – Sáng thứ 7	Hồ Chí Minh	100
PGD Nguyễn Tri Phương	Một phần tầng 1 và trệt số 357 Nguyễn Tri Phương, phường 5, quận 10, thành phố Hồ Chí Minh.	10.762596	106.668073	02839574551	Thứ 2 – Sáng thứ 7	Hồ Chí Minh	100
PGD Bến Thành	Tầng trệt số 180 đường Lê Lai, Phường Bến Thành, Quận 1, Thành phố Hồ Chí Minh.	10.769074	106.690973	02839699634	Thứ 2 – Sáng thứ 7	Hồ Chí Minh	100
PGD Lãnh Binh Thăng	Một phần căn nhà số 294-294A đường Lãnh Binh Thăng, phường 11, quận 11, thành phố Hồ Chí Minh.	10.7644793647287	106.64854561401	02839626136	Thứ 2 – Sáng thứ 7	Hồ Chí Minh	100
PGD Lê Đại Hành	457C Lê Đại Hành, phường 11, quận 11, thành phố Hồ Chí Minh	10.7684581851534	106.6526195392	02839625934	Thứ 2 – Sáng thứ 7	Hồ Chí Minh	100
PGD Goldview (cũ PGD Phạm Văn Hai)	Tòa nhà TTTM TNL Plaza The Gold View, tại số 346 Bến Vân Đồn, phường 1, quận 4, thành phố Hồ Chí Minh	10.756990995701738	106.69168491534344	02838301093	Thứ 2 – Sáng thứ 7	Hồ Chí Minh	100
PGD Bùi Thị Xuân          	Một phần tầng trệt tòa nhà Cao ốc văn phòng HĐTC số 36 Bùi Thị Xuân, phường Bến Thành, quận 1, thành phố Hồ Chí Minh	10.7719028576585	106.6902376874	0289253398	Thứ 2 – Sáng thứ 7	Hồ Chí Minh	100
CHI NHÁNH ĐÔ THÀNH	Một phần tầng trệt và một phần tầng lửng số 29 Tôn Đức Thắng, phường Bến Nghé, quận 1, thành phố Hồ Chí Minh 	10.7831386	106.7051607	02838233377	Thứ 2 – Sáng thứ 7	Hồ Chí Minh	100
PGD Phú Nhuận	Số 49A, đường Phan Đăng Lưu, phường 17, quận Phú Nhuận, thành phố Hồ Chí Minh	10.8031694985381	106.6899641779	02835513619	Thứ 2 – Sáng thứ 7	Hồ Chí Minh	100
PGD Đinh Tiên Hoàng	Toàn bộ diện tích số 123 đường Đinh Tiên Hoàng, phường 03, quận Bình Thạnh, thành phố Hồ Chí Minh.	10.7989932999999	106.696120207	02835100939	Thứ 2 – Sáng thứ 7	Hồ Chí Minh	100
PGD Nguyễn Oanh 	Số 343A Nguyễn Oanh, phường 17, quận Gò Vấp, thành phố Hồ Chí Minh	10.8436990614198	106.6771730511	02873086609	Thứ 2 – Sáng thứ 7	Hồ Chí Minh	100
PGD Bàn Cờ	Số 518 đường Nguyễn Thị Minh Khai, phường 2, quận 3, thành phố Hồ Chí Minh	10.765747	106.681653	02839291761	Thứ 2 – Sáng thứ 7	Hồ Chí Minh	100
PGD Quận 3	Số 169-171 Cách Mạng Tháng Tám, phường 5, quận 3, thành phố Hồ Chí Minh 	10.7744830447327	106.687593469109	02839291763	Thứ 2 – Sáng thứ 7	Hồ Chí Minh	100
PGD Đinh Bộ Lĩnh	Số 209-211-213 đường Đinh Bộ Lĩnh, phường 26, quận Bình Thạnh, Thành phố Hồ Chí Minh	10.810769957966583	106.70906137343798	02862610049	Thứ 2 – Sáng thứ 7	Hồ Chí Minh	100
CHI NHÁNH TÂN BÌNH	Một phần diện tích ngôi nhà tại địa chỉ số 385 và một phần diện tích ngôi nhà tại địa chỉ số 577/X10 Tô Hiến Thành, phường 14, quận 10, thành phố Hồ Chí Minh.	10.7758056688593	106.663333073	02835062866	Thứ 2 – Sáng thứ 7	Hồ Chí Minh	100
PGD Phạm Văn Hai	Toàn bộ căn nhà số 176 Phạm Văn Hai, phường 3, quận Tân Bình, thành phố Hồ Chí Minh.	10.792428	106.662136	02838645339	Thứ 2 – Sáng thứ 7	Hồ Chí Minh	100
PGD Lê Thị Riêng	Số 707 đường Cách Mạng Tháng Tám, phường 6, quận Tân Bình, thành phố Hồ Chí Minh.	10.7876560639042	106.6635735322	02839770259	Thứ 2 – Sáng thứ 7	Hồ Chí Minh	100
PGD Hiệp Bình	45 Hiệp Bình, KP6, Phường Hiệp Bình Phước, Thủ Đức, Tp. Hồ Chí Minh	10.8484798	106.7204463	02837294940	Thứ 2 – Sáng thứ 7	Hồ Chí Minh	100
PGD An Sương	Số 207-209 Trường Chinh, phường Tân Thới Nhất, quận 12, thành phố Hồ Chí Minh 	10.831234	106.623007	02837040085	Thứ 2 – Sáng thứ 7	Hồ Chí Minh	100
PGD Mũi Tàu	Một phần tầng trệt số 67 Cộng Hòa, phường 4, quận Tân Bình, thành phố Hồ Chí Minh 	10.800896797475	106.65586244907	02839979568	Thứ 2 – Sáng thứ 7	Hồ Chí Minh	100
PGD Ba Tháng Hai	Số 1314 đường Ba Tháng Hai, phường 2, quận 11, thành phố Hồ Chí Minh	10.757215	106.647421	02838301093	Thứ 2 – Sáng thứ 7	Hồ Chí Minh	100
CHI NHÁNH KON TUM	Đường Lê Hồng Phong, phường Quyết Thắng, thành phố Kon Tum, tỉnh Kon Tum	14.3484927510805	108.00237163946	02607305566	Thứ 2 – Sáng thứ 7	Kon Tum	100
CHI NHÁNH BÌNH DƯƠNG	Số 362 Đại lộ Bình Dương, phường Phú Lợi, Thành phố Thủ Dầu Một, tỉnh Bình Dương	10.9847815011364	106.666261186299	02747305858	Thứ 2 – Sáng thứ 7	Bình Dương	100
PGD Phú Cường	Số 313/2 đường Thích Quảng Đức, phường Phú Cường, thành phố Thủ Dầu Một, tỉnh Bình Dương.	10.9781665	106.6575762	02743855372	Thứ 2 – Sáng thứ 7	Bình Dương	100
PGD Mỹ Phước	Ô 22 lô J 56, KTĐC Mỹ Phước 3 phường Thới Hòa, thị xã Bến Cát Tỉnh Bình Dương.	11.097408	106.639118	02743510219	Thứ 2 – Sáng thứ 7	Bình Dương	100
PGD Thuận An	Số 541 khu phố Nguyễn Trãi, phường Lái Thiêu, thị xã Thuận An, tỉnh Bình Dương	10.902677	106.703538	1900599999	Thứ 2 – Sáng thứ 7	Bình Dương	100
CHI NHÁNH NINH THUẬN	Số 250 Thống Nhất, khu phố 4, phường Phú Hà, thành phố Phan Rang - Tháp Chàm, tỉnh Ninh Thuận	11.5725934307919	108.99149396502	02597306688	Thứ 2 – Sáng thứ 7	Ninh Thuận	100
CHI NHÁNH BẮC GIANG	Số 8 Nguyễn Văn Cừ, phường Trần Phú, thành phố Bắc Giang, tỉnh Bắc Giang	21.276917	106.1944961	02043898666	Thứ 2 – Sáng thứ 7	Bắc Giang	100
PGD Lục Nam	Số 227 phố Thanh Xuân, thị trấn Đồi Ngô, huyện Lục Nam, tỉnh Bắc Giang.	21.3018018919729	106.38332900173	02047306688	Thứ 2 – Sáng thứ 7	Bắc Giang	100
PGD Từ Sơn	Số 276 Trần Phú, phường Đông Ngàn, thị xã Từ Sơn, tỉnh Bắc Ninh.	21.117034741265	105.9581489484	02223743858	Thứ 2 – Sáng thứ 7	Bắc Ninh	100
PGD Quế Võ	Kios số 31 và 32, Km số 10, quốc lộ 18, thị trấn Phố Mới, huyện Quế Võ, tỉnh Bắc Ninh	21.1525265758917	106.15714767921	02223864636	Thứ 2 – Sáng thứ 7	Bắc Ninh	100
CHI NHÁNH BÌNH ĐỊNH	Số 72 Mai Xuân Thưởng, phường Lê Hồng Phong, thành phố Quy Nhơn, tỉnh Bình Định.	13.7755630645963	109.22550265924	02563523389	Thứ 2 – Sáng thứ 7	Bình Định	100
PGD Quy Nhơn	Số 115 Lê Hồng Phong, phường Trần Phú, thành phố Quy Nhơn, tỉnh Bình Định.	13.7720370038923	109.2283323	02567306688	Thứ 2 – Sáng thứ 7	Bình Định	100
CHI NHÁNH BÌNH THUẬN	Số 51-53-55 đường Võ Văn Kiệt, phường Phu Thủy, thành phố Phan Thiết, tỉnh Bình Thuận.	10.940715003469	108.10578545488	02523834393	Thứ 2 – Sáng thứ 7	Bình Thuận	100
CHI NHÁNH CẦN THƠ	số 42-44-46 Nguyễn An Ninh, phường Tân An, quận Ninh Kiều, TP Cần Thơ	10.031124245088	105.7865486319	02923810326	Thứ 2 – Sáng thứ 7	Cần Thơ	100
PGD An Thới	Số 304 đường Cách mạng Tháng Tám, phường An Thới, quận Bình Thuỷ,  thành phố Cần Thơ	10.0612704128592	105.7642223506	02923880509	Thứ 2 – Sáng thứ 7	Cần Thơ	100
PGD Hưng Lợi	Số 188A đường 3/2, phường Hưng Lợi, quận Ninh Kiều, thành phố Cần Thơ	10.0208948235857	105.7640424509	02923782783	Thứ 2 – Sáng thứ 7	Cần Thơ	100
PGD Thốt Nốt	Lô B7, Khu Trung tâm Thương mại Thốt Nốt, phường Thốt Nốt, quận Thốt Nốt, thành phố Cần Thơ	10.2726818	105.5333684	02923612768	Thứ 2 – Sáng thứ 7	Cần Thơ	100
PGD Ninh Kiều (cũ PGD TCCĐ An Hòa)	Số 89-91 Trần Hưng Đạo, phường An Phú, quận Ninh Kiều, thành phố Cần Thơ.	10.037298	105.776383	02926252798	Thứ 2 – Sáng thứ 7	Cần Thơ	100
PGD Ô Môn 	Số 183 đường 26/03, khu vực 3, phường Châu Văn Liêm, quận Ô Môn, thành phố Cần Thơ.	10.1134147	105.6213024	02926259116	Thứ 2 – Sáng thứ 7	Cần Thơ	100
CHI NHÁNH VĨNH LONG	Số 12A Hoàng Thái Hiếu, phường 1, thành phố Vĩnh Long, tỉnh Vĩnh Long	10.2553357293059	105.973712349988	02707305566	Thứ 2 – Sáng thứ 7	Vĩnh Long	100
CHI NHÁNH ĐẮK LẮK	Số 15 Hùng Vương, Phường Tự An, TP Buôn Ma Thuột	12.679924947893795	108.04817129535712	02623889363	Thứ 2 – Sáng thứ 7	Hải Phòng	50
PGD Buôn Mê Thuột	Số 02 đường Điện Biên Phủ, thành phố Buôn Ma Thuột, tỉnh Đăk Lăk	12.6790772972103	108.04217695337	02623657999	Thứ 2 – Sáng thứ 7	Đắk Lắk	100
PGD Hòa Khánh	Số 224 Điện Biên Phủ, quận Thanh Khê, thành phố  Đà Nẵng	16.0657913618159	108.19643033	02363736556	Thứ 2 – Sáng thứ 7	Đà Nẵng	100
PGD Hải Châu	Số 331 – 333 đường Nguyễn Hữu Thọ, Phường Hòa Thuận Tây, Quận Hải Châu, TP Đà Nẵng	16.037763854412102	108.2103301359602	02363565996	Thứ 2 – Sáng thứ 7	Đà Nẵng	100
PGD Liên Chiểu	Số 173A đường Nguyễn Lương Bằng, phường Hòa Khánh Bắc, quận Liên Chiểu, thành phố Đà Nẵng	16.077231651763384	108.14807641796986	02363740477	Thứ 2 – Sáng thứ 7	Đà Nẵng	100
PGD Hoàng Diệu	Số 317 Hoàng Diệu, quận Hải Châu, thành phố Đà Nẵng	16.056408	108.217298	02363584995	Thứ 2 – Sáng thứ 7	Đà Nẵng	100
PGD Chợ Cồn	Số 105 Ông Ích Khiêm, phường Thanh Bình, quận Hải Châu, thành phố Đà Nẵng	16.0749838456334	108.21233642237	02363553995	Thứ 2 – Sáng thứ 7	Đà Nẵng	100
CHI NHÁNH GIA LAI	Số 40A Hùng Vương, phường Ia Kring, thành phố Pleiku, tỉnh Gia Lai	13.9754956519986	107.99715901607	02693867666	Thứ 2 – Sáng thứ 7	Gia Lai	100
CHI NHÁNH ĐỒNG NAI	Số 3/12 & 3/12A đường Đồng Khởi, phường Tam Hiệp, thành phố Biên Hòa, tỉnh Đồng Nai	10.9570952141225	106.86133473967	02513857088	Thứ 2 – Sáng thứ 7	Đồng Nai	100
PGD Phạm Văn Thuận	Số 100/497 Đường Phạm Văn Thuận, P. Tân Mai, TP. Biên Hòa, Đồng Nai	10.953443	106.852827	02518822545	Thứ 2 – Sáng thứ 7	Đồng Nai	100
PGD Tân Biên	Số 97/7 Khu phố 5B, phường Tân Biên, thành phố Biên Hòa, tỉnh Đồng Nai.	10.9759219088112	106.8693042004	02518822567	Thứ 2 – Sáng thứ 7	Đồng Nai	100
CHI NHÁNH BẾN TRE	Thửa đất số 193, tờ bản đồ số 45, phường Phú Khương, thành phố Bến Tre, tỉnh Bến Tre	10.2472678	106.3743287	02753811868	Thứ 2 – Sáng thứ 7	Bến Tre	100
CHI NHÁNH HÀ NAM	Số 104 Trần Phú, phường Quang Trung, thành phố Phủ Lý, tỉnh Hà Nam 	20.5434614173743	105.91240506134	02263828080	Thứ 2 – Sáng thứ 7	Hà Nam	100
PGD Phủ Lý	Số 74-76 đường Châu Cầu, phường Lương Khánh Thiện, thành phố Phủ Lý, tỉnh Hà Nam.	20.5438080364084	105.91684762655	02263828484	Thứ 2 – Sáng thứ 7	Hà Nam	100
CHI NHÁNH HÀ TĨNH	Tòa nhà viễn thông Hà Tĩnh, Số 06, đường Trần Phú, phường Bắc Hà, thành phố Hà Tĩnh, tĩnh Hà Tĩnh	18.3395479701222	105.895038615344	02393686696	Thứ 2 – Sáng thứ 7	Hà Tĩnh	150
CHI NHÁNH HẢI DƯƠNG	Lô 69.25, lô 69.26 khu đô thị phía Tây, phường Tân Bình, TP Hải Dương, tỉnh Hải Dương	20.928818601326793	106.31624884945927	02203852222	Thứ 2 – Sáng thứ 7	Hải Dương	100
PGD Chí Linh	Số 5A phố Nguyễn Thái Học 1, phường Sao Đỏ, thành phố Chí Linh, tỉnh Hải Dương.	21.1130014834656	106.391701444	02203586588	Thứ 2 – Sáng thứ 7	Hải Dương	100
PGD Gia Lộc	Số 25/N09, khu dân cư phía Tây, xã Phương Hưng, huyện Gia Lộc, tỉnh Hải Dương	20.8711454788891	106.29885903343	02203514999	Thứ 2 – Sáng thứ 7	Hải Dương	100
PGD Ninh Giang	Số 101 đường Trần Hưng Đạo, thị trấn Ninh Giang, huyện Ninh Giang, tỉnh Hải Dương.	20.731289	106.401294	02203662555	Thứ 2 – Sáng thứ 7	Hải Dương	100
PGD Hải Tân	Số 677 Đại lộ Lê Thanh Nghị, phường Hải Tân, thành phố Hải Dương, tỉnh Hải Dương 	20.9230855304736	106.32949099148	02203865222	Thứ 2 – Sáng thứ 7	Hải Dương	100
CHI NHÁNH HẢI PHÒNG	Số 9 đường Nguyễn Tri Phương, quận Hồng Bàng, thành phố Hải Phòng 	20.863458783071	106.680476969242	02253823614	Thứ 2 – Sáng thứ 7	Hải Phòng	100
PGD Lê Chân	Số 341 đường Tô Hiệu, phường Hồ Nam, quận Lê Chân, thành phố Hải Phòng 	20.8493944247021	106.672177521089	02253956378	Thứ 2 – Sáng thứ 7	Hải Phòng	100
PGD Ngô Quyền	Số 282 đường Đà Nẵng, phường Vạn Mỹ, quận Ngô Quyền, thành phố Hải Phòng	20.861169	106.711	02253822140	Thứ 2 – Sáng thứ 7	Hải Phòng	100
PGD Lạch Tray	Toàn bộ diện tích tầng 1 và tầng 2 của ngôi nhà có địa chỉ tại số 296 Lạch Tray, phường Kênh Dương, quận Lê Chân, thành phố Hải Phòng	20.8357257299681	106.696472068786	02253653182	Thứ 2 – Sáng thứ 7	Hải Phòng	100
PGD Phan Bội Châu	Số 60 Phan Bội Châu, quận Hồng Bàng, thành phố Hải Phòng	20.857223	106.679	02253822509	Thứ 2 – Sáng thứ 7	Hải Phòng	100
PGD An Biên	Tầng 1 và tầng 2 của ngôi nhà 03 tầng tại số 30P5+6 tầng 1+P9,10 tầng 2+P14+P15 tầng 3 phố Hai Bà Trưng, phường An Biên, quận Lê Chân, thành phố Hải Phòng	20.8536822992447	106.681874400138	02253631886	Thứ 2 – Sáng thứ 7	Hải Phòng	100
PGD Văn Cao	Số 192-194 Văn Cao, phường Đằng Giang, quận Ngô Quyền, thành phố Hải Phòng	20.8364627104251	106.700891370534	02253260866	Thứ 2 – Sáng thứ 7	Hải Phòng	100
PGD An Dương	Số 234, đường Trần Nguyên Hãn, phường Trần Nguyên Hãn, quận Lê Chân, TP Hải Phòng	20.8461770056459	106.671370822315	02253789579	Thứ 2 – Sáng thứ 7	Hải Phòng	100
CHI NHÁNH LẠNG SƠN	Tòa nhà TNL Plaza Lạng Sơn, thôn Tân Lập, xã Mai Pha, Thành phố Lạng Sơn, tỉnh Lạng Sơn	21.846669159461	106.773409541011	02057306688	Thứ 2 – Sáng thứ 7	Lạng Sơn	100
CHI NHÁNH HUẾ	Số 14B Lý Thường Kiệt, phường Vĩnh Ninh, thành phố Huế, tỉnh Thừa Thiên Huế	16.4614456105085	107.5909814152	02343981111	Thứ 2 – Sáng thứ 7	Thừa Thiên Huế	100
PGD Xuân Phú	Số 75 Trường Chinh, phường Xuân Phú, thành phố Huế, tỉnh Thừa Thiên Huế.	16.461519	107.6031725	02347306688	Thứ 2 – Sáng thứ 7	Thừa Thiên Huế	100
CHI NHÁNH LÀO CAI	Khách sạn Sojo và thương mại dịch vụ Lào Cai, đường An Dương Vương, đường Hồng Hà, phường Cốc Lếu, thành phố Lào Cai	22.501976013183594	103.96759796142578	02147305566	Thứ 2 – Sáng thứ 7	Lào Cai	100
CHI NHÁNH KIÊN GIANG	Số 75-76-77 đường Lạc Hồng, khu phố 4, phường Vĩnh Lạc, thành phố Rạch Giá, tỉnh Kiên Giang.	10.017137	105.081543	02973777789	Thứ 2 – Sáng thứ 7	Kiên Giang	100
CHI NHÁNH KHÁNH HÒA	76A Quang Trung, phường Lộc Thọ, thành phố Nha Trang, tỉnh Khánh Hòa	12.248425	109.190896	02583525154	Thứ 2 – Sáng thứ 7	Khánh Hòa	100
PGD Cam Ranh	Số 2040 Đại lộ Hùng Vương, phường Cam Lộc, thành phố Cam Ranh, tỉnh Khánh Hòa	11.9174469111018	109.145247449362	02583955959	Thứ 2 – Sáng thứ 7	Khánh Hòa	100
PGD Vĩnh Nguyên	Số 169 và 212 đường Dã Tượng, phường Vĩnh Nguyên, thành phố Nha Trang, tỉnh Khánh Hòa	12.2171987441417	109.199601818472	02583889363	Thứ 2 – Sáng thứ 7	Khánh Hòa	100
PGD Vĩnh Phước	Số 36 KA Đường 2/4, phường Vĩnh Thọ, thành phố Nha Trang, tỉnh Khánh Hòa	12.2691050806289	109.19739763858	02583545555	Thứ 2 – Sáng thứ 7	Khánh Hòa	100
PGD Nha Trang	Số 51 Lê Thành Phương, phường Phương Sài, thành phố Nha Trang, tỉnh Khánh Hòa	12.248833	109.188741	02583560586	Thứ 2 – Sáng thứ 7	Khánh Hòa	100
CHI NHÁNH QUẢNG NGÃI	Lô PG1-03 và Lô PG1-05A số 26 đường Lê Thánh Tôn, phường Nghĩa Chánh, thành phố Quảng Ngãi, tỉnh Quảng Ngãi	15.113705	108.810316	02557305566	Thứ 2 – Sáng thứ 7	Quảng Ngãi	100
CHI NHÁNH BÌNH PHƯỚC	Khu TĐC, phường Tân Phú, thị xã Đồng Xoài, tỉnh Bình Phước	11.5371635	106.8975316	02713881166	Thứ 2 – Sáng thứ 7	Bình Phước	100
CHI NHÁNH TRÀ VINH	Số 74-76 Lê Lợi, phường 02, thành phố Trà Vinh, tỉnh Trà Vinh	9.94766416769555	106.34146011729	02943515666	Thứ 2 – Sáng thứ 7	Trà Vinh	100
CHI NHÁNH LONG AN	Lô 23-24A đường số 3 (Trương Văn Bang), phường 2, thành phố Tân An, tỉnh Long An	10.537273707921	106.406371883918	02723512727	Thứ 2 – Sáng thứ 7	Long An	100
PGD Hải Hậu	Tổ dân phố số 1, thị trấn Yên Định, huyện Hải Hậu, tỉnh Nam Định.	20.198787	106.302458	02283775776	Thứ 2 – Sáng thứ 7	Nam Định	100
PGD Vụ Bản	Số 66 đường Non Côi, thị trấn Gôi, Vụ Bản, tỉnh Nam Định	20.33222	106.075486	02283989990	Thứ 2 – Sáng thứ 7	Nam Định	100
PGD Hòa Vượng	Số 35 Đường Giải Phóng, phường Cửa Bắc, thành phố Nam Định	20.4308256628207	106.161595848144	02283558558	Thứ 2 – Sáng thứ 7	Nam Định	100
CHI NHÁNH NINH BÌNH	Số 06 đường Lê Đại Hành, phường Thanh Bình, thành phố Ninh Bình	20.2529009344873	105.97670406745	02293899130	Thứ 2 – Sáng thứ 7	Ninh Bình	100
PGD Tam Điệp	Tổ 11, phường Bắc Sơn, thành phố Tam Điệp, tỉnh Ninh Bình.	20.1527049374637	105.909117108235	02297306688	Thứ 2 – Sáng thứ 7	Ninh Bình	100
CHI NHÁNH NGHỆ AN	Tòa nhà Bưu điện tỉnh Nghệ An, Số 2 Nguyễn Thị Minh Khai, phường Hưng Bình, thành phố Vinh, tỉnh Nghệ An	18.6703	105.6843	02388601111	Thứ 2 – Sáng thứ 7	Nghệ An	100
PGD Nguyễn Sỹ Sách	Tòa nhà số 146 đường Nguyễn Sỹ Sách, phường Hưng Phúc, thành phố Vinh, tỉnh Nghệ An.	18.6864516621739	105.69013693656	023855 9898	Thứ 2 – Sáng thứ 7	Nghệ An	100
PGD Thành Vinh	Số 86 đường Thái Phiên, phường Hồng Sơn, thành phố Vinh, tỉnh Nghệ An	18.6654432024634	105.675871815938	02388609699	Thứ 2 – Sáng thứ 7	Nghệ An	100
PGD Quán Bầu	Nhà tại lô đất A-17, khu dân cư Golden City 10, đường Mai Hắc Đế, phường Quán Bàu, Thành phố Vinh, tỉnh Nghệ An  	18.690833	105.674722	02388699111	Thứ 2 – Sáng thứ 7	Nghệ An	100
CHI NHÁNH PHÚ THỌ	Số 2183 Đại lộ Hùng Vương, phường Gia Cẩm, thành phố Việt Trì, tỉnh Phú Thọ	21.3221457783666	105.384219048089	02103818222	Thứ 2 – Sáng thứ 7	Phú Thọ	100
PGD Lâm Thao	Khu 1, thị trấn Hùng Sơn, huyện Lâm Thao, tỉnh Phú Thọ	21.352694	105.2907483	02103818222	Thứ 2 – Sáng thứ 7	Phú Thọ	100
PGD Tiên Cát	Số 1347 đường Hùng Vương, phường Tiên Cát, thành phố Việt Trì, tỉnh Phú Thọ	21.3098390741771	105.401507728	02103853662	Thứ 2 – Sáng thứ 7	Phú Thọ	100
CHI NHÁNH QUẢNG BÌNH	Số 5 Quang Trung, phường Đồng Hải, thành phố Đồng Hới, tỉnh Quảng Bình.	17.461025	106.625175	02323816886	Thứ 2 – Sáng thứ 7	Quảng Bình	100
CHI NHÁNH QUẢNG NAM	Số 415 Phan Chu Trinh, phường Phước Hòa, thành phố Tam Kỳ, tỉnh Quảng Nam.	15.565993	108.493491	02353833388	Thứ 2 – Sáng thứ 7	Quảng Nam	100
CHI NHÁNH QUẢNG NINH	Trung tâm dịch vụ văn hóa tổng hợp Tổ 26, khu 2b, đường 25/4, phường Bạch Đằng, thành phố Hạ Long, tỉnh Quảng Ninh	20.9523100631449	107.081069049613	02033826174	Thứ 2 – Sáng thứ 7	Quảng Ninh	100
PGD Hồng Hải	Tòa nhà City Complex, Tổ 4, khu 10, phường Hồng Hải, thành phố Hạ Long, tỉnh Quảng Ninh	20.9434236752274	107.111099309192	02033518512	Thứ 2 – Sáng thứ 7	Quảng Ninh	100
PGD Uông Bí	Thửa đất số 180 tờ bản đồ số 41, phường Quang Trung, thành phố Uông Bí, tỉnh Quảng Ninh.	21.0345084246844	106.7734732279	02033566186	Thứ 2 – Sáng thứ 7	Quảng Ninh	100
PGD Bãi Cháy	Thửa đất số 83,84 tờ bản đồ số 93 tại địa chỉ tổ 8 khu 9A, phường Bãi Cháy, thành phố Hạ Long, tỉnh Quảng Ninh (Số 660, đường Hạ Long, tổ 8, khu 9A, phường Bãi Cháy, thành phố Hạ Long, tỉnh Quảng Ninh)	20.954283	107.024302	02033640401	Thứ 2 – Sáng thứ 7	Quảng Ninh	100
PGD Giếng Đáy	Số nhà 194, tổ 1, khu 3B, phường Giếng Đáy, thành phố Hạ Long, tỉnh Quảng Ninh	20.977981	107.009247	02033525628	Thứ 2 – Sáng thứ 7	Quảng Ninh	100
PGD Vườn Đào	Khách sạn Bưu điện Hạ Long, ngã ba Vườn Đào, phường Bãi Cháy, thành phố Hạ Long, tỉnh Quảng Ninh.	20.9567862902948	107.050027306999	02033515626	Thứ 2 – Sáng thứ 7	Quảng Ninh	100
PGD Cẩm Phả	Số 158 Trần Phú, Tổ 30B, phường Cẩm Tây, thị xã Cẩm Phả, tỉnh Quảng Ninh	21.0124909846074	107.28413065277	02033938999	Thứ 2 – Sáng thứ 7	Quảng Ninh	100
PGD Cửa Ông	Số 432 Lý Thường Kiệt, phường Cửa Ông, thị xã Cẩm Phả, tỉnh Quảng Ninh 	21.0304220184959	107.36536173939	02033950589	Thứ 2 – Sáng thứ 7	Quảng Ninh	100
PGD Vân Đồn	Khu 7, thị trấn Cái Rồng, huyện Vân Đồn, tỉnh Quảng Ninh 	21.0681073661827	107.4227195721	02033968600	Thứ 2 – Sáng thứ 7	Quảng Ninh	100
CHI NHÁNH TÂY NINH	PGI34 và PGI35 thuộc Dự án Tổ hợp Trung tâm thương mại, khách sạn tiêu chuẩn 5 sao và nhà phố Shophouse Tây Ninh đường 30 tháng 4, phường 3, thành phố Tây Ninh, tỉnh Tây Ninh	11.320425	106.100258	02763822666	Thứ 2 – Sáng thứ 7	Tây Ninh	100
CHI NHÁNH TIỀN GIANG	Số 69A7-69A8-69A9, 69 Nguyễn Trãi, Phường 7, Thành phố Mỹ Tho, Tiền Giang	10.361160462677539	106.36375928053566	02733959888	Thứ 2 – Sáng thứ 7	Tiền Giang	100
PGD Tân Hiệp	Ấp Rẫy, thị trấn Tân Hiệp, huyện Châu Thành, tỉnh Tiền Giang	10.4466012	106.3427053	02737306688	Thứ 2 – Sáng thứ 7	Tiền Giang	100
CHI NHÁNH THÁI BÌNH	Tòa nhà TNL Plaza Thái Bình - Số 7 đường Quang Trung, phường Quang Trung, thành phố Thái Bình, tỉnh Thái Bình	20.4431134945255	106.336602652848	02273644999	Thứ 2 – Sáng thứ 7	Thái Bình	100
PGD Quỳnh Phụ	Số 63 đường Nguyễn Thái Sơn, thị trấn Quỳnh Côi, huyện Quỳnh Phụ, tỉnh Thái Bình	20.653754015602274	106.32176702432064	02273926778	Thứ 2 – Sáng thứ 7	Thái Bình	100
PGD Kỳ Bá	Lô số 78 dự án khu đô thị Kỳ Bá, thành phố Thái Bình, tỉnh Thái Bình	20.4443751333468	106.346515229113	02273648379	Thứ 2 – Sáng thứ 7	Thái Bình	100
PGD Bắc Nam	Số 675 Lương Ngọc Quyến,  phường Phan Đình Phùng, thành phố Thái Nguyên 	21.5817	105.8364	02083652288	Thứ 2 – Sáng thứ 7	Thái Nguyên	100
PGD Chợ Thái	Tầng 1 ngôi nhà có địa chỉ tại tổ 9, phường Trưng Vương, thành phố Thái Nguyên (nay là số nhà 46B đường Bến Tượng, phường Trưng Vương, thành phố Thái Nguyên, tỉnh Thái Nguyên)	21.5952236125901	105.844688779023	02083735991	Thứ 2 – Sáng thứ 7	Thái Nguyên	100
CHI NHÁNH THANH HÓA	Lô 02-03 Khu nhà liền kề Phan Chu Trinh, phường Điện Biên, thành phố Thanh Hoá, tỉnh Thanh Hóa. 	19.811866	105.774181	02373728555	Thứ 2 – Sáng thứ 7	Thanh Hóa	100
PGD Bỉm Sơn	Số 356 Nguyễn Huệ, Phú Sơn, thị xã Bỉm Sơn, tỉnh Thanh Hóa	20.079109815359974	105.85558473813516	02373779888	Thứ 2 – Sáng thứ 7	Thanh Hóa	100
PGD Trường Thi	Số 239 đường Trường Thi, phường Trường Thi, thành phố Thanh Hóa, tỉnh Thanh Hóa	19.812824	105.778939	02373719757	Thứ 2 – Sáng thứ 7	Thanh Hóa	100
CHI NHÁNH VĨNH PHÚC	Số 371 đường Mê Linh, phường Khai Quang, thành phố Vĩnh Yên, tỉnh Vĩnh Phúc	21.3119302461269	105.614390522415	02113710568	Thứ 2 – Sáng thứ 7	Vĩnh Phúc	100
PGD Phúc Yên	Số 23, đường Trần Hưng Đạo, phường Trưng Trắc, thị xã Phúc Yên, tỉnh Vĩnh Phúc	21.2390085151956	105.70386674205	02113511966	Thứ 2 – Sáng thứ 7	Vĩnh Phúc	100
PGD Kim Ngọc	Số 02 đường Ngô Quyền, thành phố Vĩnh Yên, tỉnh Vĩnh Phúc	21.3079788794439	105.593836472506	02113716999	Thứ 2 – Sáng thứ 7	Vĩnh Phúc	100
CHI NHÁNH VŨNG TÀU	Số 55-57 Nam Kỳ Khởi Nghĩa, TP. Vũng Tàu	10.345683	107.08387	02543855904	Thứ 2 – Sáng thứ 7	Bà Rịa Vũng Tàu	100
PGD Đông Xuyên	Số 572 đường 30/04, phường 10, thành phố Vũng Tàu, tỉnh Bà Rịa Vũng Tàu	10.3997473119792	107.117195871198	02543615464	Thứ 2 – Sáng thứ 7	Bà Rịa Vũng Tàu	100
PGD Bà Rịa	28-30 Nguyễn Hữu Thọ, phường Phước Trung, thị xã Bà Rịa, tỉnh Bà Rịa - Vũng Tàu 	10.4907585133089	107.173710261891	02543717468	Thứ 2 – Sáng thứ 7	Bà Rịa Vũng Tàu	100
PGD Nguyễn Thái Học	Số 15H2 Nguyễn Thái Học, phường 7, thành phố Vũng Tàu, tỉnh Bà Rịa – Vũng Tàu	10.3622202808126	107.080934908615	190059999	Thứ 2 – Sáng thứ 7	Bà Rịa Vũng Tàu	100
PGD Lê Hồng Phong	Số 109D Lê Hồng Phong, phường 7, thành phố Vũng Tàu, tỉnh Bà Rịa Vũng Tàu	10.3552793177406	107.084578483931	02543527768  	Thứ 2 – Sáng thứ 7	Bà Rịa Vũng Tàu	100
PGD Phước Trung	552 Cách Mạng Tháng 8, phường Phước Trung, thành phố Bà Rịa, tỉnh Bà Rịa – Vũng Tàu	10.49246316238083	107.18187054440236	02543720119	Thứ 2 – Sáng thứ 7	Bà Rịa Vũng Tàu	100
PGD Châu Thành 	Số 108 tổ 4, ấp Hòa Long 1, thị trấn An Châu, huyện Châu Thành, tỉnh An Giang	10.444466	105.382456	02963651900	Thứ 2 – Sáng thứ 7	An Giang	100
PGD Chợ Mới	Số 85 Trần Hưng Đạo, Ấp Thị, thị trấn Chợ Mới, huyện Chợ Mới, tỉnh An Giang	10.549755	105.39949	02963611109	Thứ 2 – Sáng thứ 7	An Giang	100
PGD Mỹ Bình	Số 248 đường Trần Hưng Đạo, phường Mỹ Xuyên, thành phố Long Xuyên, tỉnh An Giang	10.3775833050864	105.439993590914	02963957133	Thứ 2 – Sáng thứ 7	An Giang	100
PGD Mỹ Luông	số 187, Ấp Thị 2, Thị trấn Mỹ Luông, Huyện Chợ Mới, Tỉnh An Giang	10.5081280927048	105.489709755845	02963625465	Thứ 2 – Sáng thứ 7	An Giang	100
PGD Thoại Sơn	số 349 Nguyễn Huệ, ấp Bắc Sơn, thị trấn Núi Sập, huyện Thoại Sơn, tỉnh An Giang.	10.2685640828892	105.267512341287	02963712134	Thứ 2 – Sáng thứ 7	An Giang	100
PGD Tri Tôn	Số 31 đường Trần Hưng Đạo, khóm 2, thị trấn Tri Tôn, huyện Tri Tôn Tỉnh An Giang.	10.419087	105.001138	02963772508	Thứ 2 – Sáng thứ 7	An Giang	100
PGD Vĩnh An	Lô 05, đường số 6, ấp Vĩnh Lộc, xã Vĩnh Bình, huyện Châu Thành, tỉnh An Giang	10.4418564	105.1718056	02963839433	Thứ 2 – Sáng thứ 7	An Giang	100
PGD Long Xuyên	Số 262/2 Hùng Vương, phường Mỹ Long, thành phố Long Xuyên, tỉnh An Giang.	10.3800631	105.4412309	02963930579	Thứ 2 – Sáng thứ 7	An Giang	100
PGD Óc Eo	Số 259 Nguyễn Thị Hạnh, ấp Tân Hiệp A, thị trấn Óc Eo, huyện Thoại Sơn, tỉnh An Giang.	10.255287	105.154928	02963738282	Thứ 2 – Sáng thứ 7	An Giang	100
CHI NHÁNH CHÂU ĐỐC	Đường Trưng Nữ Vương (nối dài), phường Châu Phú B, thành phố Châu Đốc, tỉnh An Giang.	10.706078	105.117553	02963561708	Thứ 2 – Sáng thứ 7	An Giang	100
PGD Xuân Tô	Quốc lộ 91, tổ 10, khóm Xuân Hòa, thị trấn Tịnh Biên, huyện Tịnh Biên, tỉnh An Giang.	10.603832	104.945328	02963751535	Thứ 2 – Sáng thứ 7	An Giang	100
PGD Tân Châu	Số 1+5C, đường Hai Bà Trưng, khóm Long Thạnh A, phường Long Thạnh, thị xã Tân Châu, tỉnh An Giang.	10.7976862098525	105.249416228208	02963533324	Thứ 2 – Sáng thứ 7	An Giang	100
PGD Phú Tân	Thị trấn Phú Mỹ, huyện Phú Tân, tỉnh An Giang	10.5971541	105.3432747	02963587512	Thứ 2 – Sáng thứ 7	An Giang	100
PGD Châu Phú	Số 646, Quốc Lộ 91, thị trấn Cái Dầu, huyện Châu Phú, tỉnh An Giang	10.58174369000247	105.23167076784935	02963684079	Thứ 2 – Sáng thứ 7	An Giang	100
PGD An Phú	Số 92 Thoại Ngọc Hầu, ấp An Thịnh, thị trấn An Phú, huyện An Phú, tỉnh An Giang	10.8133892030331	105.092275099999	02963511956	Thứ 2 – Sáng thứ 7	An Giang	100
PGD Long Bình	Số 1456 Ấp Đồng Ky, xã Quốc Thái, huyện An Phú, tỉnh An Giang	10.8915341	105.0717757	02963525575	Thứ 2 – Sáng thứ 7	An Giang	100
PGD Châu Quới	Số 425 Thủ Khoa Huân, khóm Châu Long 7, phường Châu Phú B, thành phố Châu Đốc, tỉnh An Giang.	10.7062896030024	105.11941569999	02966260111	Thứ 2 – Sáng thứ 7	An Giang	100
CHI NHÁNH ĐỒNG THÁP	Số 279 Nguyễn Sinh Sắc, khóm 2, phường 2, thành phố Sa Đéc, tỉnh Đồng Tháp	10.29023	105.764198	02773774021	Thứ 2 – Sáng thứ 7	Đồng Tháp	100
PGD Lai Vung	Số 495A, quốc lộ 80, thị trấn Lai Vung, huyện Lai Vung, tỉnh Đồng Tháp	10.2885635173527	105.659808454036	02773655668	Thứ 2 – Sáng thứ 7	Đồng Tháp	100
PGD Lấp Vò	Số 304 khóm Bình Thạnh 1, thị trấn Lấp Vò, huyện Lấp Vò, tỉnh Đồng Tháp.	10.3625	105.523611	02773666666	Thứ 2 – Sáng thứ 7	Đồng Tháp	100
PGD Tam Nông	Số 168 Đường 2 Tháng 9, Khóm 2, thị trấn Tràm Chim, huyện Tam Nông, tỉnh Đồng Tháp	10.673006	105.560483	02773833229	Thứ 2 – Sáng thứ 7	Đồng Tháp	100
CHI NHÁNH CÀ MAU	Số 188-190 và căn nhà 192A liền kề nhau, đường Lý Thường Kiệt, phường 6, thành phố Cà Mau, tỉnh Cà Mau.	9.17350977371169	105.156889861086	02903699888	Thứ 2 – Sáng thứ 7	Cà Mau	100
PGD Bình Chánh	Số 13 lô D chợ Mới Bình Chánh, Quốc lộ 1, ấp 4, xã Bình Chánh, huyện Bình Chánh, thành phố Hồ Chí Minh	10.6658133496283	106.571601905479	028 73025516	Thứ 2 – Sáng thứ 7	Hồ Chí Minh	100
CHI NHÁNH BẮC NINH	Số 274, 276 Ngô Gia Tự, phường Tiền An, thành phố Bắc Ninh.	21.1844737205914	106.06713464302	02223893232	Thứ 2 – Sáng thứ 7	Bắc Ninh	100
PGD Quán Toan	Số 541 Quán Toan, phường Quán Toan, quận Hồng Bàng, thành phố Hải Phòng.	20.887911249104665	106.60701612519067	02253282855	Thứ 2 – Sáng thứ 7	Hải Phòng	100
PGD Hạ Long	Số nhà 168, đường Lê Thánh Tông, phường Bạch Đằng, thành phố Hạ Long, tỉnh Quảng Ninh	20.9515186890362	107.08445119617022	02033831338	Thứ 2 – Sáng thứ 7	Quảng Ninh	100
CHI NHÁNH LÂM ĐỒNG	Số 135-145 Phan Đình Phùng, Phường 2, Thành phố Đà Lạt, tỉnh Lâm Đồng	11.945904891998959	108.43474365592373	02633582888	Thứ 2 – Sáng thứ 7	Lâm Đồng	100
PGD Lê Lai	Số 27C đường Điện Biên Phủ, phường Minh Khai, quận Hồng Bàng, thành phố Hải Phòng	20.86130127184802	106.68690293459346	02253260867	Thứ 2 – Sáng thứ 7	Hải Phòng	100
CHI NHÁNH HỒNG BÀNG	Số 119 + 119B + 120 + 121 đường Nguyễn Đức Cảnh, phường Cát Dài, quận Lê Chân, thành phố Hải Phòng	20.854257021612217	106.67296981403084	02253746226	Thứ 2 – Sáng thứ 7	Hải Phòng	100
PGD Quán Thánh	Tòa nhà số 69 phố Quán Thánh, phường Quán Thánh, quận Ba Đình, thành phố Hà Nội.	21.0425254	105.8417907	02473003919	Thứ 2 – Sáng thứ 7	Hà Nội	100
CHI NHÁNH AN GIANG	Số 36-38 Nguyễn Huệ, khóm 1, phường Mỹ Long, thành phố Long Xuyên, tỉnh An Giang.	10.384048305128426	105.44328447971316	02963843709	Thứ 2 – Sáng thứ 7	An Giang	100
PGD Nghĩa Hưng	Số 87 đường Hùng Vương, thị trấn Liễu Đề, huyện Nghĩa Hưng, tỉnh Nam Định	20.220154	106.184159	02283713816	Thứ 2 – Sáng thứ 7	Nam Định	100
PGD Đồng Hới	Số 119 đường Tố Hữu, phường Nam Lý, thành phố Đồng Hới, tỉnh Quảng Bình.	17.467371900747	106.604500909225	02327306688	Thứ 2 – Sáng thứ 7	Quảng Bình	100
PGD Ba Đồn	Khu phố 1, Phường Ba Đồn, Thị xã Ba Đồn, Tỉnh Quảng Bình	11.5726	108.9915	02323696999	Thứ 2 – Sáng thứ 7	Quảng Bình	100
PGD Trần Hưng Đạo	Một phần diện tích tầng trệt số 472 - 474 Trần Hưng Đạo, phường 2, quận 5, thành phố Hồ Chí Minh.	10.7560346244394	106.6823548211	028 3924 4081 / 028 3924 4073	Thứ 2 – Sáng thứ 7	Hồ Chí Minh	100
CHI NHÁNH PHÚ YÊN	Số 371-373 Lê Lợi, Phường 5, thành phố Tuy Hòa, tỉnh Phú Yên	13.09061880087961	109.31194654754579	02573896879	Thứ 2 – Sáng thứ 7	Phú Yên	100
CHI NHÁNH HẬU GIANG	Số 16a, Nguyễn Công Trứ, Khu vực 1, Phường 1, TP Vị Thanh, tỉnh Hậu Giang	9.781108838461101	105.46893816679498	02937306688	Thứ 2 – Sáng thứ 7	Hậu Giang	100
PGD Giang Văn Minh	Số 142 đường Đội Cấn, tầng 2 tòa nhà văn phòng Chi nhánh Tổng Công ty Giấy Việt Nam tại Hà Nội, phường Đội Cấn, quận Ba Đình, thành phố Hà Nội	21.034723642066094	105.82646109596025	02437228062	Thứ 2 – Sáng thứ 7	Hà Nội	100
CHI NHÁNH ĐÀ NẴNG	Lô A33-A34, Khu B3-1, Khu Dân cư, khách sạn và TMDV, đường 2 Tháng 9, phường Bình Thuận, quận Hải Châu, thành phố Đà Nẵng	16.057645093380128	108.22263736678296	02363825019	Thứ 2 – Sáng thứ 7	Đà Nẵng	100
PGD Bến Lức	Số 245-247 đường Nguyễn Hữu Thọ, thị trấn Bến Lức, huyện Bến Lức, tỉnh Long An.	10.643312806976395	106.48452494426326	0272736686	Thứ 2 – Sáng thứ 7	Long An	100
CHI NHÁNH NAM ĐỊNH	Tầng 01, 02 Tòa nhà TNL Plaza Nam Định - Số 272 đường Trần Hưng Đạo, phường Cửa Bắc, thành phố Nam Định, tỉnh Nam Định	20.4289808544466	106.173683774027	02283832119	Thứ 2 – Sáng thứ 7	Nam Định	100
Địa điểm kinh doanh PGD Hòa Bình	278 đường Hòa Bình, phường Hiệp Tân, quận Tân Phú, thành phố Hồ Chí Minh	10.772251267920945	106.6272241010024	02838681791	Thứ 2 – Sáng thứ 7	Hồ Chí Minh	100
CHI NHÁNH THÁI NGUYÊN	Số 01 đường Hoàng Văn Thụ, phường Phan Đình Phùng, thành phố Thái Nguyên, tỉnh Thái Nguyên	21.595027797885052	105.83854080873438	02083853668	Thứ 2 – Sáng thứ 7	Thái Nguyên	100
PGD Đồng Văn	Số 374 Nguyễn Hữu Tiến, thị trấn Đồng Văn, huyện Duy Tiên, thành phố Hà Nam	20.644205	105.926665	02263583616	Thứ 2 – Sáng thứ 7	Hà Nam	100