name	address	latitude	longitude	phone	workingTime	province	point
Chi nhánh Thủ Đô	Số 33 Phố Tràng Thi, Phường Trần Hưng Đạo, Quận Hoàn Kiếm, TP Hà Nội					Hà Nội	100
Trung tâm kinh doanh	Số 77 Trần Hưng Đạo - Quận Hoàn Kiếm - TP. Hà Nội					Hà Nội	100
Phòng GD Thụy Khuê	Số 123E Thụy Khuê, phường Thụy Khuê, quận Tây Hồ, TP. Hà Nội					Hà Nội	100
Chi nhánh Đông Đô	Số 2A Đại Cồ Việt, phường Lê Đại Hành, Quận Hai Bà Trưng, Thành phố Hà Nội, Việt Nam					Hà Nội	100
Hội sở	Số 77 Trần Hưng Đạo - Hoàn Kiếm - Hà Nội					Hà Nội	100
Chi nhánh Hà Nội	Số 49 Ngô Quyền, Phường Hàng Bài, Quận Hoàn Kiếm, TP. Hà Nội					Hà Nội	100
Phòng GD Thái Hà	Tầng 1 nhà số 88 Phạm Ngọc Thạch, Phường Trung Tự, Quận Đống Đa, Thành phố Hà Nội					Hà Nội	100
Phòng GD Giang Văn Minh	Số 34 - Giang Văn Minh, Phường Kim Mã, Quận Ba Đình, TP.Hà Nội					Hà Nội	100
Phòng GD Hoàng Quốc Việt	Số 335, Đường Hoàng Quốc Việt, P. Nghĩa Tân, Quận Cầu Giấy, TP. Hà Nội.					Hà Nội	100
Phòng GD Hàng Cót	Số 61 Hàng Cót, phường Hàng Mã, quận Hoàn Kiếm, TP.Hà Nội					Hà Nội	100
Phòng GD Tràng An	Số 352A phố Minh Khai, Phường Vĩnh Tuy, Quận Hai Bà Trưng, TP Hà Nội					Hà Nội	100
Phòng GD Phạm Hùng	Sàn thương mại số 1-08 và 1-09, tầng 1, khối đế tòa W1 và W2, lô đất HH, dự án Tổ hợp công trình Vinhomes Melodia (Vinhomes West Point), đường Phạm Hùng, phường Mễ Trì, quận Nam Từ Liêm, thành phố Hà Nội					Hà Nội	100
Phòng GD Tây Hồ Tây	Tòa nhà N01 – T3 Khu Đoàn Ngoại Giao, Phường Xuân Tảo, Quận Bắc Từ Liêm, TP HN					Hà Nội	100
Phòng GD Nguyễn Văn Cừ	Số 62 Phố Hồng Tiến, Phường Bồ Đề, Quận Long Biên, Thành phố Hà Nội					Hà Nội	100
Phòng GD Định Công	A15 Lô 9 Khu Đô thị mới Định Công, Phường Định Công, Hoàng Mai, TP Hà Nội					Hà Nội	100
Phòng GD Minh Khai	Số 64B Minh Khai, Phường Trương Định, Hai Bà Trưng, TP Hà Nội					Hà Nội	100
Phòng GD Lê Văn Lương	Tầng 1 tòa nhà 18T2, Khu đô thị mới Trung Hòa Nhân Chính, Phường Nhân Chính, Quận Thanh Xuân, TP Hà Nội					Hà Nội	100
Phòng GD Lê Thanh Nghị	Số 121 phố Lê Thanh Nghị, Phường Đồng Tâm, Quận Hai Bà Trưng, TP. Hà Nội					Hà Nội	100
Phòng GD Hoàng Mai	Tòa nhà South Building, Đường Trần Thủ Độ, Khu đô thị Pháp Vân, Phường Hoàng Liệt, Quận Hoàng Mai, TP Hà Nội					Hà Nội	100
Phòng GD Đông Anh	Số 107 Đường Cao Lỗ, Thôn Phan Xá, Xã Uy Nỗ, Huyện Đông Anh, Thành phố Hà Nội, Việt Nam					Hà Nội	100
Phòng GD Bà Triệu	Số 62 phố Lý Thường Kiệt, phường Trần Hưng Đạo, Quận Hoàn Kiếm, TP. Hà Nội					Hà Nội	100
Phòng GD Lạc Trung	Số 182 Lạc Trung Phường Vĩnh Tuy, Quận Hai Bà Trưng, TP. Hà Nội					Hà Nội	100
Chi nhánh Thăng Long	Số 91 Nguyễn Chí Thanh, phường Láng Hạ, quận Đống Đa, TP. Hà Nội					Hà Nội	100
Phòng GD Đống Đa	Số 434 phố Xã Đàn, phường Nam Đồng, Quận Đống Đa, TP Hà Nội.					Hà Nội	100
Phòng GD Lê Đức Thọ	Số 08 A1+A2 Đường Lê Đức Thọ, Mỹ Đình, Bắc Từ Liêm. TP. Hà Nội					Hà Nội	100
Phòng GD Trung Kính	150 Trung Kính – Phường Yên Hòa – Quận Cầu Giấy – Hà nội					Hà Nội	100
Phòng GD Đào Tấn	Số 27 Phố Đào Tấn, Phường Ngọc Khánh,Quận Ba Đình TP Hà Nội					Hà Nội	100
Phòng GD Tây Sơn	Số 350 Phố Tây Sơn, P. Ngã Tư Sở, Q. Đống Đa, TP.Hà Nội					Hà Nội	100
Phòng GD Nguyễn Huệ	Thửa 43+44 Khu tập thể Công ty Vật tư tổng hợp, Đường Tô Hiệu, Phường Quang Trung, Q. Hà Đông, TP. Hà Nội.					Hà Nội	100
Phòng GD Thanh Xuân	Căn ML6-32, Shophouse - Vinhomes Green Bay, đường Lương Thế Vinh, Phường Mễ Trì, Quận Nam Từ Liêm, Hà Nội					Hà Nội	100
Phòng GD Lạc Long Quân	Số 314, đường Lạc Long Quân, phường Xuân La, quận Tây Hồ, TP.Hà Nội					Hà Nội	100
Phòng GD Hồ Gươm	Số 8 Hàng Hành, phường hàng Trống, quận Hoàn Kiếm, TP.Hà Nội					Hà Nội	100
Chi nhánh Ba Đình	Số 21 Láng Hạ, phường Thành Công, quận Ba Đình, TP. Hà Nội					Hà Nội	100
Phòng GD Nam Đồng	Tầng F1, tòa nhà 187 Nguyễn Lương Bằng, phường Quang Trung, quận Đống Đa, TP.Hà Nội					Hà Nội	100
Phòng GD Cát Linh	Tổ 32 + 32B Bãi Cát Linh, Phường Cát Linh, Q. Đống Đa, TP. Hà Nội					Hà Nội	100
Phòng GD Vương Thừa Vũ	Số 95 phố Vương Thừa Vũ, phường Khương Mai, quận Thanh Xuân, TP.Hà Nội					Hà Nội	100
Phòng GD Giảng Võ	116-117-A6, Giảng Võ, phố Trần Huy Liệu, phường Giảng Võ, Ba Đình, TP.Hà Nội					Hà Nội	100
Phòng GD Thái Thịnh	Số 128-130 Phố Yên Lãng, phường Thịnh Quang, quận Đống Đa, thành phố Hà Nội					Hà Nội	100
Phòng GD Kim Liên	Tầng 1, chung cư HH1, Meco Complex, Ngõ 102, Đường Trường Chinh, Phường Phương Mai, Quận Đống Đa, TP Hà Nội					Hà Nội	100
Phòng GD Cửa Bắc	Số 31 phố Cửa Bắc, phường Trúc Bạch, quận Ba Đình, thành phố Hà Nội					Hà Nội	100
Phòng GD Xuân Đỉnh	Số 261 đường Phạm Văn Đồng, phường Xuân Đỉnh, quận Bắc Từ Liêm, TP. Hà Nội					Hà Nội	100
Phòng GD Lò Đúc	Số 125 D Lò Đúc, Phường Đống Mác, Quận Hai Bà Trưng, Hà Nội.					Hà Nội	100
Phòng GD Ngô Thì Nhậm	Số 17B Hàm Long, phường Phan Chu Trinh, quận Hoàn Kiếm, thành phố Hà Nội					Hà Nội	100
Phòng GD Chiến Thắng	Số 165 phố Khâm Thiên, Phường Thổ Quan, Quận Đống Đa, TP Hà Nội					Hà Nội	100
Phòng GD Triệu Việt Vương	51 Triệu Việt Vương, phường Bùi Thị Xuân, quận Hai Bà Trưng, TP.Hà Nội					Hà Nội	100
Chi nhánh Hoàn Kiếm	Số 40 phố Hàng Giấy, phường Đồng Xuân, Quận Hoàn Kiếm, Hà Nội					Hà Nội	100
Phòng GD Việt Hưng	số 106 -108 nhà K9 Khu đô thị mới Việt Hưng, Giang Biên, Long Biên, TP.Hà Nội					Hà Nội	100
Phòng GD Long Biên	Số 247 Nguyễn Văn Cừ, Ngọc Lâm, Long Biên, Hà Nội					Hà Nội	100
Phòng GD Tân Triều	Số 6, đường Cầu Bươu, Xã Tân Triều, Huyện Thanh Trì, Hà Nội					Hà Nội	100
Phòng GD Tây Hồ	Số 145 phố Yên Phụ, tổ 15, cụm 3, phường Yên Phụ, quận Tây Hồ, TP. Hà Nội					Hà Nội	100
Phòng GD Mỹ Đình	Tầng 1, Nhà A4, khu đô thị Mỹ Đình I, phường Cầu Diễn, quận Nam Từ Liêm, TP Hà Nội					Hà Nội	100
Chi nhánh Tây Hà Nội	Căn dịch vụ số 101, Lô C, Khu D5, Nguyễn Phong Sắc, phường Dịch Vọng Hậu, Q.Cầu Giấy, Hà Nội					Hà Nội	100
Phòng GD Trần Đăng Ninh	Số 249, Trần Đăng Ninh, phường Dịch Vọng, quận Cầu Giấy, Hà Nội					Hà Nội	100
Phòng GD Xuân Thủy	Tòa nhà H.I.T.C số 239 Xuân Thủy, phường Dịch Vọng Hậu, quận Cầu Giấy, Hà Nội					Hà Nội	100
Phòng GD Nguyễn Trãi	Tầng 1, tòa B, Dự án Thống Nhất Complex, số 82 phố Nguyễn Tuân, phường Thanh Xuân Trung, quận Thanh Xuân, thành phố Hà Nội					Hà Nội	100
Chi nhánh Hà Thành	Số 98 Đường Hoàng Quốc Việt, Phường Nghĩa Đô, Quận Cầu Giấy, TP Hà Nội					Hà Nội	100
Phòng GD Nguyễn Khánh Toàn	Số 14 Nguyễn Khánh Toàn, phường Quan Hoa, quận Cầu Giấy. TP Hà Nội					Hà Nội	100
Phòng GD Nghĩa Đô	Số 203 Đường Lạc Long Quân, Phường Nghĩa Đô, Quận Cầu Giấy, TP Hà Nội					Hà Nội	100
Phòng GD Cầu Diễn	Số 314 - 316 Đường Hồ Tùng Mậu, Phường Phú Diễn, Q.Bắc Từ Liêm, TP. Hà Nội					Hà Nội	100
Chi nhánh Vạn Phúc	Số 355-357 Phố Đội Cấn, Phường Liễu Giai, quận Ba Đình, thành phố Hà Nội.					Hà Nội	100
Phòng GD Đội Cấn	Số 266, Phố Đội Cấn, Quận Ba Đình, Hà Nội					Hà Nội	100
Phòng GD Thắng Lợi	Số 190, Thái Hà, phường Trung Liệt, quận Đống Đa, Hà Nội					Hà Nội	100
Phòng GD Hoàng Cầu	Lô 8/100 Hoàng Cầu , phường Ô Chợ Dừa, quận Đống Đa, TP Hà Nội					Hà Nội	100
Phòng GD Tôn Đức Thắng	Số 184, Tôn Đức Thắng, phường Hàng Bột, quận Đống Đa, TP. Hà Nội					Hà Nội	100
Chi nhánh Hàn Thuyên	Số 11 Hàn Thuyên, phường Phạm Đình Hổ, quận Hai Bà Trưng, Hà Nội					Hà Nội	100
Phòng GD Linh Đàm	số 2 TT6M3 Bắc Linh Đàm, đường Nguyễn Hữu Thọ, phường Đại Kim, quận Hoàng Mai, Hà Nội					Hà Nội	100
Phòng GD Bách Khoa	Tầng 2 + 3 căn nhà số 361 phố Bạch Mai, tổ 43, phường Bạch Mai, quận Hai Bà Trưng, thành phố Hà Nội					Hà Nội	100
Phòng GD Hoàng Văn Thụ	Số 26 Tổ 6, phường Tân Mai, Quận Hoàng Mai, Thành phố Hà Nội					Hà Nội	100
Phòng GD Lê Trọng Tấn	Tầng 1, Tòa nhà trụ sở Công ty TNHH một thành viên đầu tư và xây lắp ACC trực thuộc Bộ quốc phòng Số 210 Phố Lê Trọng Tấn, Quận Thanh Xuân, TP Hà Nội					Hà Nội	100
Chi nhánh Kinh Đô	Tầng 1, Tòa nhà 17T1, Khu đô thị Trung Hòa - Nhân Chính, phường Trung Hòa, quận Cầu Giấy, TP Hà Nội					Hà Nội	100
Phòng GD Kim Giang	Tầng 1, tòa nhà G4, chung cư Five Star Garden, số 2 Kim Giang, P. Kim Giang, Q. Thanh Xuân, Hà Nội					Hà Nội	100
Phòng GD Trung Yên	Số 23 Lô 12B Khu đô thị Trung Yên, phường Trung Hòa, quận Cầu Giấy, thành phố Hà Nội					Hà Nội	100
Chi nhánh Hà Đông	Số 16-18, đường Nguyễn Khuyến, phường Văn Quán, Quận Hà Đông, Thành phố Hà Nội.					Hà Nội	100
Phòng GD Lương Thế Vinh	Tầng 1 Tòa nhà Housinco Phùng Khoang, Ô đất CT2, Khu đô thị mới Phùng Khoang, Phường Trung Văn , Quận Nam Từ Liêm, thành phố Hà Nội					Hà Nội	100
Phòng GD Dương Nội	Tầng 1 Lô C16 - NV5, ô 11 khu C, Khu đô thị Lê Trọng Tấn - Geleximco, Phường Dương Nội, Quận Hà Đông, TP Hà Nội					Hà Nội	100
Phòng GD Mỗ Lao	Tầng 1, lô CT01, tòa nhà TSQ, Khu đô thị Mỗ Lao, phường Mộ Lao, quận Hà Đông, TP.Hà Nội					Hà Nội	100
Công ty SHAMC	Tầng 3, tòa nhà 71B Hàng Trống, phường Hàng Trống, quận Hoàn Kiếm, Hà Nội					Hà Nội	100
Phòng GD Tân Bình	Số nhà 465 Hoàng Văn Thụ, P.4, Q.Tân Bình, TP. Hồ Chí Minh					Hồ Chí Minh	100
Phòng GD Bàu Cát	Số 126 Bàu Cát, phường 14, quận Tân Bình, TP. Hồ Chí Minh					Hồ Chí Minh	100
Chi nhánh TP Hồ Chí Minh	Số 41-43-45 Pasteur, Phường Nguyễn Thái Bình, Quận 1, TP. HCM.					Hồ Chí Minh	100
Phòng GD Chợ Lớn	Số 18 Châu Văn Liêm, Phường 10, Quận 5, Thành phố Hồ Chí Minh					Hồ Chí Minh	100
Phòng GD Bình Thạnh	159 Xô Viết Nghệ Tĩnh, Phường 17, Quận Bình Thạnh, Thành phố Hồ Chí Minh					Hồ Chí Minh	100
Phòng GD Hòa Hưng	Số 50, Tô Hiến Thành, Phường 15, Quận 10, Thành phố Hồ Chí Minh.					Hồ Chí Minh	100
Phòng GD Gò Vấp	Số 273 Quang Trung, Phường 10, Quận Gò Vấp, Thành phố Hồ Chí Minh					Hồ Chí Minh	100
Phòng GD Nguyễn Thị Định	Số 204B-204C Nguyễn Thị Định, phường An Phú, Thành phố Thủ Đức, TP.HCM					Hồ Chí Minh	100
Phòng GD Tân Phú	Số 871 Lũy Bán Bích, Phường Tân Thành, Quận Tân Phú, TP.HCM					Hồ Chí Minh	100
Phòng GD CMT8	Toàn bộ căn nhà Số 465 + 483/15A Lê Văn Sỹ, Phường 12, Quận 3, TP Hồ Chí Minh					Hồ Chí Minh	100
Phòng GD An Đông	Số 65 Vĩnh Viễn, Phường 2, Quận 10, TP. Hồ Chí Minh					Hồ Chí Minh	100
Phòng GD Nơ Trang Long	Số 179A Đường Nơ Trang Long, P.12, Quận Bình Thạnh, TP.HCM					Hồ Chí Minh	100
Phòng GD Nguyễn Thị Thập	Số 378 Nguyễn Thị Thập, Phường Tân Quy, Quận 7, TP. HCM					Hồ Chí Minh	100
Phòng GD Phú Lâm	Số 265 Đường Nguyễn Văn Luông, Phường 12, Quận 6, TP.Hồ Chí Minh					Hồ Chí Minh	100
Phòng GD Nguyễn Thiện Thuật	53A Phạm Viết Chánh, Phường Nguyễn Cư Trinh, Quận 1, TP Hồ Chí Minh					Hồ Chí Minh	100
Phòng GD Cộng Hòa	Số 402 Cộng Hòa, P.13, Quận Tân Bình, TP Hồ Chí Minh					Hồ Chí Minh	100
Phòng GD Phan Văn Trị	Số 749 Phan Văn Trị, Phường 7, Quận Gò Vấp, Thành phố Hồ Chí Minh, Việt Nam					Hồ Chí Minh	100
Phòng GD Gia Định	Số: 242A đường Bạch Đằng, Phường 24, Quận Bình Thạnh, TP. HCM					Hồ Chí Minh	100
Chi nhánh Sài Gòn	Lô H3, Đường Hoàng Diệu, phường 6, quận 4, TP.Hồ Chí Minh					Hồ Chí Minh	100
Phòng GD Nguyễn Thái Sơn	Số 54/3/22 Bạch Đằng, phường 2, quận Tân Bình, thành phố Hồ Chí Minh					Hồ Chí Minh	100
Phòng GD Nguyễn Văn Linh	Số 25 (D1-11) Đường Nguyễn Văn Linh, Khu phố Mỹ Hưng, Phường Tân Phong, Quận 7, TP.HCM					Hồ Chí Minh	100
Phòng GD Quận 11	Một phần căn nhà Số 517-519 đường Minh Phụng, phường 10, quận 11, thành phố Hồ Chí Minh					Hồ Chí Minh	100
Phòng GD Trường Chinh	Số 852 Trường Chinh, phường 15, quận Tân Bình, TP. HCM					Hồ Chí Minh	100
Chi nhánh Phú Nhuận	Số 127 Trần Huy Liệu, phường 12, quận Phú Nhuận, TP. Hồ Chí Minh					Hồ Chí Minh	100
Phòng GD Bình Điền	Trung tâm Thương mại Bình Điền, Đại lộ Nguyễn Văn Linh, Khu phố 6, phường 7, quận 8, TP.Hồ Chí Minh					Hồ Chí Minh	100
Phòng GD Thủy Nguyên	Số 1D Phố Mới, xã Tân Dương, huyện Thủy Nguyên, thành phố Hải Phòng					Hải Phòng	100
Chi nhánh Hải Phòng	Tòa nhà DG Tower, số 15 Trần Phú, phường Lương Khánh Thiện, Quận Ngô Quyền, TP. Hải Phòng					Hải Phòng	100
Phòng GD Kiến An	Số 226-228 phố Trần Thành Ngọ, phường Trần Thành Ngọ, Quận Kiến An, TP Hải Phòng					Hải Phòng	100
Phòng GD Lạch Tray	Số 458 đường Lạch Tray, phường Đằng Giang, Quận Ngô Quyền, TP Hải Phòng					Hải Phòng	100
Phòng GD Sông Cấm	Số 282 đường Đà Nẵng, phường Vạn Mỹ, quận Ngô Quyền, Thành Phố Hải Phòng.					Hải Phòng	100
Phòng GD Quý Kim	Tầng 1, Tòa nhà 10 tầng Văn phòng cho thuê Việt Úc, số 2, lô 16D, đường Lê Hồng Phong, phường Đằng Lâm, quận Hải An, thành phố Hải Phòng					Hải Phòng	100
Phòng GD Quán Toan	Số 162 đường Hà Nội, phường Quán Toan, quận Hồng Bàng, TP. Hải Phòng					Hải Phòng	100
Phòng GD Tô Hiệu	Số 303 phố Tô Hiệu, phường Hồ Nam, quận Lê Chân, TP. Hải Phòng					Hải Phòng	100
Phòng GD Văn Cao	Số 125 phố Văn Cao, phường Đằng Giang, quận Ngô Quyền, TP. Hải Phòng					Hải Phòng	100
Phòng GD Niệm Nghĩa	Số 332-334 phố Trần Nguyên Hãn, phường Niệm Nghĩa, quận Lê Chân, TP Hải Phòng					Hải Phòng	100
Phòng giao dich Đằng Giang	Số 16 Phố Lãn Ông, phường Phan Bội Châu, Quận Hồng Bàng, TP. Hải Phòng;					Hải Phòng	100
Phòng GD Đông Hải	Số 210 Phố Hàng Kênh, phường Hàng Kênh, quận Lê Chân, TP.Hải Phòng					Hải Phòng	100
Phòng giao dịch Ngô Quyền	Tầng 1 nhà số 8 Lô 22B, đường Lê Hồng Phong, phường Đông Khê, quận Ngô Quyền, TP.Hải Phòng					Hải Phòng	100
Phòng GD Lê Duẩn	Số 180 đường Trường Chinh, Phường Lãm Hà, Quận Kiến An, TP. Hải Phòng					Hải Phòng	100
Phòng GD Sông Hàn	Số 48 đường Nguyễn Văn Thoại, P. Mỹ An, quận Ngũ Hành Sơn, TP. Đà Nẵng					Đà Nẵng	100
Chi nhánh SHB Đà Nẵng	Số 06 Nguyễn Văn Linh, Phường Nam Dương, Quận Hải Châu, TP. Đà Nẵng					Đà Nẵng	100
Phòng GD Hòa Khánh	Số 731 Tôn Đức Thắng, Phường Hòa Khánh Bắc, Quận Liên Chiểu, Đà Nẵng					Đà Nẵng	100
Phòng GD Thanh Khê	Số 639 đường Điện Biên Phủ, Phường An Khê, Quận Thanh Khê, TP. Đà Nẵng					Đà Nẵng	100
Phòng GD Thanh Bình	Số 202 Đống Đa, Phường Thuận Phước, Quận Hải Châu, TP. Đà Nẵng.					Đà Nẵng	100
Phòng GD Núi Thành	Số 59 Núi Thành, phường Hòa Thuận Đông, quận Hải Châu, TP. Đà Nẵng					Đà Nẵng	100
Phòng GD Tây Đà Nẵng	124 Nguyễn Thị Minh Khai, Phường Hải Châu 1, Quận Hải Châu, Thành phố Đà Nẵng					Đà Nẵng	100
Phòng GD Hòa Cường	Số 278 Nguyễn Hữu Thọ, Phường Hòa Cường Bắc, Quận Hải Châu, Thành phố Đà Nẵng					Đà Nẵng	100
Phòng GD Triệu Nữ Vương	108 Triệu Nữ Vương, Phường Hải Châu II, Quận Hải Châu, Thành phố Đà Nẵng					Đà Nẵng	100
Phòng GD Cốc Lếu	033 đường Cốc Lếu, phường Cốc Lếu, TP. Lào Cai, tỉnh Lào Cai					Lào Cai	100
Chi nhánh Lào Cai	Phố Lý Công Uẩn, ngã 6, phường Kim Tân, TP. Lào Cai, tỉnh Lào Cai					Lào Cai	100
Phòng GD Phố Mới	Số 045, đường Phan Đình Phùng, phường Phố Mới, TP. Lào Cai, tỉnh Lào Cai					Lào Cai	100
Phòng GD Phan Thiết	Số 325 đường Quang Trung, tổ 29, phường Phan Thiết, TP. Tuyên Quang, tỉnh Tuyên Quang					Tuyên Quang	100
Chi nhánh Tuyên Quang	Số 138 đường Nguyễn Trãi, tổ 14, phường Tân Quang, thành phố Tuyên Quang, tỉnh Tuyên Quang					Tuyên Quang	100
Chi nhánh Lạng Sơn	Số 133, Đường Lê Lợi, phường Vĩnh Trại, TP. Lạng Sơn, Tỉnh Lạng Sơn					Lạng Sơn	100
Phòng GD Hữu Lũng	Cửa hàng Thương mại huyện Hữu Lũng, đường Chi Lăng, Khu An Ninh, thị trấn Hữu Lũng, huyện Hữu Lũng, tỉnh Lạng Sơn					Lạng Sơn	100
Phòng GD Phổ Yên	Số 124 đường Trường Chinh, tổ dân phố 5, phường Ba Hàng, thị xã Phổ Yên, Tỉnh Thái Nguyên					Thái Nguyên	100
PGD Lương Ngọc Quyến	Số 949 đường Dương Tự Minh, Tổ 1, Phường Hoàng Văn Thụ, TP Thái Nguyên, Tỉnh Thái Nguyên					Thái Nguyên	100
Chi nhánh Thái Nguyên	Trung tâm thương mại Chợ Minh Cầu, số 2, Đường Minh Cầu, Phường Phan Đình Phùng, Thành phố Thái Nguyên, Tỉnh Thái Nguyên.					Thái Nguyên	100
Chi nhánh Sơn La	Số 375, đường Chu Văn Thịnh, Phường Chiềng Lề, TP. Sơn La, tỉnh Sơn La					Sơn La	100
Chi nhánh Vĩnh Phúc	Số 361 đường Mê Linh, phường Liên Bảo, TP. Vĩnh Yên, tỉnh Vĩnh Phúc					Vĩnh Phúc	100
Phòng GD Phúc Yên	Số 231 đường Hai Bà Trưng, phường Hùng Vương, thành phố Phúc Yên, tỉnh Vĩnh Phúc					Vĩnh Phúc	100
Phòng GD Số 1	Số nhà 305, Tổ 4, khu 4, phường Giếng Đáy, thành phố Hạ Long, tỉnh Quảng Ninh					Quảng Ninh	100
Phòng GD Hạ Long	Số 64 - 66 đường Trần Hưng Đạo, Phường Trần Hưng Đạo, TP Hạ Long, Tỉnh Quảng Ninh.					Quảng Ninh	100
Chi nhánh Quảng Ninh	Số 18 đường 25/4, Phường Bạch Đằng, TP Hạ Long, tỉnh Quảng Ninh					Quảng Ninh	100
Phòng GD Cửa Ông	Số 333 Phố Mới, Phường Cửa Ông, TP Cẩm Phả, tỉnh Quảng Ninh.					Quảng Ninh	100
Phòng GD Uông Bí	Tòa nhà Siêu thị Sông Sinh, Số 513 Quang Trung, Tổ 43A, Khu 12, Phường Quang Trung, TP Uông Bí, tỉnh Quảng Ninh					Quảng Ninh	100
Phòng GD Hồng Hải	Số 182 Nguyễn Văn Cừ, Phường Hồng Hải, TP Hạ Long, tỉnh Quảng Ninh					Quảng Ninh	100
Phòng GD Vân Đồn	Số nhà 72-74 tỉnh lộ 334, Tổ 1, Khu 4, Thị trấn Cái Rồng, Huyện Vân Đồn, Tỉnh Quảng Ninh					Quảng Ninh	100
Phòng GD Cẩm Tây	Số 132-134, đường Trần Phú, Phường Cẩm Tây, thành phố Cẩm Phả, tỉnh Quảng Ninh					Quảng Ninh	100
Phòng GD Bãi Cháy	Số 466, đường Hạ Long, phường Bãi Cháy, TP Hạ Long, tỉnh Quảng Ninh					Quảng Ninh	100
Phòng GD Mạo Khê	Số 66A Tổ 4, Khu Hoàng Hoa Thám, phường Mạo Khê, Thị xã Đông Triều, Quảng Ninh					Quảng Ninh	100
Phòng GD Móng Cái	Số 109 Đường Trần Phú, thành phố Móng Cái, tỉnh Quảng Ninh					Quảng Ninh	100
Phòng GD Hồng Hà	Số nhà 286 đường Nguyễn Văn Cừ, Phường Hồng Hà, TP Hạ Long, Tỉnh Quảng Ninh					Quảng Ninh	100
Phòng GD Quang Hanh	Số nhà 68 đường Nguyễn Đức Cảnh, Tổ 1 Khu 5, Phường Quang Hanh, TP Cẩm Phả, Quảng Ninh					Quảng Ninh	100
Phòng Giao dịch Quảng Trường	Ô 12 Lô A6, Khu đô thị Monbay (Khu đô thị mới phía Đông hòn Cặp Bè), Phường Hồng Hải, TP. Hạ Long, Tỉnh Quảng Ninh					Quảng Ninh	100
Phòng GD Cẩm Phú	Số 444, tổ 30, khu 2, phường Cẩm Phú, thành phố Cẩm Phả, tỉnh Quảng Ninh					Quảng Ninh	100
Phòng GD Cẩm Phả	Số 548 - 550 đường Trần Phú, Phường Cẩm Thủy, TP Cẩm Phả, Tỉnh Quảng Ninh					Quảng Ninh	100
Phòng GD Quảng Yên	Số 191, khu 9, đường Lê Lợi, phường Quảng Yên, thị xã Quảng Yên, tỉnh Quảng Ninh					Quảng Ninh	100
Phòng GD Yên Phong	Phố Chờ, thị trấn Chờ, huyện Yên Phong, tỉnh Bắc Ninh					Bắc Ninh	100
Phòng GD Số 1	Số 648 đường Ngô Gia Tự, phường Ninh Xá, Thị xã Bắc Ninh, Tỉnh Bắc Ninh					Bắc Ninh	100
Phòng GD Đồng Kỵ	Thửa đất số 122, tờ bản đồ số 44, đường Nguyễn Văn Cừ, Phường Trang Hạ, TX. Từ Sơn, tỉnh Bắc Ninh					Bắc Ninh	100
Chi nhánh Bắc Ninh	Ngã 6, phường Đại Phúc, thành phố. Bắc Ninh, tỉnh Bắc Ninh					Bắc Ninh	100
Chi nhánh Kinh Bắc	Đường Lý Thái Tổ, phường Đông Ngàn, thị xã Từ Sơn, tỉnh Bắc Ninh					Bắc Ninh	100
Chi nhánh Hải Dương	Số 1 đường Thống Nhất, Phường Lê Thanh Nghị, TP Hải Dương, tỉnh Hải Dương					Hải Dương	100
Phòng GD Văn Giang	Số 340, đường 179, Khu Dịch Vụ, xã Phụng Công, huyện Văn Giang, Tỉnh Hưng Yên					Hưng Yên	100
Phòng GD Phố Hiến	Số 279 đường Đường Điện Biên, phường Quang Trung, TP. Hưng Yên, tỉnh Hưng Yên					Hưng Yên	100
Chi nhánh SHB Hưng Yên	Đường 196, thị trấn Bần Yên Nhân, huyện Mỹ Hào, tỉnh Hưng Yên					Hưng Yên	100
Phòng GD Dân Tiến	Thửa đất số 432-435, tờ bản đồ số 4, Quốc lộ 39A, Thôn An Lạc, xã Đồng Tiến, Huyện Khoái Châu, tỉnh Hưng Yên					Hưng Yên	100
Phòng GD Như Quỳnh	Thửa đất số 47, tờ bản đồ số 21, Thị trấn Như Quỳnh, huyện Văn Lâm, tỉnh Hưng Yên					Hưng Yên	100
Chi nhánh Hà Nam	PG1 – 05, PG1 – 06 Vincom Shophouse Phủ Lý, Đường Biên Hòa, Phường Minh Khai, Thành Phố Phủ Lý, Tỉnh Hà Nam					Hà Nam	100
Chi nhánh Nam Định	Ba lô hợp khối là lô CL14- 24,25,26 đường Trần Phú, TP Nam Định, tỉnh Nam Định					Nam Định	100
Phòng GD Thái Thụy	Số 266A, Khu 6, Thị trấn Diêm Điềm, Huyện Thái Thụy, Tỉnh Thái Bình					Thái Bình	100
Phòng GD Tiền Hải	Số nhà 17, Phố Tiểu Hoàng, Thị trấn Tiền Hải, Huyện Tiền Hải, Tỉnh Thái Bình					Thái Bình	100
Chi nhánh Thái Bình	Số 431 Trần Hưng Đạo, phường Trần Hưng Đạo, thành phố Thái Bình, tỉnh Thái Bình					Thái Bình	100
Phòng GD Tam Điệp	Số 16, Đường Trần Phú, Phường Bắc Sơn, Thành phố Tam Điệp, Tỉnh Ninh Bình					Ninh Bình	100
PGD SHB Tam Điệp	Số 16, đường Trần Phú, Phường Bắc Sơn, Thành phố Tam Điệp, tỉnh Ninh Bình					Ninh Bình	100
Chi nhánh Ninh Bình	Số 55 đường Trần Hưng Đạo, phường Đông Thành, thành phố Ninh Bình, tỉnh Ninh Bình					Ninh Bình	100
Phòng GD Lê Hoàn	Số 347, đường Lê Hoàn, phường Ba Đình, Thành phố Thanh Hóa, Tỉnh Thanh Hóa					Thanh Hóa	100
Phòng GD Đông Hương	Đại lộ Lê Lợi, Phường Đông Hương, Thành phố Thanh Hóa, Tỉnh Thanh Hóa					Thanh Hóa	100
Chi nhánh Thanh Hóa	Trung tâm thương mại Thanh Hóa, số 27 - 29 đường Lê Lợi, P. Lam Sơn, Tp. Thanh Hóa, tỉnh Thanh Hóa.					Thanh Hóa	100
Phòng GD Hạc Thành	Số 228 đường Nguyễn Trãi, phường Ba Đình, thành phố Thanh Hóa, tỉnh Thanh Hóa.					Thanh Hóa	100
Chi nhánh Nghệ An	Chung cư Tecco Tower số 215 đường Lê Lợi, Phường Lê Lợi, Thành phố Vinh, Tỉnh Nghệ An					Nghệ An	100
Phòng GD Hồ Tùng Mậu	Số 9 Hồ Tùng Mậu, phường Hưng Bình, thành phố Vinh, Nghệ An					Nghệ An	100
Phòng GD Thái Hòa	Khối 250, phường Quang Tiến, Thị xã Thái Hòa, Nghệ An					Nghệ An	100
Phòng GD Diễn Châu	Khối 5, thị trấn Diễn Châu, huyện Diễn Châu, Nghệ An					Nghệ An	100
Phòng GD Hà Huy Tập	Số 73 Đại lộ Lê Nin, Phường Hà Huy Tập, Thành phố Vinh, tỉnh Nghệ An					Nghệ An	100
Phòng GD Quỳnh Lưu	Khối 1, TT Cầu Giát, huyện Quỳnh Lưu, Nghệ An					Nghệ An	100
Phòng GD Đô Lương	Khối 7, TT Đô Lương, huyện Đô Lương, Nghệ An					Nghệ An	100
Phòng GD Nghi Lộc	K.4 TT Quán Hành - Nghi Lộc - Nghệ An					Nghệ An	100
Chi nhánh Hà Tĩnh	Số 52 đường Phan Đình Phùng, phường Nam Hà, thành phố Hà Tĩnh, tỉnh Hà Tĩnh					Hà Tĩnh	100
Phòng GD Phú Bài	Số 110 C Nguyễn Tất Thành, Phường Phú Bài, Thị xã Hương Thủy, Tỉnh Thừa Thiên Huế					Thừa Thiên Huế	100
Phòng GD Phú Hội	Số 59, đường Hùng Vương, phường Phú Hội, thành phố Huế, tỉnh Thừa Thiên Huế					Thừa Thiên Huế	100
Chi nhánh Huế	Số 28 đường Lý Thường Kiệt, phường Vĩnh Ninh, TP. Huế, tỉnh Thừa Thiên Huế					Thừa Thiên Huế	100
Phòng GD Phú Xuân	Số 46 Mai Thúc Loan, phường Thuận Lộc, thành phố Huế					Thừa Thiên Huế	100
Chi nhánh Quảng Nam	Số 409 đường Phan Bội Châu, phường Tân Thạnh, thành phố Tam Kỳ, tỉnh Quảng Nam					Quảng Nam	100
Phòng GD Hội An	Số 130 Nguyễn Trường Tộ, phường Cẩm Phô, Thành phố Hội An, tỉnh Quảng Nam.					Quảng Nam	100
Phòng GD Điện Bàn	Tổ 3, khối phố 1, Thị trấn Vĩnh Điện, huyện Điện Bàn, tỉnh Quảng Nam					Quảng Nam	100
PGD Bình Sơn	Số 236 đường Phạm Văn Đồng, Thị Trấn Châu Ổ, Huyện Bình Sơn, Tỉnh Quảng Ngãi					Quảng Ngãi	100
Chi nhánh Quảng Ngãi	Số 252-254-256 Đường Hùng Vương, phường Trần Phú, thành phố Quảng Ngãi, tỉnh Quảng Ngãi					Quảng Ngãi	100
Phòng giao dịch An Nhơn	Lô góc A47, Lô A48 khu dân cự Đông Bàn Thành, phường Đập Đá, thị xã An Nhơn, tỉnh Bình Định					Bình Định	100
Chi nhánh Bình Định	Số 85 Mai Xuân Thưởng, TP Quy Nhơn, Tỉnh Bình Định					Bình Định	100
Phòng GD Đắk Đoa	Số 9 Phan Đình Phùng, tổ dân phố 2, Thị trấn Đắk Đoa, tỉnh Gia Lai					Gia Lai	100
Chi nhánh Gia Lai	Số 87 Hoàng Văn Thụ, phường Diên Hồng, thành phố TP. Pleiku, Tỉnh Gia Lai					Gia Lai	100
Phòng GD Biển Hồ	Số 572, Phạm Văn Đồng, phường Đống Đa, thành phố Pleiku, tỉnh Gia Lai					Gia Lai	100
Phòng GD Chư Sê	Số 842 đường Hùng Vương, Tổ 2 thị trấn Chư Sê, Huyện Chư Sê Gia Lai					Gia Lai	100
Chi nhánh Đắk Lắk	Số 90A, Đường Trần Phú, Phường Thành Công, Thành phố Buôn Ma Thuột, tỉnh Đắk Lắk					Đắk Lắk	100
Chi nhánh Khánh Hòa	Số 175 -177 đường Thống Nhất, phường Phương Sài, thành phố Nhà Trang, tỉnh Khánh Hòa					Khánh Hòa	100
Phòng GD Vĩnh Phước	Số 28A Đường 2/4, Phường Vĩnh Phước, TP Nha Trang, T. Khánh Hòa					Khánh Hòa	100
Phòng GD Ninh Hoà	Số 238 đường Nguyễn Thị Ngọc Oanh, Phường Ninh Hiệp, Thị xã Ninh Hòa, Tỉnh Khánh Hòa					Khánh Hòa	100
Phòng GD Vạn Ninh	Số 339 Hùng Vương, Thị trấn Vạn Giã, Huyện Vạn Ninh, Tỉnh Khánh Hoà					Khánh Hòa	100
Phòng GD Cam Ranh	Số 126, đường 22/8, P. Cam Thuận, TP. Cam Ranh, tỉnh Khánh Hòa					Khánh Hòa	100
Chi nhánh Lâm Đồng	135-145 Phan Đình Phùng, phường 2, TP. Đà Lạt, tỉnh Lâm Đồng.					Lâm Đồng	100
Phòng GD Đức Trọng	Số 454 – 456 Quốc lộ 20, Thị trấn Liên Nghĩa, Huyện Đức Trọng, Tỉnh Lâm Đồng					Lâm Đồng	100
Phòng GD Bảo Lộc	Số 451-453 Trần Phú, phường Lộc Sơn, TP. Bảo Lộc, tỉnh Lâm Đồng					Lâm Đồng	100
Phòng GD Bù Đăng	Số 79 Quốc lộ 14, Khu Tân Hưng, Thị trấn Đức Phong, Huyện Bù Đăng, tỉnh Bình Phước					Bình Phước	100
Phòng GD Chơn Thành	Đường Nguyễn Huệ, Khu phố 1, Phường Hưng Long, Thị xã Chơn Thành, Huyện Chơn Thành, Tỉnh Bình Phước					Bình Phước	100
Chi nhánh Bình Phước	Số 147, Đường Hùng Vương, Phường Tân Bình, Thành phố Đồng Xoài, tỉnh Bình Phước					Bình Phước	100
Phòng GD Phước Long	Khu phố 5, Phường Long Phước, Thị xã Phước Long, Tỉnh Bình Phước					Bình Phước	100
Phòng GD Thuận An	Số 12 Đường Nguyễn Văn Tiết, Khu phố Bình Hòa, Phường Lái Thiêu, Thành phố Thuận An, Tỉnh Bình Dương					Bình Dương	100
Phòng GD Sở Sao	Số 69/3 Khu phố 1, Ấp 1, Phường Tân Định, Thị xã Bến Cát, Tỉnh Bình Dương					Bình Dương	100
Phòng GD Phước Vĩnh	Số 135 Khu phố 1, TT Phước Vĩnh, H. Phú Giáo, Tỉnh Bình Dương					Bình Dương	100
Chi nhánh Bình Dương	Số 481 Đại lộ Bình Dương, khu phố 01, phường Phú Cường, TP. Thủ Dầu Một, Tỉnh Bình Dương.					Bình Dương	100
Phòng GD Thủ Dầu Một	Số 13 đường Hùng Vương, phường Phú Cường, TP. Thủ Dầu Một, Bình Dương					Bình Dương	100
Phòng GD Sóng Thần	Số 137-137A đường Lê Trọng Tấn, khu phố Bình Đường 2, phường An Bình, thành phố Dĩ An, tỉnh Bình Dương					Bình Dương	100
Phòng GD Bến Cát	Số 181 đường Hùng Vương, KP1, thị trấn Mỹ Phước, huyện Bến Cát, tỉnh Bình Dương					Bình Dương	100
Phòng GD Tân Phước Khánh	Đường ĐT746, tổ 3, khu phố Bình Hòa, phường Tân Phước Khánh, thị xã Tân Uyên, tỉnh Bình Dương, Việt Nam					Bình Dương	100
Phòng giao dịch Hòa Phú	Ô 24-25-26, Lô H, Khu C2&C4, Khu đô thị mới Bình Dương, P.Hoà Phú, TP.Thủ Dầu Một, Tỉnh Bình Dương					Bình Dương	100
Phòng giao dịch Dĩ An	Số 53, Đường Dĩ An – Truông Tre, khu phố Nhị Đồng 2, phường Dĩ An, Thị xã Dĩ An, tỉnh Bình Dương.					Bình Dương	100
Phòng Giao dịch Hòa Thanh	221 Hùng Vương, khu phố 4, Phường Long Hoa, Thị xã Hòa Thành, Tỉnh Tây Ninh					Tây Ninh	100
Chi nhánh Tây Ninh	Số 409 đường 30 tháng 04 , khu phố 1, phường 1, Thành phố Tây Ninh, tỉnh Tây Ninh.					Tây Ninh	100
Chi nhánh Bình Thuận	211-213-215 Võ Văn Kiệt, Phường Phú Thủy, TP Phan Thiết, Bình Thuận					Bình Thuận	100
Chi nhánh Đồng Nai	Số 10-11, đường Nguyễn Ái Quốc, KP 8, phường Tân Phong, TP. Biên Hoà, tỉnh Đồng Nai					Đồng Nai	100
Phòng GD Long Thành	Số 297, đường Lê Duẩn, Tổ 7, Khu Phước Hải, Thị trấn Long Thành, Huyện Long Thành, Tỉnh Đồng Nai					Đồng Nai	100
Phòng GD Trảng Bom	Số 2424, quốc lộ 1A, khu III, ấp Thanh Hóa, xã Hố Nai 3, H. Trảng Bom, tỉnh Đồng Nai					Đồng Nai	100
Phòng GD Tam Hiệp	Số 276, đường Phạm Văn Thuận, khu phố 4, phường Tam Hiệp, TP. Biên Hoà, tỉnh Đồng Nai					Đồng Nai	100
Phòng GD Hố Nai	Số 28/5 Quốc lộ 1A, khu phố 1, phường Tân Biên, TP. Biên Hoà, tỉnh Đồng Nai					Đồng Nai	100
Phòng GD Đồng Khởi	Số 93/38, đường Đồng Khởi, phường Tân Phong, TP. Biên Hòa, Đồng Nai					Đồng Nai	100
Phòng GD Long Bình Tân	Số 146 đường Bùi Văn Hòa, KP11, P. An Bình, TP. Biên Hòa, Đồng Nai					Đồng Nai	100
Phòng GD Biên Hòa	Số 15-17, đường 30/4, phường Thanh Bình, thành phố Biên Hòa, tỉnh Đồng Nai					Đồng Nai	100
Phòng GD Gia Kiệm	Số 1/5B, ấp Tây Kim, xã Gia kiệm, huyện Thống Nhất, tỉnh Đồng Nai					Đồng Nai	100
Chi nhánh Long An	Số 135-137 Đường Hùng Vương, Phường 2, thành phố Tân An, tỉnh Long An					Long An	100
Chi nhánh Đồng Tháp	Số 193-195 đường Hùng Vương, phường 2, thành phố Cao Lãnh, tỉnh Đồng Tháp					Đồng Tháp	100
Phòng GD Sa Đéc	Số 246 - 248 đường Hùng Vương, Phường 1, Thành phố Sa Đéc, Tỉnh Đồng Tháp					Đồng Tháp	100
Phòng GD Hồng Ngự	Số 110 đường Võ Văn Kiệt, Phường An Thạnh, Thị xã Hồng Ngự, Tỉnh Đồng Tháp					Đồng Tháp	100
Phòng GD SHB Mỹ Xuyên	Số 79 Trần Hưng Đạo, Phường Mỹ Xuyên, Tp. Long Xuyên, tỉnh An Giang					An Giang	100
Chi nhánh An Giang	Số 1293 Trần Hưng Đạo, Phường Mỹ Bình, Tp. Long Xuyên, tỉnh An Giang					An Giang	100
Phòng GD Châu Đốc	Số 7-9 Đường Quang Trung, Phường Châu Phú A, Tp. Châu Đốc, tỉnh An Giang					An Giang	100
Phòng GD Mỹ Quý	Số 1852, Trần Hưng Đạo, phường Mỹ Quý, Tp. Long Xuyên, tỉnh An Giang					An Giang	100
Phòng Giao dịch Châu Đức	Số 89 Trần Hưng Đạo, Thị trấn Ngãi Giao, Huyện Châu Đức, Tỉnh Bà Rịa – Vũng Tàu					Bà Rịa Vũng Tàu	100
Phòng Giao dịch Phước Hải	Ô 2/19 đường Võ Thị Sáu, Thị trấn Phước Hải, Huyện Đất Đỏ, Tỉnh Bà Rịa – Vũng Tàu					Bà Rịa Vũng Tàu	100
Chi nhánh Vũng Tàu	12G3 Khu Trung Tâm Thương mại, đường Nguyễn Thái Học, phường 7, Tp Vũng Tàu, Tỉnh Bà Rịa Vũng Tàu					Bà Rịa Vũng Tàu	100
Phòng GD Xuyên Mộc	Số 106 quốc lộ 55, thị trấn Phước Bửu, Huyện Xuyên Mộc, Bà Rịa Vũng Tàu					Bà Rịa Vũng Tàu	100
PGD Gò Công	Số 4/3B, Đường Lý Tự Trọng, Khu phố 1, Phường 1, Thị xã Gò Công, Tỉnh Tiền Giang					Tiền Giang	100
PGD Cai Lậy	Số 63 quốc lộ 1A, Khu phố 2, phường 1, Thị xã Cai Lậy, Huyện Cai Lậy, Tỉnh Tiền Giang					Tiền Giang	100
Chi nhánh Tiền Giang	Số 224A, Nam Kỳ Khởi Nghĩa, phường 7, thành phố Mỹ Tho, tỉnh Tiền Giang					Tiền Giang	100
Chi nhánh Kiên Giang	Lô C10 – 50 + 51 đường 3/2, phường Vĩnh Lạc, TP. Rạch Giá, tỉnh Kiên Giang					Kiên Giang	100
Phòng GD Tân Hiệp	Số 53 Quốc lộ 80, Khu Phố B, Thị Trấn Tân Hiệp, Huyện Tân Hiệp, Tỉnh Kiên Giang					Kiên Giang	100
Phòng GD Rạch Sỏi	Lô L04 - 07 đường Mai Thị Hồng Hạnh, Phường Rạch Sỏi, thành phố Rạch Giá, Tỉnh Kiên Giang					Kiên Giang	100
Phòng GD Phong Điền	Số 341- 342 ấp Thị Tứ, Thị Trấn Phong Điền, huyện Phong Điền, TP. Cần Thơ					Cần Thơ	100
Phòng GD Xuân Khánh	Số 291 đường 30 tháng 4, Phường Xuân Khánh, Quận Ninh Kiều, TP Cần Thơ					Cần Thơ	100
Chi nhánh Cần Thơ	Số 16-18, Đại lộ Hòa Bình, Phường An Cư, quận Ninh Kiều, TP. Cần Thơ					Cần Thơ	100
Phòng GD Bình Thủy	Số 42/9 đường Lê Hồng Phong, phường Bình Thủy, quận Bình Thủy, TP. Cần Thơ					Cần Thơ	100
Phòng GD Phan Đình Phùng	Số 42A Phan Đình Phùng, phường Tân An, quận Ninh Kiều, TP. Cần Thơ					Cần Thơ	100
Phòng GD Thạnh An	2881 Quốc lộ 80, ấp Phụng Quới A, thị trấn Thạnh An, huyện Vĩnh Thạnh, TP. Cần Thơ.					Cần Thơ	100
Phòng GD Trần Phú	42 đường Trần Hưng Đạo, P. An Nghiệp, Q. Ninh Kiều, TP. Cần Thơ.					Cần Thơ	100
Phòng GD Thốt Nốt	Số 293 Quốc lộ 91, Khu vực Long Thạnh 1, phường Thốt Nốt, quận Thốt Nốt, thành phố Cần Thơ					Cần Thơ	100
Phòng GD An Hòa	Số 179 Nguyễn Văn Cừ, Phường An Hòa, Quận Ninh Kiều, TP Cần Thơ					Cần Thơ	100
Chi nhánh Vĩnh Long	PG 01-05, PG 01-06 khu nhà phố Shophouse Vincom Vĩnh Long, đường Phạm Thái Bường, phường 4, TP. Vĩnh Long, tỉnh Vĩnh Long					Vĩnh Long	100
Phòng GD Kế Sách	Số 08 đường 30/4, Ấp An Ninh 1, Thị trấn Kế Sách, Tỉnh Sóc Trăng					Sóc Trăng	100
Chi nhánh Sóc Trăng	Số 2 Trần Hưng Đạo, phường 2, thành phố Sóc Trăng, tỉnh Sóc Trăng					Sóc Trăng	100
Phòng GD Phường 2	Số 56 Nguyễn Hữu Lễ, Phường 2, Thành phố Cà Mau, Tỉnh Cà Mau					Cà Mau	100
Chi nhánh Cà Mau	Số 132A, đường Nguyễn Tất Thành, phường 8, thành phố Cà Mau, tỉnh Cà Mau					Cà Mau	100
Ngân hàng TNHH Sài Gòn – Hà Nội Lào, Chi nhánh Champasak	336, 337, 338 Chợ mới Pakse, bản Phonekung, huyện Pakse, tỉnh Champask, Cộng hòa dân chủ nhân dân Lào.					Lào Cai	50
Ngân hàng SHB Campuchia	Số 107, đại lộ Norodom, phường Boeng Reang, quận Don Penh, Phnom Penh, Cambodia					Hải Phòng	50
Chi nhánh cấp II Nehru	Số 161CD, đường Nehru, phường Phsar Depo I, quận Toul Kouk, Phnom Penh, Cambodia					Hải Dương	50
Chi nhánh cấp II Kampong Thom	Làng Stoeung Sen, xã Kampong Krobao, thành phố Stoeung Sen, tỉnh Kampong Thom, Cambodia					Lạng Sơn	50
Chi nhánh cấp II Por Senchey	Số 250-252, đường Russie, phường Cacap, quận Por Senchey, Phnom Penh, Cambodia					Hải Dương	50
Chi nhánh cấp II Toul Kouk	Số 59A, đường 289, phường Boeung Kak 2, quận Toul Kouk, Phnom Penh, Cambodia					Hải Dương	50
Ngân hàng TNHH Sài Gòn – Hà Nội Lào, Chi nhánh Savanakhet	Đường Sisavangvong, tổ 25, bản Lattanalangsy Neua, Thành phố Kaysone Phomvihan, Savannaket, CHDCND Lào					Lào Cai	50
Ngân hàng TNHH Sài Gòn – Hà Nội Lào	Tổ 01 đường Lanexang, bản Hatsady, Huyện Chanthabuly, Thủ đô Viêng Chăn, Cộng hòa dân chủ nhân dân Lào.					Lào Cai	50