name	address	latitude	longitude	phone	workingTime	province
LiveBank Thủy Nguyên Ecopark (CRM/CDM)	MRA186 Thủy Nguyên, KĐT Ecopark 2, xã Xuân Quan, huyện Văn Giang, tỉnh Hưng Yên	20.9491830698829	105.934424934359			Hưng Yên
TPBank Ninh Bình	Số 107-109 Đinh Tiên Hoàng, phường Đông Thành, TP.Ninh Bình, tỉnh Ninh Bình	20.261646280577	105.97466328015			Ninh Bình
TPBank Tây Ninh	Số 358-360-362, đường 30 tháng 4, phường 3, thành phố Tây Ninh, tỉnh Tây Ninh, Việt Nam	11.3156951	106.095406			Tây Ninh
TPBank Thái Bình	Tầng 1, TTTM Victory, số 392 Lý Bôn, P.Trần Hưng Đạo, TP Thái Bình	20.450158	106.334511			Thái Bình
LiveBank Nguyễn Huệ TP Huế (CRM/CDM)	Số 25 Nguyễn Huệ, phường Vĩnh Ninh , TP.Huế, tỉnh Thừa Thiên Huế	16.4576306090247	107.584895832295			Thừa Thiên Huế
TPBank Huế	Số 78 Bến Nghé, phường Phú Hội, TP Huế, tỉnh Thừa Thiên Huế	16.46395055	107.5946429			Thừa Thiên Huế
TPBank Vĩnh Phúc	Số 105 + 107 đường Mê Linh, phường Liên Bảo, thành phố Vĩnh Yên, tỉnh Vĩnh Phúc	21.3144572	105.6016297			Vĩnh Phúc
LiveBank Ngọc Khánh Ba Đình (CRM/CDM)	Số 29 Nguyễn Chí Thanh, phường Ngọc Khánh, quận Ba Đình, TP.Hà Nội	21.0292058625034	105.812796513245			Hà Nội
LiveBank Nguyễn Thái Học Ba Đình (CRM/CDM)	152 Nguyễn Thái Học, phường Kim Mã, quận Ba Đình, TP.Hà Nội	21.0323719174281	105.83003783103			Hà Nội
LiveBank Đội Cấn Ba Đình (CRM/CDM)	Số 164A Đội Cấn, phường Đội Cấn, quận Ba Đình, TP.Hà Nội	21.0348431586046	105.825584385239			Hà Nội
LiveBank Cửa Nam Ba Đình (CRM/CDM)	Tầng 1 Tòa nhà Doji Tower, Số 5 Lê Duẩn, phường Cửa Nam, quận Ba Đình, TP.Hà Nội	21.0289875795685	105.841598411414			Hà Nội
LiveBank Núi Trúc Ba Đình (CRM/CDM)	Số 57B Núi Trúc, phường Kim Mã, quận Ba Đình, TP.Hà Nội	21.0300794911495	105.822700217747			Hà Nội
LiveBank Hoàng Hoa Thám Ba Đình (CRM/CDM)	Số 131 Hoàng Hoa Thám, phường Ngọc Hà, quận Ba Đình, TP.Hà Nội	21.0403288059335	105.825552561317			Hà Nội
LiveBank Vĩnh Phúc Ba Đình (CRM/CDM)	Số 22 ngõ 6 đường Vĩnh Phúc, phường Vĩnh Phúc, quận Ba Đình, TP.Hà Nội	21.0443450926642	105.80862057094			Hà Nội
LiveBank Cửa Bắc Ba Đình (CRM/CDM)	Số 63 Cửa Bắc, phường Trúc Bạch, quận Ba Đình, TP.Hà Nội	21.0428481449802	105.84278375711			Hà Nội
LiveBank Đốc Ngữ Ba Đình (CRM/CDM)	Số 140 Đốc Ngữ, phường Vĩnh Phúc, quận Ba Đình, TP.Hà Nội	21.0382381650383	105.812821659537			Hà Nội
TPBank Đội Cấn	Số 155 Đội Cấn, phường Đội Cấn, quận Ba Đình, TP.Hà Nội	21.0349598440631	105.826307128201			Hà Nội
TPBank Phạm Hùng	Tầng 1 Tòa nhà FPT, P. Duy Tân, Dịch Vọng Hậu, Cầu Giấy, Hà Nội	21.030868657399996	105.78265693835681			Hà Nội
LiveBank Green Star Bắc Từ Liêm (CRM/CDM)	Tầng 1 nhà B5, Chung cư Green Star, số 234 Phạm Văn Đồng, phường Cổ Nhuế, quận Bắc Từ Liêm, TP.Hà Nội	21.052976455632013	105.77987753082951			Hà Nội
LiveBank Trần Đăng Ninh Cầu Giấy (CRM/CDM)	Chung cư A5, Làng quốc tế Thăng Long, đường Trần Đăng Ninh, phường Dịch Vọng, quận Cầu Giấy, TP.Hà Nội	21.038714687061177	105.79269843725675			Hà Nội
LiveBank Đông Quan Cầu Giấy (CRM/CDM)	Số 15 Đông Quan, phường Quan Hoa, quận Cầu Giấy, TP.Hà Nội	21.03973543921621	105.80491693124249			Hà Nội
LiveBank Goldmark City Bắc Từ Liêm (CRM/CDM)	Số 190 Hoàng Công Chất, phường Cầu Diễn, quận Bắc Từ Liêm, TP.Hà Nội	21.043574524025235	105.76574187150605			Hà Nội
LiveBank Hoàng Quốc Việt Cầu Giấy (CRM/CDM)	Số 30 Hoàng Quốc Việt, phường Nghĩa Đô, quận Cầu Giấy, TP.Hà Nội	21.04645520689199	105.79790468126467			Hà Nội
LiveBank Yên Hòa Cầu Giấy (CRM/CDM)	Số 191 Yên Hòa, phường Yên Hòa, quận Cầu Giấy, TP.Hà Nội	21.023480078871476	105.79319471359584			Hà Nội
LiveBank Trung Hòa Cầu Giấy (CRM/CDM)	Số 16 Trung Hòa, phường Trung Hoà, quận Cầu Giấy, TP.Hà Nội	21.014149306328274	105.80231924599558			Hà Nội
LiveBank FPT Tôn Thất Thuyết Cầu Giấy (CRM/CDM)	Tòa nhà Detech số 08 Tôn Thất Thuyết, phường Dịch Vọng Hậu, quận Cầu Giấy, TP.Hà Nội	21.028537118550506	105.78209125781125			Hà Nội
LiveBank Ba Vì (CRM/CDM)	Cổng Trung tâm thương mại Lực Tiến, xã Chu Minh, huyện Ba Vì, TP.Hà Nội	21.189860921744696	105.43781622290179			Hà Nội
LiveBank Cổ Nhuế Bắc Từ Liêm (CRM/CDM)	Số 89 Cổ Nhuế, phường Cổ Nhuế, quận Bắc Từ Liêm, TP.Hà Nội	21.06082472345185	105.78169455952377			Hà Nội
LiveBank Trần Cung Cầu Giấy (CRM/CDM)	Số 61 Trần Cung, phường Nghĩa Tân, quận Cầu Giấy, TP.Hà Nội	21.047672769542682	105.79002274097475			Hà Nội
LiveBank Lê Văn Hiến Bắc Từ Liêm (CRM/CDM)	Số 55 Lê Văn Hiến, phường Đức Thắng, quận Bắc Từ Liêm, TP.Hà Nội	21.074125985312563	105.77449408598201			Hà Nội
LiveBank Doãn Kế Thiện Cầu Giấy (CRM/CDM)	Số 35 Doãn Kế Thiện, phường Mai Dịch, quận Cầu Giấy, TP.Hà Nội	21.040891765242176	105.77929150038074			Hà Nội
LiveBank CT3 Bộ Công An Phạm Văn Đồng (CRM/CDM)	Tầng 1 Chung cư CT3 Bộ Công An, đường Phạm Văn Đồng, phường Cổ Nhuế 2, quận Bắc Từ Liêm, TP.Hà Nội	21.057838571191716	105.77756584673038			Hà Nội
TPBank Cầu Giấy	Số 110 Nguyễn Khánh Toàn, phường Quan Hoa, quận Cầu Giấy, TP.Hà Nội	21.037597801325195	105.80146111500233			Hà Nội
LiveBank Phan Văn Trường Cầu Giấy (CRM/CDM)	Số 137 Phan Văn Trường, phường Dịch Vọng Hậu, quận Cầu Giấy, TP.Hà Nội	21.041273395125465	105.7861127383179			Hà Nội
LiveBank Trung Kính Cầu Giấy (CRM/CDM)	Số 110 Trung Kính, phường Yên Hòa, Quận Cầu Giấy, TP Hà Nội	21.016620727092217	105.79424790695023			Hà Nội
LiveBank Lạc Long Quân Cầu Giấy (CRM/CDM)	61 Lạc Long Quân, quận Cầu Giấy, TP Hà Nội	21.05150103824812	105.80821286746755			Hà Nội
LiveBank Vũ Phạm Hàm Cầu Giấy (CRM/CDM)	Số 140 Vũ Phạm Hàm, phường Yên Hòa, quận Cầu Giấy, TP.Hà Nội	21.019317342732425	105.8001218484602			Hà Nội
LiveBank Sunshine City Bắc Từ Liêm (CRM/CDM)	Tòa S3, chung cư Sunshine City, đường Phạm Văn Đồng, phường Đông Ngạc, quận Bắc Từ Liêm, TP.Hà Nội	21.0854536710813	105.79171364279424			Hà Nội
TPBank Bắc Từ Liêm	Tầng 1 tòa nhà T3B, khu thương mai dịch vụ, dự án Horizon tower, Lô No3 T3&T4 khu Ngoại Giao Đoàn, phường Xuân Tảo, quận Bắc Từ Liêm, TP.Hà Nội	21.06479698673681	105.79800848675286			Hà Nội
LiveBank Dương Đình Nghệ Cầu Giấy (CRM/CDM)	Lô E2 đường Dương Đình Nghệ, phường Yên Hòa, quận Cầu Giấy, TP.Hà Nội	21.0194515319307	105.784250135142			Hà Nội
LiveBank FPT Phạm Văn Bạch Cầu Giấy (CRM/CDM)	Sảnh Tòa nhà FPT Tower, số 10 Phạm Văn Bạch, phường Dịch Vọng, quận Cầu Giấy, TP.Hà Nội	21.0268472187806	105.788619744864			Hà Nội
LiveBank Chung cư Ecohome Bắc Từ Liêm (CRM/CDM)	Shophouse tòa N03, Chung cư Ecohome 3, đường Tân Xuân, phường Đông Ngạc, quận Bắc Từ Liêm, TP.Hà Nội	21.0841955428648	105.784093789013			Hà Nội
LiveBank Dương Quảng Hàm Cầu Giấy (CRM/CDM)	Số 45 Dương Quảng Hàm, phường Quan Hoa, quận Cầu Giấy, TP.Hà Nội	21.0342081579068	105.799210628376			Hà Nội
LiveBank Mai Dịch Cầu Giấy (CRM/CDM)	Số 86 Mai Dịch, phường Mai Dịch, quận Cầu Giấy, TP.Hà Nội	21.0414028287644	105.774957835859			Hà Nội
TPBank Trung Hòa Nhân Chính	Tầng 1, tòa nhà 24T1, Khu đô thị mới Trung Hòa – Nhân Chính, phường Trung Hoà, quận Cầu Giấy, TP.Hà Nội	21.0084752246382	105.801833780592			Hà Nội
LiveBank Big C Thăng Long Cầu Giấy (CRM/CDM)	Kios 2K39, TTTM Big C Thăng Long, Số 222 đường Trần Duy Hưng, phường Trung Hoà, quận Cầu Giấy, TP.Hà Nội	21.0076580494559	105.793004776985			Hà Nội
LiveBank Chung cư Euro Window Đông Anh (CRM/CDM)	Shophouse P208, Chung cư Euro Window RiverPark, đường Đông Hội, xã Đông Hội, huyện Đông Anh, TP.Hà Nội	21.0784304917577	105.874668206384			Hà Nội
LiveBank Học viện Ngân hàng Đống Đa (CRM/CDM)	Cổng 2 Học Viện Ngân Hàng, số 12 Chùa Bộc, phường Quang Trung, quận Đống Đa, TP.Hà Nội	21.0090418113774	105.829542397735			Hà Nội
LiveBank Xã Đàn Đống Đa (CRM/CDM)	Số 242 Xã Đàn, phường Ô Chợ Dừa, quận Đống Đa, TP.Hà Nội	21.0123889488563	105.836350801159			Hà Nội
TPBank Đống Đa	Số 95 Hoàng Cầu, Ô Chợ Dừa, Đống Đa, Hà Nội	21.016182394668	105.823011780548			Hà Nội
LiveBank Khâm Thiên Đống Đa (CRM/CDM)	Số 44 Khâm Thiên, phường Khâm Thiên, quận Đống Đa, TP.Hà Nội	21.0190324781794	105.838876885545			Hà Nội
LiveBank Thái Thịnh Đống Đa (CRM/CDM)	Số 41A Thái Thịnh, phường Ngã Tư Sở, quận Đống Đa, TP.Hà Nội	21.0077323566972	105.82101549463			Hà Nội
LiveBank Khương Thượng Đống Đa (CRM/CDM)	Số 70 Khương Thượng, phường Khương Thượng, quận Đống Đa, TP.Hà Nội	21.0051616107849	105.825863448845			Hà Nội
LiveBank Hào Nam Đống Đa (CRM/CDM)	Số 146 Hào Nam, phường Cát Linh, quận Đống Đa, TP.Hà Nội	21.0255524151929	105.8276627075203			Hà Nội
LiveBank Chùa Láng Đống Đa (CRM/CDM)	Số 177 Chùa Láng, phường Chùa Láng, quận Đống Đa, TP.Hà Nội	21.0230115886282	105.801509817567			Hà Nội
LiveBank Thành Công Đống Đa (CRM/CDM)	Số 17 Thành Công, phường Thành Công, quận Đống Đa, TP.Hà Nội	21.0232983036802	105.816224641949			Hà Nội
LiveBank Đê La Thành Đống Đa (CRM/CDM)	Số 416 Đê La Thành, phường Ô Chợ Dừa, quận Đống Đa, TP.Hà Nội	21.022961843515	105.822351888113			Hà Nội
LiveBank Nguyên Hồng Đống Đa (CRM/CDM)	Số 28 Nguyên Hồng, phường Láng Hạ, quận Đống Đa, TP.Hà Nội	21.0171128082444	105.811075494483			Hà Nội
LiveBank Ngô Xuân Quảng Gia Lâm (CRM/CDM)	Số 42 Ngô Xuân Quảng, thị trấn Trâu Quỳ, huyện Gia Lâm, TP.Hà Nội	21.0139198802341	105.936314387575			Hà Nội
LiveBank TTTM Vincom Ocean Park Gia Lâm (CRM/CDM)	TTTM Vincom, KĐT Vinhomes Ocean Park, xã Đa Tốn, huyện Gia Lâm, TP.Hà Nội	20.9942731308223	105.958980307034			Hà Nội
LiveBank Dương Nội Hà Đông (CRM/CDM)	Tòa CT7J, Khu đô thị Dương Nội, đường Lê Văn Lương kéo dài, phường Yên Nghĩa, quận Hà Đông, TP.Hà Nội	20.963420089049	105.748920726559			Hà Nội
LiveBank Xa La Hà Đông (CRM/CDM)	Lô số 6 BT12, khu đô thị Xa La, phường Phúc La, quận Hà Đông, TP.Hà Nội	20.9626899364764	105.793079834842			Hà Nội
LiveBank Nguyễn Khuyến Hà Đông (CRM/CDM)	Số 44 Nguyễn Khuyến, phường Văn Quán, quận Hà Đông, TP.Hà Nội	20.9774965163358	105.787827641919			Hà Nội
LiveBank Nguyễn Văn Lộc Hà Đông (CRM/CDM)	Số 61 - LK5A, phố Nguyễn Văn Lộc, Làng Việt Kiều Châu Âu, phường Mộ Lao, quận Hà Đông, TP.Hà Nội	20.9853229874742	105.786237845897			Hà Nội
LiveBank K Park Hà Đông (CRM/CDM)	Shophouse số SH08, khu đô thị K Park, đường Lê Trọng Tấn, phường Phúc La, quận Hà Đông, TP.Hà Nội	20.9592895185591	105.767309530326			Hà Nội
LiveBank The Vesta Hà Đông (CRM/CDM)	Kiot số 10 toà V3, khu đô thị The Vesta, phường Phú Lâm, quận Hà Đông, TP.Hà Nội	20.9468531269864	105.756258822227			Hà Nội
LiveBank Aeon Mall Hà Đông (CRM/CDM)	Sảnh Tương Lai, TTTM Aeon Mall Hà Đông, phường Dương Nội, quận Hà Đông, TP.Hà Nội	20.9889443323764	105.750250642768			Hà Nội
LiveBank Điện Biên Phủ Quận 1 (CRM/CDM)	Số 82 Điện Biên Phủ, phường Đa Kao, quận 1, TP.Hồ Chí Minh	10.7902803531435	106.697263398793			Hồ Chí Minh
LiveBank Phạm Ngũ Lão Quận 1 (CRM/CDM)	Số 275a Phạm Ngũ Lão, phường Phạm Ngũ Lão, quận 1, TP.Hồ Chí Minh	10.7681851404347	106.692095874516			Hồ Chí Minh
LiveBank Hàm Nghi Quận 1 (CRM/CDM)	Chân tòa nhà Ruby Tower, số 81-83-85 Hàm Nghi, phường Nguyễn Thái Bình, quận 1, TP.Hồ Chí Minh	10.7747153845681	106.683585828552			Hồ Chí Minh
LiveBank Trần Quang Khải Quận 1 (CRM/CDM)	Số 127C Trần Quang Khải, phường Tân Định, quận 1, TP.Hồ Chí Minh	10.7918889629726	106.691907542045			Hồ Chí Minh
TPBank Hồ Chí Minh	Số 456A Nguyễn Thị Minh Khai, phường 5, quận 3, TP.Hồ Chí Minh	10.7686531864598	106.684153759416			Hồ Chí Minh
TPBank Bến Thành	Số 180 Nam Kỳ Khởi Nghĩa, phường 6, quận 3, TP.Hồ Chí Minh	10.7803882006161	106.694404978729			Hồ Chí Minh
TPBank Quận 3	Số 19B&19C Kỳ Đồng, phường 9, quận 3, TP.Hồ Chí Minh	10.7825290934332	106.682134976863			Hồ Chí Minh
LiveBank 122 Cách mạng tháng Tám Quận 3 (CRM/CDM)	Ký túc xá SV Lào, số 122ABC Cách mạng Tháng 8, phường 7, quận 3, TP.Hồ Chí Minh	10.7771759265253	106.683091031925			Hồ Chí Minh
LiveBank Lý Chính Thắng Quận 3 (CRM/CDM)	Số 77B Lý Chính Thắng, phường 8, quận 3, TP.Hồ Chí Minh	10.7895882738737	106.685765360186			Hồ Chí Minh
LiveBank Nguyễn Đình Chiểu Quận 3 (CRM/CDM)	Số 778 Nguyễn Đình Chiểu, phường 1, quận 3, TP.Hồ Chí Minh	10.7685003266759	106.678687594288			Hồ Chí Minh
LiveBank Nguyễn Thượng Hiền Quận 3 (CRM/CDM)	Số 261 Nguyễn Thượng Hiền, phường 4, quận 3, TP.Hồ Chí Minh	10.7747153845681	106.683585828552			Hồ Chí Minh
LiveBank Galaxy Nguyễn Khoái Quận 4 (CRM/CDM)	Chung cư Galaxy 9, Số 9 Nguyễn Khoái, phường 1, quận 4, TP.Hồ Chí Minh	10.7549378292954	106.694086514321			Hồ Chí Minh
LiveBank Khánh Hội Quận 4 (CRM/CDM)	Số 121 Khánh Hội, phường 3, quận 4, TP.Hồ Chí Minh	10.7553255491419	106.701806458145			Hồ Chí Minh
LiveBank Vĩnh Hội Quận 4 (CRM/CDM)	Số 121 Vĩnh Hội, phường 4, quận 4, TP.Hồ Chí Minh	10.7563040076581	106.705082489324			Hồ Chí Minh
LiveBank Nguyễn Tất Thành Quận 4 (CRM/CDM)	Số 332/1 Nguyễn Tất Thành, phường 13, quận 4, TP.Hồ Chí Minh	10.7605487214193	106.711463144514			Hồ Chí Minh
LiveBank Hùng Vương Plaza Quận 5 (CRM/CDM)	Chân Tòa nhà Hùng Vương Plaza, 126 Hùng Vương, phường 12, quận 5, TP.Hồ Chí Minh	10.7558636180728	106.662376841351			Hồ Chí Minh
LiveBank Đỗ Ngọc Thạnh Quận 5 (CRM/CDM)	Số 100 Đỗ Ngọc Thạnh, phường 14, quận 5, TP.Hồ Chí Minh	10.7528304432445	106.656250999417			Hồ Chí Minh
LiveBank Trần Bình Trọng Quận 5 (CRM/CDM)	Số 74 Trần Bình Trọng, phường 1, quận 5, TP.Hồ Chí Minh	10.7544957152038	106.68197402264			Hồ Chí Minh
LiveBank Bình Phú Quận 6 (CRM/CDM)	Số 79 Bình Phú, phường 11, quận 6, TP.Hồ Chí Minh	10.7424450569892	106.629865436762			Hồ Chí Minh
LiveBank Bà Hom Quận 6 (CRM/CDM)	Số A5 đường Bà Hom, phường 13, quận 6, TP.Hồ Chí Minh	10.7548258067374	106.629937692363			Hồ Chí Minh
TPBank Hùng Vương	Số 32, đường Hậu Giang, phường 2, quận 6, thành phố Hồ Chí Minh, Việt Nam	10.7497210147565	106.648182842154			Hồ Chí Minh
LiveBank Đường số 23 Quận 6 (CRM/CDM)	Số 171 đường số 23, phường 11, quận 6, TP.Hồ Chí Minh	10.7448629954564	106.625527774651			Hồ Chí Minh
LiveBank Tân Hòa Đông Quận 6 (CRM/CDM)	Số 35B Tân Hòa Đông, phường 14, quận 6, TP.Hồ Chí Minh	10.7562459442416	106.632153765372			Hồ Chí Minh
LiveBank Nguyễn Văn Luông Quận 6 (CRM/CDM)	Số 244B Nguyễn Văn Luông, phường 11, quận 6, TP.Hồ Chí Minh	10.7463395629074	106.635110783904			Hồ Chí Minh
LiveBank FPT Tân Thuận 2 Quận 7 (CRM/CDM)	Lô L 29B-31B-33B, đường Tân Thuận, KCX Tân Thuận, phường Tân Thuận Đông, quận 7, TP.Hồ Chí Minh	10.7536526761846	106.740441784824			Hồ Chí Minh
LiveBank Sunrise City Quận 7 (CRM/CDM)	Lô thương mại X-01.09, Tòa nhà Sunrise City, số 27 Nguyễn Hữu Thọ, phường Tân Hưng, quận 7, TP.Hồ Chí Minh	10.743253808575	106.701151181631			Hồ Chí Minh
LiveBank Eratown Quận 7 (CRM/CDM)	Block A5, Chung cư Era Town, phường Phú Mỹ, quận 7, TP.Hồ Chí Minh	10.7012600993493	106.73222522024			Hồ Chí Minh
LiveBank Hoàng Văn Thái Quận 7 (CRM/CDM)	Số 87 Hoàng Văn Thái, phường Tân Phú, quận 7, TP.Hồ Chí Minh	10.7288060480808	106.719908718943			Hồ Chí Minh
LiveBank Nguyễn Văn Linh Quận 7 (CRM/CDM)	Số 1415 Nguyễn Văn Linh, phường Tân Phong, quận 7, TP.Hồ Chí Minh	10.7283850023815	106.707361486847			Hồ Chí Minh
LiveBank Chung cư An Gia Quận 7 (CRM/CDM)	Shophouse 1.02, Chung cư An Gia, số 89 Hoàng Quốc Việt, phường Phú Mỹ, quận 7, TP.Hồ Chí Minh	10.7140186160055	106.740517167318			Hồ Chí Minh
LiveBank Florita Quận 7 (CRM/CDM)	Shophouse TM07, Chung cư Florita, đường D4, KĐT Him Lam, phường Tân Hưng, quận 7, TP.Hồ Chí Minh	10.7445482546787	106.695483617552			Hồ Chí Minh
LiveBank Chung cư Cosmo City Quận 7 (CRM/CDM)	Kios 1S10-C, TTTM GO! Nguyễn Thị Thập, Lô A, Khu Dân Cư Cityland, 99 Nguyễn Thị Thập,, phường Tân Phú, quận 7, TP.Hồ Chí Minh	10.7375206616996	106.725517599441			Hồ Chí Minh
LiveBank Tạ Quang Bửu Quận 8 (CRM/CDM)	Số 924C Tạ Quang Bửu, phường 5, quận 8, TP.Hồ Chí Minh	10.734296605291	106.658699756363			Hồ Chí Minh
LiveBank Pegasuite Quận 8 (CRM/CDM)	Shophouse PH64, Chung cư Pegasuite, đường Tạ Quang Bửu, phường 6, quận 8, TP.Hồ Chí Minh	10.734523134248	106.653877134319			Hồ Chí Minh
TPBank Quận 8	Số 360 Phạm Hùng, phường 5, quận 8, TP.Hồ Chí Minh	10.7383812051391	106.670583641789			Hồ Chí Minh
LiveBank Diamond Riverside Quận 8 (CRM/CDM)	Cổng bên Chung cư Diamond Riverside, phường 16, quận 8, TP.Hồ Chí Minh	10.7299254893094	106.624700132155			Hồ Chí Minh
LiveBank Cao Lỗ Quận 8 (CRM/CDM)	Số 100 Cao Lỗ, phường 4, quận 8, TP.Hồ Chí Minh	10.7412017767117	106.677314130948			Hồ Chí Minh
LiveBank Nguyễn Thị Tần Quận 8 (CRM/CDM)	Số 22-22P Nguyễn Thị Tần, phường 2, quận 8, TP.Hồ Chí Minh	10.7453544669269	106.686504622788			Hồ Chí Minh
LiveBank Green River Quận 8 (CRM/CDM)	Cổng Chung cư Green River, đường Phạm Thế Hiển, phường 6, quận 8, TP.Hồ Chí Minh	10.7334857916127	106.643972522467			Hồ Chí Minh
LiveBank Ngô Quyền Quận 10 (CRM/CDM)	Số 153 Ngô Quyền, phường 6, quận 10, TP.Hồ Chí Minh	10.7634678197842	106.664504859526			Hồ Chí Minh
LiveBank Rivera Park Quận 10 (CRM/CDM)	Chung cư Rivera Park, phường 14, quận 10, TP.Hồ Chí Minh	10.7699678799172	106.664015220174			Hồ Chí Minh
LiveBank Vĩnh Viễn Quận 10 (CRM/CDM)	Số 84 Vĩnh Viễn, phường 2, quận 10, TP.Hồ Chí Minh	10.7650232315731	106.673281742352			Hồ Chí Minh
LiveBank Thành Thái Quận 10 (CRM/CDM)	Số 111 đường Thành Thái, phường 14, quận 10, TP.Hồ Chí Minh	10.7740943923312	106.664397138966			Hồ Chí Minh
LiveBank Sư Vạn Hạnh Quận 10 (CRM/CDM)	Số 387 Sư Vạn Hạnh, phường 12, quận 10, TP.Hồ Chí Minh	10.7716932310832	106.669464369655			Hồ Chí Minh
LiveBank Đường 3/2 Quận 10 (CRM/CDM)	Số 154 đường 3 tháng 2, phường 12, quận 10, TP.Hồ Chí Minh	10.7750842844961	106.679506357468			Hồ Chí Minh
LiveBank Lý Thường Kiệt Quận 11 (CRM/CDM)	Số 299 Lý Thường Kiệt, phường 15, quận 11, TP.Hồ Chí Minh	10.7767316286843	106.656178767144			Hồ Chí Minh
LiveBank Công viên phần mềm Quang Trung (CRM/CDM)	Lô 45 Công viên Phần mềm Quang Trung, phường Tân Chánh Hiệp, quận 12, TP.Hồ Chí Minh	10.8540556797674	106.628974909477			Hồ Chí Minh
TPBank Quận 12	Số 6, đường Trường Chinh, phường Tân Thới Nhất, quận 12, thành phố Hồ Chí Minh, Việt Nam 	10.8352043	106.6196916			Hồ Chí Minh
LiveBank Nguyễn Văn Quá Quận 12 (CRM/CDM)	Số 78 Nguyễn Văn Quá, phường Đông Hưng Thuận, quận 12, TP.Hồ Chí Minh	10.8293919425122	106.627028981239			Hồ Chí Minh
LiveBank Lê Văn Khương Quận 12 (CRM/CDM)	Số 149/4A Lê Văn Khương, phường Tân Thới An, quận 12, TP.Hồ Chí Minh	10.8696477866717	106.649235931463			Hồ Chí Minh
LiveBank Prosper Plaza Quận 12 (CRM/CDM)	Shophouse BS21 chung cư Prosper Plaza, đường Phan Văn Hớn, phường Tân Thới Nhất, quận 12, TP.Hồ Chí Minh	10.8302300566999	106.619021320508			Hồ Chí Minh
LiveBank Đông Bắc Quận 12 (CRM/CDM)	Số 183A đường Đông Bắc, phường Tân Chánh Hiệp, quận 12, TP.Hồ Chí Minh	10.8577826786284	106.628428621691			Hồ Chí Minh
LiveBank Tô Ký Quận 12 (CRM/CDM)	Số 344 đường Tô Ký, phường Tân Chánh Hiệp, quận 12, TP.Hồ Chí Minh	10.8585779554129	106.618244647239			Hồ Chí Minh
LiveBank 857 Nguyễn Ảnh Thủ Quận 12 (CRM/CDM)	Số 857 Nguyễn Ảnh Thủ, phường Tân Chánh Hiệp, quận 12, TP.Hồ Chí Minh	10.8743871455303	106.62251071013			Hồ Chí Minh
LiveBank 33H1 Nguyễn Ảnh Thủ Quận 12 (CRM/CDM)	Số 33H1 Nguyễn Ảnh Thủ, phường Hiệp Thành, quận 12, TP.Hồ Chí Minh	10.8791465725562	106.637113020781			Hồ Chí Minh
LiveBank Hà Huy Giáp Quận 12 (CRM/CDM)	Số 94 Hà Huy Giáp, phường Thạnh Lộc, quận 12, TP.Hồ Chí Minh	10.8551999907981	106.679550513243			Hồ Chí Minh
LiveBank Happy City Bình Chánh (CRM/CDM)	Sân Chung cư Happy City, đường Nguyễn Văn Linh, xã Bình Hưng, huyện Bình Chánh, TP.Hồ Chí Minh	10.7129526038581	106.650447453992			Hồ Chí Minh
LiveBank TTTM Satra Bình Chánh (CRM/CDM)	Cổng TTTM Satra, số 300 đường Phạm Hùng, xã Bình Hưng, huyện Bình Chánh, TP.Hồ Chí Minh	10.7339138798843	106.674482686876			Hồ Chí Minh
LiveBank Moonlight Bình Tân (CRM/CDM)	Shophouse A26 Chung cư MOONLIGHT, đường số 7, phường An Lạc A, quận Bình Tân, TP.Hồ Chí Minh	10.7517029102839	106.61990311079			Hồ Chí Minh
TPBank Bình Tân	Số 57-63 Trần Văn Giàu, phường Bình Trị Đông B, quận Bình Tân, TP.Hồ Chí Minh	10.7516235443055	106.608601438437			Hồ Chí Minh
TPBank Tô Hiệu	Số 10, Tòa nhà H1, Chung cư Hoàng Huy Commerce, Đường Võ Nguyên Giáp, Phường Kênh Dương, Quận Lê Chân, TP.Hải Phòng	20.8506694669798	106.67881290774			Hải Phòng
TPBank Ngô Quyền	Số 4 Lô 22A đường Lê Hồng Phong, phường Đông Khê, quận Ngô Quyền, TP.Hải Phòng	20.8491628912888	106.705096381097			Hải Phòng
LiveBank Aeon Mall Hải Phòng (CRM/CDM)	Khu ATM, tầng 1 TTTM Aeon Mall Hải Phòng, số 10 đường Võ Nguyên Giáp, phường Dư Hàng Kênh, quận Lê Chân, TP.Hải Phòng	20.8323149776311	106.681878680648			Hải Phòng
TPBank Hải Phòng	Số 38 Đinh Tiên Hoàng, Phường Hoàng Văn Thụ, Quận Hồng Bàng, TP. Hải Phòng	20.8601372630277	106.682058137479			Hải Phòng
LiveBank Trần Văn Khéo Cần Thơ (CRM/CDM)	Số 97 Trần Văn Khéo, phường Cái Khế, quận Ninh Kiều, TP.Cần Thơ	10.0449969913659	105.784734548677			Cần Thơ
TPBank Cần Thơ	Số 135 Trần Hưng Đạo, phường An Phú, quận Ninh Kiều, TP.Cần Thơ	10.0358366024111	105.775812052143			Cần Thơ
TPBank Bắc Cần Thơ	Số 1A đường 30/4, P. Xuân Khánh, Q. Ninh Kiều, TP. Cần Thơ	10.0198992503601	105.769208349415			Cần Thơ
TPBank Thốt Nốt	166-168 Quốc lộ 91, khu vực, Phụng Thạnh 1, Thốt Nốt, Cần Thơ	10.2678777565739	105.537081142118			Cần Thơ
LiveBank Thốt Nốt (CRM/CDM)	Số 166 - 168 Quốc lộ 91, khu vực Phụng Thạnh 1, phường Thốt Nốt, quận Thốt Nốt, TP Cần Thơ					Cần Thơ
TPBank Biên Hòa	Số 97 đường 30 tháng 4, phường Thanh Bình, TP.Biên Hòa, tỉnh Đồng Nai	10.9497571585057	106.820569124241			Đồng Nai
LiveBank Phạm Văn Thuận Biên Hòa (CRM/CDM)	Số 486 Phạm Văn Thuận, phường Tam Hiệp, TP.Biên Hòa, tỉnh Đồng Nai	10.9447210397499	106.857835263944			Đồng Nai
TPBank Đồng Nai	Số 262 Phạm Văn Thuận, phường Thống Nhất, TP.Biên Hòa, tỉnh Đồng Nai	10.9581469178723	106.838604728426			Đồng Nai
TPBank Long Khánh	145 Hùng Vương , KP1, P.Xuân Hòa, TP.Long Khánh	10.926883318323549	107.24154735031591			Đồng Nai
ATM TPBank Đồng Nai	Công ty Cổ Phần Bao Bì Đại Lục - Đường chợ Chiều, Ấp Thanh Hóa, Xã Hố Nai 3, Trảng Bom, Đồng Nai	10.958279723091163	106.93839467836457			Đồng Nai
LiveBank Long Khánh (CRM/CDM)	145 Hùng Vương, Khu phố 1, phường Xuân Hòa, thành phố Long Khánh, tỉnh Đồng Nai					Đồng Nai
TPBank An Giang	Tòa nhà 204 – 204A Trần Hưng Đạo, phường Mỹ Bình, thành phố Long Xuyên, tỉnh An Giang	10.3852079551478	105.436024136165			An Giang
LiveBank Hà Hoàng Hổ Long Xuyên (CRM/CDM)	Số 23 Hà Hoàng Hổ, phường Mỹ Xuyên, TP.Long Xuyên, tỉnh An Giang	10.3786438515194	105.438610930104			An Giang
TPBank Châu Đốc	46 Trưng Nữ Vương, P.Châu Phú B, TP.Châu Đốc, An Giang	10.70714423	105.1184418			An Giang
LiveBank KCN Rạch Bắp Bình Dương (CRM/CDM)	Công ty CP Giày Đại Lộc, Lô G5, Khu B2, Đường D10, Khu công nghiệp Rạch Bắp, xã An Tây, tỉnh Bình Dương	11.1334870500931	106.53828364362			Bình Dương
LiveBank Đông Hòa Dĩ An (CRM/CDM)	Kios số CL01, TTTM GO! Dĩ An, Quốc Lộ 1K, , phường Đông Hòa, TP.Dĩ An, tỉnh Bình Dương	10.8895477741266	106.776151785849			Bình Dương
LiveBank TTHC Bình Dương (CRM/CDM)	Tòa nhà Trung tâm Hành chính tỉnh Bình Dương, đường Lê Lợi, phường Hòa Phú, TP.Thủ Dầu Một, tỉnh Bình Dương	11.0571770527893	106.682603534545			Bình Dương
TPBank Bình Dương	Số 273-275 Đại lộ Bình Dương, phường Chánh Nghĩa, TP.Thủ Dầu Một, tỉnh Bình Dương	10.9745190248454	106.670006019867			Bình Dương
LiveBank Phú Lợi Bình Dương (CRM/CDM)	Số 80c Phú Lợi, phường Phú Hòa, TP.Thủ Dầu Một, tỉnh Bình Dương	10.982200780851	106.669051766719			Bình Dương
LiveBank Đại lộ Bình Dương Thủ Dầu Một (CRM/CDM)	Số 116 Đại lộ Bình Dương, phường Phú Hòa, TP.Thủ Dầu Một, tỉnh Bình Dương	10.9698497571592	106.676952215674			Bình Dương
LiveBank Lái Thiêu Bình Dương (CRM/CDM)	Số 6Bis Nguyễn Văn Tiết, phường Lái Thiêu, TP.Thuận An, tỉnh Bình Dương	10.9157199497193	106.708182699624			Bình Dương
TPBank Dĩ An	Số 15 Đường số 9, Khu TT Hành Chính, phường Dĩ An, TP.Dĩ An, tỉnh Bình Dương	10.7970291	106.5847701			Bình Dương
LiveBank Mỹ Hiệp Tân Uyên (CRM/CDM)	Cổng công ty Cự Hùng, khu phố Mỹ Hiệp, phường Thái Hòa, thị xã Tân Uyên, tỉnh Bình Dương	10.9702709544749	106.751461443591			Bình Dương
TPBank Thuận An	Số A1.03- A1.04 Khu nhà ở Thương mại Phú Hồng Phát, Đường 22 tháng 12, Phường Thuận Giao, Thành phố Thuận An, Tỉnh Bình Dương	10.9487828	106.7150279			Bình Dương
LiveBank FPT Complex Đà Nẵng (CRM/CDM)	Sảnh Tòa nhà FPT Complex, Đường Nam Kỳ Khởi Nghĩa, phường Hòa Hải, quận Ngũ Hành Sơn, TP.Đà Nẵng	15.9792892970149	108.261888452997			Đà Nẵng
TPBank Đà Nẵng	Tòa nhà Trung tâm Bưu chính Liên tỉnh và Quốc tế khu vực 3, 271 Nguyễn Văn Linh, phường VĨnh Trung, quận Hải Châu, TP.Đà Nẵng	16.0597867872639	108.211917557191			Đà Nẵng
LiveBank Hoàng Diệu Đà Nẵng (CRM/CDM)	Số 475 Hoàng Diệu, phường Hòa Thuận Đông, quận Hải Châu, TP.Đà Nẵng	16.0528960096363	108.217654463717			Đà Nẵng
LiveBank Núi Thành Đà Nẵng (CRM/CDM)	Số 378 Núi Thành, phường Hòa Cường Bắc, quận Hải Châu, TP.Đà Nẵng	16.0394107962645	108.221893953835			Đà Nẵng
LiveBank Hoàng Văn Thái Đà Nẵng (CRM/CDM)	Số 5 Hoàng Văn Thái, phường Hòa Khánh Nam, quận Liên Chiểu, TP.Đà Nẵng	16.0565438978966	108.167350184591			Đà Nẵng
TPBank Bắc Đà Nẵng	Số 353 Điện Biên Phủ, phường Hòa Khê, quận Thanh Khê, TP.Đà Nẵng	16.0656336566802	108.190556346494			Đà Nẵng
LiveBank Tôn Đức Thắng Đà Nẵng (CRM/CDM)	Số 681 Tôn Đức Thắng, phường Hòa Khánh, quận Liên Chiểu, TP.Đà Nẵng	16.0659045510393	108.154793493998			Đà Nẵng
LiveBank Quang Trung Đà Nẵng (CRM/CDM)	Số 178 Quang Trung, phường Thanh Bình, quận Hải Châu, TP.Đà Nẵng	16.0735465962396	108.213592442858			Đà Nẵng
TPBank Hải Châu	Tầng 1, Tòa nhà Viettronimex, 460 Nguyễn Hữu Thọ, Phường Khuê Trung, Quận Cẩm Lệ, Đà Nẵng	16.045687	108.209646			Đà Nẵng
LiveBank Đại học FPT Đà Nẵng (CRM/CDM)	Đại học FPT, Khu đô thị FPT City, phường Hòa Hải, quận Ngũ Hành Sơn, TP.Đà Nẵng	15.968551294681754	108.26036444069138			Đà Nẵng
LiveBank Nguyễn Văn Thoại Đà Nẵng	Số 94 Nguyễn Văn Thoại, phường Bắc Mỹ An, quận Ngũ Hành Sơn, TP.Đà Nẵng	16.054571877885483	108.24078757086997			Đà Nẵng
LiveBank Sapphire Hạ Long (CRM/CDM)	Cổng chung cư Sapphire Residence, Số 1 Bến Đoan, phường Hồng Gai, TP.Hạ Long, tỉnh Quảng Ninh	20.9519871988239	107.070511002066			Quảng Ninh
TPBank Quảng Ninh	Tầng 1 tòa nhà Hạ Long DC, Số 8 đường 25/4, Phường Hồng Gai	20.952027	107.078906			Quảng Ninh
TPBank Cẩm Phả	749-751 Trần Phú, Cẩm Thu, Cẩm Phả, Quảng Ninh	21.009836	107.263747			Quảng Ninh
TPBank Uông Bí	Tầng 1 tòa nha Việt Phúc Plaza, phường Quang Trung, Uông Bí, Quảng Ninh	21.034467212598127	106.77296614116311			Quảng Ninh
LiveBank Trần Phú Daklak (CRM/CDM)	Số 177 Trần Phú, phường Thành Công, TP.Buôn Ma Thuột, tỉnh Đắk Lắk	12.6849993628165	108.0376486262			Đắk Lắk
TPBank Buôn Ma Thuột	Số 71-73 Lý Thái Tổ, phường Tân Lợi, TP.Buôn Ma Thuột, tỉnh Đắk Lắk	12.6975685308765	108.058310958584			Đắk Lắk
TPBank Buôn Hồ	Số 625 Hùng Vương, phường An Lạc, thị xã Buôn Hồ, tỉnh Daklak	12.9103941818804	108.266411970772			Đắk Lắk
TPBank Đắk Lắk	56-58 Y Jut, Thống Nhất, Thành phố Buôn Ma Thuột, Đắk Lắk	12.68064816388194	108.04311673068801			Đắk Lắk
TPBank Thanh Hóa	Lô số 13 + 14 Phan Chu Trinh, phường Điện Biên, TP.Thanh Hóa, tỉnh Thanh Hóa	19.8121036316811	105.774295982529			Thanh Hóa
TPBank Lam Sơn	Số 317-321 đường Trần Phú, phường Ba Đình, TP.Thanh Hóa, tỉnh Thanh Hóa	19.799216989017	105.776584310888			Thanh Hóa
TPBank Nghi Sơn	Tầng 1, 235 Lê Hoàn, Phường Ba Đình, TP Thanh Hóa, Tỉnh Thanh Hóa	19.80393576198161	105.77896710000235			Thanh Hóa
TPBank Vinh	Số 168 Đại lộ Lê Nin, thành phố Vinh, Nghệ An	18.6932158984827	105.688328661314			Nghệ An
TPBank Nghệ An	Lô 12, cụm CT1 Quang Trung, phường Quang Trung, TP.Vinh, tỉnh Nghệ An	18.6764866281028	105.674526800944			Nghệ An
TPBank Diễn Châu	Số 23 khối 4, thị trấn Diễn Châu, tỉnh Nghệ An	18.9754567	105.601033			Nghệ An
LiveBank Trần Phú Từ Sơn (CRM/CDM)	Số 83 Trần Phú, thị xã Từ Sơn, Tỉnh Bắc Ninh	21.1192163542036	105.96197794927			Bắc Ninh
TPBank Bắc Ninh	302 Trần Hưng Đạo, phường Đại Phúc, TP.Bắc Ninh, tỉnh Bắc Ninh	21.1774333214995	106.073196747477			Bắc Ninh
TPBank Từ Sơn	Số 327-329-331 Trần Phú, phường Đình Bảng, TP.Từ Sơn, tỉnh Bắc Ninh	21.1124471982618	105.95002483555			Bắc Ninh
TPBank Quế Võ	Số 69 khu 1, TT. Phố Mới, Quế Võ, Bắc Ninh	106.148567	21.153797			Bắc Ninh
TPBank Phú Quốc	Số 87 Nguyễn Trung Trực, thị trấn Dương Đông, huyện Phú Quốc, tỉnh Kiên Giang	10.2218888443527	103.962047317866			Kiên Giang
TPBank Kiên Giang	Số 154 – 156 - 158 Trần Phú, phường Vĩnh Thanh Vân, TP.Rạch Giá, tỉnh Kiên Giang	10.0112233929324	105.084905918095			Kiên Giang
LiveBank Phan Thị Ràng Kiên Giang (CRM/CDM)	P11-13 đường Phan Thị Ràng, phường An Hòa, TP.Rạch Giá, tỉnh Kiên Giang	9.96945961791256	105.105867925288			Kiên Giang
TPBank Quảng Nam	Số 152 Phan Chu Trinh, Phường Phước Hòa	15.570744	108.486017			Quảng Nam
TPBank Hội An	Số 500 đường Hai Bà Trưng, phường Tân An, TP.Hội An, tỉnh Quảng Nam	15.8897806396357	108.328709043886			Quảng Nam
TPBank Thái Nguyên	70 Hoàng Văn Thụ, phường Hoàng Văn Thụ, TP.Thái Nguyên, tỉnh Thái Nguyên	21.592115725622605	105.8330683304945			Thái Nguyên
TPBank Phổ Yên	Số 134 Trường Chinh, phường Ba Hàng, TP.Thị xã Phổ Yên, tỉnh Thái Nguyên	21.4099492179207	105.872472885064			Thái Nguyên
TPBank Lào Cai	Số 144 Hoàng Liên, phường Cốc Lếu, TP.Lào Cai, tỉnh Lào Cai	22.4950007561354	103.96822187843			Lào Cai
LiveBank Nguyễn Thái Học Vũng Tàu (CRM/CDM)	Số 131 Nguyễn Thái Học , phường 7, TP. Vũng Tàu, tỉnh Bà Rịa - Vũng Tàu	10.3661408230001	107.083942911958			Bà Rịa Vũng Tàu
TPBank Vũng Tàu	Tầng 1 tòa nhà Vũng Tàu Plaza, 207 Lê Hồng Phong, phường 8, TP.Vũng Tàu, tỉnh Bà Rịa - Vũng Tàu	10.3518380333519	107.089180344734			Bà Rịa Vũng Tàu
LiveBank Tôn Đức Thắng Phan Thiết (CRM/CDM)	Số 266 Tôn Đức Thắng, phường Xuân An, TP.Phan Thiết, tỉnh Bình Thuận	10.9359197108505	108.111395478952			Bình Thuận
TPBank Bắc Giang	Tầng 1, tầng 4 tòa nhà TNL Plaza Bắc Giang, số 8 Nguyễn Văn Cừ, P, Bắc Giang	21.2761655342593	106.195060324682			Bắc Giang
LiveBank Thống Nhất Nha Trang (CRM/CDM)	Số 306 Thống Nhất, phường Phương Sơn, TP.Nha Trang, tỉnh Khánh Hòa	12.2497538718731	109.18274661264			Khánh Hòa
TPBank Nam Khánh Hòa	Số 48 đường A4, khu đô thị VCN, phường Phước Hải, TP.Nha Trang, tỉnh Khánh Hòa.	12.2356787524327	109.178874114131			Khánh Hòa
TPBank Nha Trang	Số 79 Yersin, phường Phương Sài, TP.Nha Trang, tỉnh Khánh Hòa	12.24934256485	109.186253855365			Khánh Hòa
LiveBank Đại học Nha Trang (CRM/CDM)	Ký túc xá Đại học Nha Trang, đường Nguyễn Đình Chiểu, phường Vĩnh Thọ, TP.Nha Trang, tỉnh Khánh Hòa	12.269310076191443	109.20156819863995			Khánh Hòa
TPBank Vĩnh Hải (CRM/CDM)	TPBank Vĩnh Hải	109.197903	12.272087			Khánh Hòa
LiveBank Trần Hưng Đạo Quy Nhơn (CRM/CDM)	Số 503 Trần Hưng Đạo, phường Lê Hồng Phong, TP.Quy Nhơn, tỉnh Bình Định	13.7784431206005	109.226428756901			Bình Định
TPBank Bình Định	Số 200–202 Phan Bội Châu, phường Trần Hưng Đạo, TP.Quy Nhơn, tỉnh Bình Định	13.7757447043943	109.230051959041			Bình Định
LiveBank Diên Hồng Quy Nhơn (CRM/CDM)	334B Diên Hồng, Quy Nhơn, Bình Định					Bình Định
TPBank Bình Phước	Số Lô 21-22 Quốc Lộ 14, phường Tân Thiện, TP.Đồng Xoài, tỉnh Bình Phước	11.5402711953325	106.917301386403			Bình Phước
LiveBank Ba Tháng Hai Đà Lạt (CRM/CDM)	Số 127 Đường 3/2, phường 1, TP.Đà Lạt, tỉnh Lâm Đồng	11.9411650584663	108.431656609972			Lâm Đồng
LiveBank Nguyễn Công Trứ Đà Lạt (CRM/CDM)	Số 114 Nguyễn Công Trứ, phường 8, TP.Đà Lạt, tỉnh Lâm Đồng	11.9564489220961	108.439424802999			Lâm Đồng
TPBank Lâm Đồng	Số 1 Đường 3/4, phường 3, TP.Đà Lạt, tỉnh Lâm Đồng	11.9343302891839	108.445640699492			Lâm Đồng
LiveBank Nguyễn Hữu Thọ Bến Lức (CRM/CDM)	Số 251 Nguyễn Hữu Thọ, thị xã Bến Lức, tỉnh Long An	10.643363320278	106.484507885638			Long An
TPBank Long An	Số 127-129 Hùng Vương (nối dài), phường 6, TP.Tân An, tỉnh Long An	10.5453365174668	106.400962836165			Long An
TPBank Quảng Ngãi	Số 698A-700 Quang Trung, phường Chánh Lộ, TP.Quảng Ngãi, tỉnh Quảng Ngãi	15.1156054492269	108.807396803556			Quảng Ngãi
LiveBank Quang Trung Quảng Ngãi (CRM/CDM)	Số 220 Quang Trung, phường Lê Hồng Phong, TP.Quảng Ngãi, tỉnh Quảng Ngãi	15.1274975964896	108.802065171998			Quảng Ngãi
LiveBank Trần Phú Pleiku (CRM/CDM)	Số 08 đường Trần Phú, phường Tây Sơn, TP.Pleiku, tỉnh Gia Lai	13.9783351188571	107.999569233662			Gia Lai
LiveBank Phạm Ngũ Lão Hải Dương (CRM/CDM)	Số 75 Phạm Ngũ Lão, phường Lê Thanh Nghị, TP.Hải Dương, tỉnh Hải Dương	20.9373424025579	106.324699424903			Hải Dương
TPBank Nam Định	Số 91 Quang Trung, Phường Quang Trung	20.430802	106.175108			Nam Định
LiveBank Trần Hưng Đạo Nam Định (CRM/CDM)	Số 91 Trần Hưng Đạo, phường Trần Hưng Đạo, TP.Nam Định, tỉnh Nam Định	20.4244941812377	106.17666762888			Nam Định
TPBank Hải Hậu	Số 42 Khu 1 Thị Trấn Yên Định, Huyện Hải Hậu, Tỉnh Nam Định	20.198755746486974	106.30134463932612			Nam Định
TPBank Tiền Giang	119A Nam Kỳ Khởi Nghĩa, Phường 4, Thành phố Mỹ Tho, Tiền Giang	10.358804	106.361711			Tiền Giang
TPBank Hà Nam	Số 222 Lê Hoàn, phường Hai Bà Trưng, TP. Phủ Lý, tỉnh Hà Nam	20.5378758	105.9098147			Hà Nam