name	address	latitude	longitude	phone	workingTime	province
TPBank Đội Cấn	Số 155 Đội Cấn, phường Đội Cấn, quận Ba Đình, TP.Hà Nội	21.0349598440631	105.826307128201	1900585885		Hà Nội
TPBank Phạm Hùng	Tầng 1 Tòa nhà FPT, P. Duy Tân, Dịch Vọng Hậu, Cầu Giấy, Hà Nội	21.030868657399996	105.78265693835681	1900585885		Hà Nội
TPBank Cầu Giấy	Số 110 Nguyễn Khánh Toàn, phường Quan Hoa, quận Cầu Giấy, TP.Hà Nội	21.0376451	105.798782	1900585885		Hà Nội
TPBank Bắc Từ Liêm	Chung cư Horizon Tower N03 T3 T4, Xuân Đỉnh, Bắc Từ Liêm, Hà Nội 100000, Vietnam	21.06531826369462	105.79789139629808	1900585885		Hà Nội
TPBank Trung Hòa Nhân Chính	Tầng 1, tòa nhà 24T1, Khu đô thị mới Trung Hòa &ndash; Nhân Chính, phường Trung Hoà, quận Cầu Giấy, TP.Hà Nội	21.0085138	105.8018727	1900585885		Hà Nội
TPBank Đống Đa	Số 95 Hoàng Cầu, Ô Chợ Dừa, Đống Đa, Hà Nội	21.016182394668	105.823011780548	1900585885		Hà Nội
TPBank Thành Đô	Tầng 1, Khối nhà 2 (tháp B), Tòa nhà CC số 7 , 197 Trần Phú, Hà Đông, Hà Nội	20.9847939645353	105.794033712893	1900585885		Hà Nội
TPBank Vạn Phúc	Khu nhà ở Ngân Hà Vạn Phúc, phường Vạn Phúc, quận Hà Đông, TP.Hà Nội	20.984947984541	105.775965343715	1900585885		Hà Nội
TPBank Hai Bà Trưng	Số 300-302 Trần Khát Chân, phường Thanh Nhàn, quận Hai Bà Trưng, TP.Hà Nội	21.01318	105.85896	1900585885		Hà Nội
TPBank Hồng Hà	Số 44 Lê Ngọc Hân, phường Phạm Đình Hổ, quận Hai Bà Trưng, TP.Hà Nội	21.0159581687586	105.855064744129	1900585885		Hà Nội
TPBank Vĩnh Tuy	Số 349 Minh Khai, phường Vĩnh Tuy, quận Hai Bà Trưng, TP.Hà Nội	20.9975694	105.8650482	1900585885		Hà Nội
TPBank Nam Hà Nội	Số 236 Lê Thanh Nghị, phường Đồng Tâm, quận Hai Bà Trưng, TP.Hà Nội	21.0020386042478	105.842675899908	1900585885		Hà Nội
TPBank Hội sở	Số 57 Lý Thường Kiệt, phường Trần Hưng Đạo, quận Hoàn Kiếm, TP.Hà Nội	21.0239637780935	105.848353603231	1900585885		Hà Nội
TPBank Hồ Gươm	Số 12-14 Trần Nhật Duật, phường Đồng Xuân, quận Hoàn Kiếm, TP.Hà Nội	21.0391405	105.8511507	1900585885		Hà Nội
TPBank Kinh Đô	Tòa nhà Smile &ndash; Số 1 Nguyễn Cảnh Dị, phường Định Công, quận Hoàng Mai, TP.Hà Nội	20.978063	105.8361375	1900585885		Hà Nội
TPBank Hoàng Mai	Tòa nhà Madarin Garden 2, số 99 Tân Mai, phường Tân Mai, quận Hoàng Mai, TP.Hà Nội	20.9839204	105.8478851	1900585885		Hà Nội
TPBank Long Biên	Số 560 Nguyễn Văn Cừ, phường Gia Thụy, quận Long Biên, TP.Hà Nội	21.0508009973815	105.884751128724	1900585885		Hà Nội
TPBank Mỹ Đình	Toà nhà MD COMPLEX TOWER, số 68 Nguyễn Cơ Thạch, phường Cầu Diễn, quận Nam Từ Liêm, TP.Hà Nội	21.0323595482508	105.764701442424	1900585885		Hà Nội
TPBank Sơn Tây	Đ. Phú Hà, P. Ngô Quyền, Sơn Tây, Hà Nội, Vietnam	21.145565319123158	105.5026008583284	1900585885		Hà Nội
TPBank Tây Hồ	D Eldorado, Toà, số 298 Đ. Võ Chí Công, Xuân La, Tây Hồ, Hà Nội	21.071068511464894	105.80946149629808	1900585885		Hà Nội
TPBank Thanh Trì	Số 357 Ngọc Hồi, xã Ngọc Hồi, huyện Thanh Trì, TP.Hà Nội	20.9448825	105.8446954	1900585885		Hà Nội
TPBank Thanh Xuân	Số 194 Lê Trọng Tấn, phường Khương Mai, quận Thanh Xuân, TP.Hà Nội	20.9941275565609	105.831252194036	1900585885		Hà Nội
TPBank Đông Đô	Tầng 1, tòa nhà Licogi 13, Khuất Duy Tiến, phường Nhân Chính, quận Thanh Xuân, TP.Hà Nội	20.9988396	105.7981149	1900585885		Hà Nội
TPBank Hà Thành	Số 2 Chùa Bộc, phường Quang Trung, quận Đống Đa, TP.Hà Nội	21.0065109564977	105.831079139938	1900585885		Hà Nội
TPBank Bến Thành	180 đường Nam Kỳ Khởi Nghĩa, Phường 6, Quận 3, Hồ Chí Minh	10.78134242051549	106.69421224232832	1900585885		Hồ Chí Minh
TPBank Quận 3	Số 19B&amp;19C Kỳ Đồng, phường 9, quận 3, TP.Hồ Chí Minh	10.7825290934332	106.682134976863	1900585885		Hồ Chí Minh
TPBank Hùng Vương	Số 32, đường Hậu Giang, phường 2, quận 6, thành phố Hồ Chí Minh, Việt Nam	10.7497210147565	106.648182842154	1900585885		Hồ Chí Minh
TPBank Quận 8	Số 360 Phạm Hùng, phường 5, quận 8, TP.Hồ Chí Minh	10.7383812051391	106.670583641789	1900585885		Hồ Chí Minh
TPBank Quận 12	Số 6, đường Trường Chinh, phường Tân Thới Nhất, quận 12, thành phố Hồ Chí Minh, Việt Nam 	10.8352043	106.6171113	1900585885		Hồ Chí Minh
TPBank Bình Tân	Số 57-63 Trần Văn Giàu, phường Bình Trị Đông B, quận Bình Tân, TP.Hồ Chí Minh	10.7516235443055	106.608601438437	1900585885		Hồ Chí Minh
TPBank Gia Định	Số 221-223-225 Bạch Đằng, phường 15, quận Bình Thạnh, TP.Hồ Chí Minh	10.8030920509644	106.70685711626	1900585885		Hồ Chí Minh
TPBank Củ Chi	Số 50-52 khu phố 2, TL8, TT. Củ Chi, Củ Chi, Hồ Chí Minh, Vietnam	10.969720246006089	106.48877718210518	1900585885		Hồ Chí Minh
TPBank Nguyễn Oanh	Số 1, đường Quang Trung, phường 10, quận Gò Vấp, thành phố Hồ Chí Minh, Việt Nam	10.8269165	106.6793122	1900585885		Hồ Chí Minh
TPBank Nhà Bè	Số 47 khu dân cư Phú Long, Phân Khu Số 8, Đường Nguyễn Hữu Thọ, Ấp 5, xã Phước Kiển, huyện Nhà Bè, TP.Hồ Chí Minh	10.7188960680179	106.70246309986	1900585885		Hồ Chí Minh
TPBank Phan Đăng Lưu	Số 214 Đ. Phan Đăng Lưu, Phường 3, Phú Nhuận, Hồ Chí Minh, Vietnam	10.800748870169706	106.68102811904532	1900585885		Hồ Chí Minh
TPBank Tân Bình	Số 320, đường Lê Văn Sỹ, phường 1, quận Tân Bình, thành phố Hồ Chí Minh, Việt Nam	10.7970401	106.6647736	1900585885		Hồ Chí Minh
TPBank Cửu Long	Số 445, đường Lý Thường Kiệt, phường 8, quận Tân Bình, thành phố Hồ Chí Minh, Việt Nam	10.784516	106.654045	1900585885		Hồ Chí Minh
TPBank Tân Phú	Tầng trệt Âu Cơ Tower, số 659 Âu Cơ, phường Tân Thạnh, quận Tân Phú, TP.Hồ Chí Minh	10.7873235	106.6409509	1900585885		Hồ Chí Minh
TPBank Quận 11	Số 184 Lê Đại Hành, phường 15, quận 11, TP.Hồ Chí Minh	10.7641926458002	106.655993421592	1900585885		Hồ Chí Minh
TPBank Quận 9	Số 18 đường 270A (270 Đỗ Xuân Hợp), phường Phước Long A, TP. Thủ Đức, TP.Hồ Chí Minh	10.8232502444038	106.76943252275	1900585885		Hồ Chí Minh
TPBank Quận 1	Số 75 &ndash; 77 Nguyễn Thái Bình, phường Nguyễn Thái Bình, quận 1, TP.Hồ Chí Minh	10.7694271928638	106.69986620176	1900585885		Hồ Chí Minh
TPBank An Giang	Tòa nhà 204 &ndash; 204A Trần Hưng Đạo, phường Mỹ Bình, thành phố Long Xuyên, tỉnh An Giang	10.3852079551478	105.436024136165	1900585885		An Giang
TPBank Bắc Giang	Tầng 1, tầng 4 tòa nhà TNL Plaza Bắc Giang, số 8 Nguyễn Văn Cừ, P, Bắc Giang	21.2761655342593	106.195060324682	1900585885		Bắc Giang
TPBank Bắc Ninh	302 Trần Hưng Đạo, phường Đại Phúc, TP.Bắc Ninh, tỉnh Bắc Ninh	21.1769574	106.0731758	1900585885		Bắc Ninh
TPBank Từ Sơn	Số 327-329-331 Trần Phú, phường Đình Bảng, TP.Từ Sơn, tỉnh Bắc Ninh	21.1124471982618	105.95002483555	1900585885		Bắc Ninh
TPBank Bình Định	Số 200&ndash;202 Phan Bội Châu, phường Trần Hưng Đạo, TP.Quy Nhơn, tỉnh Bình Định	13.7757447043943	109.230051959041	1900585885		Bình Định
TPBank Bình Dương	Số 273-275 Đại lộ Bình Dương, phường Chánh Nghĩa, TP.Thủ Dầu Một, tỉnh Bình Dương	10.9745190248454	106.670006019867	1900585885		Bình Dương
TPBank Cần Thơ	Số 135 Trần Hưng Đạo, phường An Phú, quận Ninh Kiều, TP.Cần Thơ	10.0357832	105.6934016	1900585885		Cần Thơ
TPBank Bắc Cần Thơ	Số 1A đường 30/4, P. Xuân Khánh, Q. Ninh Kiều, TP. Cần Thơ	10.023788	105.7734574	1900585885		Cần Thơ
TPBank Đà Nẵng	271 Đ. Nguyễn Văn Linh, Vĩnh Trung, Thanh Khê, Đà Nẵng 550000	16.05977669807912	108.21194391205916	1900585885		Đà Nẵng
TPBank Bắc Đà Nẵng	Số 353 Điện Biên Phủ, phường Hòa Khê, quận Thanh Khê, TP.Đà Nẵng	16.0656336566802	108.190556346494	1900585885		Đà Nẵng
TPBank Buôn Ma Thuột	Số 71-73 Lý Thái Tổ, phường Tân Lợi, TP.Buôn Ma Thuột, tỉnh Đắk Lắk	12.6975685308765	108.058310958584	1900585885		Đắk Lắk
TPBank Biên Hòa	Số 97 Đường Ba Mươi Tháng Tư, Trung Dũng, Biên Hòa, Đồng Nai	10.951703365603358	106.82028030551449	1900585885		Đồng Nai
TPBank Đồng Nai	Số 262 Phạm Văn Thuận, phường Thống Nhất, TP.Biên Hòa, tỉnh Đồng Nai	10.9581469178723	106.838604728426	1900585885		Đồng Nai
TPBank Tô Hiệu	Chung cư Hoàng Huy Commerce, Tòa nhà H1, Võ Nguyên Giáp, Kênh Dương, Lê Chân, Hải Phòng 180000, Vietnam	20.828133624536477	106.68598166852513	1900585885		Hải Dương
TPBank Ngô Quyền	Căn SO01 tháp A tòa Diamond Crown Hải Phòng &ndash; lô số 01/8B ngã 4 Cầu Vượt Lê Hồng Phong &ndash; Nguyễn Bỉnh Khiêm, Hải Phòng.	20.8455901	106.706983	1900585885		Hải Phòng
TPBank Nam Khánh Hòa	Số 48 đường A4, khu đô thị VCN, phường Phước Hải, TP.Nha Trang, tỉnh Khánh Hòa.	12.2356787524327	109.178874114131	1900585885		Khánh Hòa
TPBank Nha Trang	Số 79 Yersin, phường Phương Sài, TP.Nha Trang, tỉnh Khánh Hòa	12.24934256485	109.186253855365	1900585885		Khánh Hòa
TPBank Phú Quốc	Số 87 Nguyễn Trung Trực, thị trấn Dương Đông, huyện Phú Quốc, tỉnh Kiên Giang	10.2218888443527	103.962047317866	1900585885		Kiên Giang
TPBank Kiên Giang	Số 154 &ndash; 156 - 158 Trần Phú, phường Vĩnh Thanh Vân, TP.Rạch Giá, tỉnh Kiên Giang	10.0109636	105.0823171	1900585885		Kiên Giang
TPBank Lào Cai	 Số 144 Hoàng Liên, phường Cốc Lếu, TP.Lào Cai, tỉnh Lào Cai	22.4950007561354	103.96822187843	1900585885		Lào Cai
TPBank Vinh	TPBank Vinh đại lộ, 168 V.I. Lê Nin, Nghi Phan, Vinh, Nghệ An, Vietnam	18.69522052779763	105.68693741473359	1900585885		Vĩnh Phúc
TPBank Nghệ An 	Handico 30, Nghệ An	18.676217239139646	105.67481680021018	1900585885		Nghệ An
TPBank Quảng Ngãi	Số 698A-700 Quang Trung, phường Chánh Lộ, TP.Quảng Ngãi, tỉnh Quảng Ngãi	15.1156054492269	108.807396803556	1900585885		Quảng Ngãi
TPBank Thái Nguyên	70 Hoàng Văn Thụ, phường Hoàng Văn Thụ, TP.Thái Nguyên, tỉnh Thái Nguyên	21.592115725622605	105.8330683304945	1900585885		Thái Nguyên
TPBank Phổ Yên	Số 134 Trường Chinh, phường Ba Hàng, TP.Thị xã Phổ Yên, tỉnh Thái Nguyên	21.4099492179207	105.872472885064	1900585885		Thái Nguyên
TPBank Thanh Hóa	Lô số 13 + 14 Phan Chu Trinh, phường Điện Biên, TP.Thanh Hóa, tỉnh Thanh Hóa	19.8121036316811	105.774295982529	1900585885		Thanh Hóa
TPBank Lam Sơn	Số 317-321 đường Trần Phú, phường Ba Đình, TP.Thanh Hóa, tỉnh Thanh Hóa	19.799248	105.7766776	1900585885		Thanh Hóa
TPBank Vũng Tàu	Tầng 1 tòa nhà Vũng Tàu Plaza, 207 Lê Hồng Phong, phường 8, TP.Vũng Tàu, tỉnh Bà Rịa - Vũng Tàu	10.3518380333519	107.089180344734	1900585885		Bà Rịa Vũng Tàu
TPBank Ninh Bình	Số 107-109 Đinh Tiên Hoàng, phường Đông Thành, TP.Ninh Bình, tỉnh Ninh Bình	20.261646280577	105.97466328015	1900585885		Ninh Bình
TPBank Vĩnh Phúc	Số 105 + 107 đường Mê Linh, phường Liên Bảo, thành phố Vĩnh Yên, tỉnh Vĩnh Phúc	21.3144572	105.6016297	1900585885		Vĩnh Phúc
TPBank Nam Sài Gòn	L1-06 và L1-13,14,15 tầng 1 chung cư cụm III,IV &ndash; đường 09, khu dân cư Trung Sơn xã Bình Hưng, huyện Bình Chánh TP.Hồ Chí Minh	10.733449438253484	106.68936828835852	1900585885		Hồ Chí Minh
TPBank Bình Phước	Số Lô 21-22 Quốc Lộ 14, phường Tân Thiện, TP.Đồng Xoài, tỉnh Bình Phước	11.5402711953325	106.917301386403	1900585885		Bình Phước
TPBank Lâm Đồng	Số 1 Đường 3/4, phường 3, TP.Đà Lạt, tỉnh Lâm Đồng	11.9343302891839	108.445640699492	1900585885		Lâm Đồng
TPBank Thốt Nốt	166-168 Quốc lộ 91, khu vực, Phụng Thạnh 1, Thốt Nốt, Cần Thơ	10.2678777565739	105.537081142118	1900585885		Cần Thơ
TPBank Buôn Hồ	Số 625 Hùng Vương, phường An Lạc, thị xã Buôn Hồ, tỉnh Daklak	12.9103941818804	108.266411970772	1900585885		Đắk Lắk
TPBank Hải Phòng	Số 38 Đinh Tiên Hoàng, Phường Hoàng Văn Thụ, Quận Hồng Bàng, TP. Hải Phòng	20.8601372630277	106.682058137479	1900585885		Hải Phòng
TPBank Gò Vấp	255A27 Nguyễn Văn Lượng, phường 10, quận Gò Vấp, TP. HCM	10.8384580860499	106.668968530156	1900585885		Hồ Chí Minh
TPBank Thái Bình	Tầng 1, TTTM Victory, số 392 Lý Bôn, P.Trần Hưng Đạo, TP Thái Bình	20.450158	106.334511	1900585885		Thái Bình
TPBank Nam Từ Liêm	Tầng 1 &ndash; SH 15 &ndash; ĐN 6 tòa nhà Chung cư CT5 Khu đô Thị Mỹ Đình &ndash; Mễ trì, Nam Từ Liêm, Hà Nội, Việt Nam	21.019132679783507	105.78108284993961	1900585885		Hà Nội
TPBank Hoàn Kiếm	38-40 P. Hàng Da, Hàng Bông, Hoàn Kiếm, Hà Nội 100000	21.031555371296367	105.84669264602667	1900585885		Hà Nội
TPBank Hà Nội	Tòa nhà TĐL, Số 22 Láng Hạ, Đống Đa, Hà Nội 	21.0159037	105.8115976	1900585885		Hà Nội
TPBank Thăng Long	Số 129-131 Hoàng Quốc Việt, Cầu Giấy, Hà Nội	21.045963	105.800815	1900585885		Hà Nội
TPBank Ba Đình	Số 11 Nguyễn Biểu	21.04231	105.840247	1900585885		Số 11 Nguyễn Biểu
TPBank Tây Hà Nội	Số 535 Kim Mã, Phường Ngọc Khánh	21.0293692	105.8102219	1900585885		Phường Ngọc Khánh
TPBank Hà Đông	Khu đấu giá đất, Tân Triều, Hà Nội	20.9706582	105.7836953	1900585885		Hà Nội
TPBank Chiến Thắng	139E+G Đường Chiến Thắng	20.980538	105.79513	1900585885		139E+G Đường Chiến Thắng
TPBank Bình Chánh	A22/5 Quốc lộ 50, xã Bình Hưng	10.726093	106.656082	1900585885		xã Bình Hưng
TPBank Bình Thạnh	Số 81 Xô Viết Nghệ Tĩnh, Phường 17	10.793704	106.708088	1900585885		Phường 17
TPBank Hóc Môn	1/1- 1/2 Nguyễn Ảnh Thủ, Xã Trung Chánh, TP Hồ Chí Minh	10.862632	106.611954	1900585885		Hồ Chí Minh
TPBank Đô Thành	Số 93-95 Nguyễn Cư Trinh, Quận 1	10.763637	106.689727	1900585885		Quận 1
TPBank Tây Sài Gòn	Số 290 Lãnh Bình Thăng, Phường 11	10.7642647	106.646058	1900585885		Phường 11
TPBank Quận 4	Số 9-11 Hoàng Diệu, Phường 12	10.764762	106.706862	1900585885		Phường 12
TPBank Sài Gòn	166 Đ. Lê Hồng Phong, Phường 3, Quận 5, Thành phố Hồ Chí Minh	10.7585338	106.677974	1900585885		Hồ Chí Minh
TPBank Phú Mỹ Hưng	 960 - 962 Nguyễn Văn Linh, Phường Tân Phong, Quận 7, Thành phố Hồ Chí Minh, Việt Nam	10.729306	106.708234	1900585885		Hồ Chí Minh
TPBank Cộng Hòa	Số 73, đường Cộng Hòa, phường 4, Tân Bình, thành phố Hồ Chí Minh, Việt Nam	10.800919	106.655551	1900585885		Hồ Chí Minh
TPBank Hải Châu	460 Nguyễn Hữu Thọ, Khuê Trung, Hải Châu, Đà Nẵng 40503, Vietnam	16.03046525024781	108.20840733878225	1900585885		Đà Nẵng
TPBank Dĩ An	Số 15 Đường số 9, Khu TT Hành Chính, phường Dĩ An, TP.Dĩ An, tỉnh Bình Dương	10.8913977	106.7628144	1900585885		Bình Dương
TPBank Quảng Ninh	Tầng 1 tòa nhà Hạ Long DC, Số 8 đường 25/4, Phường Hồng Gai	20.952027	107.078906	1900585885		Phường Hồng Gai
TPBank Cẩm Phả	749-751 Trần Phú, Cẩm Thu, Cẩm Phả, Quảng Ninh	21.009836	107.263747	1900585885		Quảng Ninh
TPBank Nam Định	Số 91 Quang Trung, Phường Quang Trung	20.430802	106.175108	1900585885		Tuyên Quang
TPBank Tiền Giang	119A Nam Kỳ Khởi Nghĩa, Phường 4, Thành phố Mỹ Tho, Tiền Giang	10.358804	106.361711	1900585885		Tiền Giang
TPBank TP. Thủ Đức	Số 190 đường Đặng Văn Bi, Phường Bình Thọ	10.848266	106.759757	1900585885		Bình Dương
TPBank Quảng Nam	Số 152 Phan Châu Trinh, Phường Phước Hòa, Tam Kỳ, Quảng Nam, Vietnam	15.570747877343683	108.48600956204726	1900585885		Quảng Nam
TPBank Đắk Lắk	Số 56 - 58, Y Jút, phường Tân Tiến, thành phố Buôn Ma Thuột, tỉnh Đắk Lắk	12.68064816388194	108.04311673068801	1900585885		Đắk Lắk
TPBank Đông Hà Nội	HD09 Vinhomes Ocean Park, Trâu Quỳ, Gia Lâm, Hà Nội	21.00163108496579	105.94194109677072	1900585885		Hà Nội
TPBank Hội An	Số 500 đường Hai Bà Trưng, phường Tân An, TP.Hội An, tỉnh Quảng Nam	15.8897806396357	108.328709043886	1900585885		Quảng Nam
TPBank Tân Xuân	22/5 Lê Thị Hà, Thới Tam Thôn, Hóc Môn, TP. Hồ Chí Minh	10.8736533	106.5942237	1900585885		Hồ Chí Minh
TPBank Thuận An	Số A1.03- A1.04 Khu nhà ở Thương mại Phú Hồng Phát, Đường 22 tháng 12, Phường Thuận Giao, Thành phố Thuận An, Tỉnh Bình Dương	10.9487828	106.7150279	1900585885		Bình Dương
TPBank Bắc Sài Gòn	49 - 51 Nguyễn Thị Nhung, khu nhà ở Vạn Phúc, phường Hiệp Bình Phước, thành phố Thủ Đức, thành phố Hồ Chí Minh	10.8426022	106.7146626	1900585885		Hồ Chí Minh
TPBank Đông Sài Gòn	Số 62 đường Lương Định Của, phường An Khánh, TP. Thủ Đức, TP.Hồ Chí Minh	10.790725523499368	106.74265356886133	1900585885		Hồ Chí Minh
LiveBank Nguyễn Văn Thoại Đà Nẵng	Số 94 Nguyễn Văn Thoại, phường Bắc Mỹ An, quận Ngũ Hành Sơn, TP.Đà Nẵng	16.054571877885483	108.24078757086997	1900585885		Đà Nẵng
TPBank Cần Giờ	Số 61 Đường Đào Cữ, thị trấn Cần Thạnh, huyện Cần Giờ, TP.Hồ Chí Minh	10.414710285213955	106.97184367090728	1900585885		Hồ Chí Minh
TPBank Long Khánh	145 Hùng Vương , KP1, P.Xuân Hòa, TP.Long Khánh	10.926883318323549	107.24154735031591	1900585885		Khánh Hòa
TPBank Hải Hậu	Số 42 Khu 1 Thị Trấn Yên Định, Huyện Hải Hậu, Tỉnh Nam Định	20.198755746486974	106.30134463932612	1900585885		Nam Định
TPBank Uông Bí	tờ bản đồ QH, Khu dân cư tự xây Khu 8, Uông Bí, Quảng Ninh, Vietnam	21.034473077413917	106.771999127726	1900585885		Quảng Ninh
TPBank Diễn Châu	Số 23 khối 4, thị trấn Diễn Châu, tỉnh Nghệ An	18.9754567	105.601033	1900585885		Nghệ An
TPBank Huế	Số 78 Bến Nghé, phường Phú Hội, TP Huế, tỉnh Thừa Thiên Huế	16.46395055	107.5946429	1900585885		Thừa Thiên Huế
TPBank Đông Kinh	Tầng 1, tòa HC Golden City, phố Hồng Tiến, phường Bồ Đề, quận Long Biên, Hà Nội	21.06200998	105.8964986	1900585885		Hà Nội
TPBank Châu Đốc	46 Trưng Nữ Vương, P.Châu Phú B, TP.Châu Đốc, An Giang	10.70714423	105.1184418	1900585885		An Giang
TPBank Bạch Đằng	Số 1-55H/1, đường Nguyễn Ảnh Thủ, KP3, quận 12, thành phố Hồ Chí Minh, Việt Nam	10.8800797	106.6354661	1900585885		Hồ Chí Minh
TPBank Nghi Sơn	Tầng 1, 235 Lê Hoàn, Phường Ba Đình, TP Thanh Hóa, Tỉnh Thanh Hóa	19.80393576198161	105.77896710000235	1900585885		Thanh Hóa
TPBank Long An	Số 127-129 Hùng Vương (nối dài), phường 6, TP.Tân An, tỉnh Long An	10.5453365174668	106.400962836165	1900585885		Long An
TPBank Vĩnh Hải	686 Đường 2/4 , TP Nha Trang , Khánh Hòa	109.197903	12.272087			Khánh Hòa
TPBank Quế Võ	Số 69 khu 1, TT. Phố Mới, Quế Võ, Bắc Ninh, Vietnam	21.15370152409984	106.1483689372342	1900585885		Bắc Ninh
TPBank Hà Nam	Số 222 Lê Hoàn, phường Hai Bà Trưng, TP. Phủ Lý, tỉnh Hà Nam	20.5378758	105.9098147	1900 585885		Hà Nam
TPBank Trung Kính	110 P. Trung Kính, Yên Hoà, Cầu Giấy, Hà Nội	21.0167282	105.7942532	1900585885		Hà Nội
TPBank Tây Ninh	Số 358-360-362, đường 30 tháng 4, phường 3, thành phố Tây Ninh, tỉnh Tây Ninh, Việt Nam	11.3156951	106.095406	1900585885		Tây Ninh
TPBank Đông Anh	231 Tổ 3, Phủ Lỗ, Đông Anh, Hà Nội	21.134939850119427	105.84411700943629	1900585885		Hà Nội
TPBank Bắc Thăng Long	326 Đ. Phạm Văn Đồng, Phường, Bắc Từ Liêm, Hà Nội	21.0589422	105.7801953	1900585885		Hà Nội
TPBank Hoài Đức	Lô số A38-NV16, ô.01-02-03, Khu A, Khu đô thị mới Lê Trọng Tấn-Gelexinco, xã An Khánh, huyện Hoài Đức, Thành phố Hà Nội	20.9976276	105.7119647	1900585885		Hà Nội
TPBank Quận 2	Tòa nhà HQ Tower, 201 Đ. Trần Não, khu phố 10, Thủ Đức, Hồ Chí Minh 700000, Việt Nam	10.787456332965318	106.72978396931825	1900585885		Hồ Chí Minh
TPBank Quận 9	18 Đường 270, Phước Long A, TP Thủ Đức, Hồ Chí Minh, Việt Nam	10.7866777	106.6798925	1900585885		Hồ Chí Minh
TPBank Trung Tâm Bán Hạ Long	Tầng 12B Tòa nhà Hạ Long DC, số 8 đường 25/4 phường Hồng Gai, TP Hạ Long, Quảng Ninh	20.951864534880766	107.07900748743023	1900585885		Quảng Ninh
TPBank Trung Tâm Bán Bắc Giang	Tầng 4 tòa nhà TNL Plaza Bắc Giang, Số 8, Đường Nguyễn Văn Cừ, Phường Trần Phú, TP Bắc Giang, Tỉnh Bắc Giang	21.020672	105.8537472	1900585885		Bắc Giang
TPBank Trung Tâm Bán Miền Trung	Số 271 Nguyễn Văn Linh, phường Vĩnh Trung, quận Thanh Khê, TP. Đà Nẵng	16.0597327	108.1295159	1900585885		Đà Nẵng
TPBank Quảng Bình	Số 257 Trần Hưng Đạo, TP Đồng Hới, Quảng Bình	17.4678578	106.6040047	1900585885		Quảng Bình
TPBank Hồ Chí Minh	Số 67 Nguyễn Thị Minh Khai, Bến Thành, Quận 1	10.781310808046486	106.68895168803091	1900585885		Quận 1
LiveBank Hồ Chí Minh TPBank Quận 11	Số 317,317A,317B Tô Hiến Thành, P.13, Q.10, TP HCM	10.7781826	106.6646385	1900585885		Hồ Chí Minh