name	address	latitude	longitude	phone	workingTime	province	point
VIB Lê Chân	Số 51 phố Tô Hiệu, phường Trại Cau, quận Lê Chân, Hải Phòng	20.8522047	106.684423			Hải Phòng	100
VIB Hà Thành	Số 183-185 phố Trung Kính, phường Yên Hòa, Quận Cầu Giấy, thành phố Hà Nội	21.0175144	105.7170796			Hà Nội	100
VIB Lương Ngọc Quyến	127 Lương Ngọc Quyến, phường Hoàng Văn Thụ, thành phố Thái Nguyên, Thái Nguyên	21.59441	105.824665			Thái Nguyên	100
VIB Hồ Gươm	Số 79 Hàng Trống, phường Hàng Trống, quận Hoàn Kiếm, Hà Nội	21.02871	105.850848			Hà Nội	100
VIB Lach Tray	Số 114, đường Lạch Tray, phường Lạch Tray, quận Ngô Quyền, Hải Phòng	20.847085	106.690883			Hải Phòng	100
VIB Lê Quý Đôn	Số 170C đường Lê Quý Đôn, phường Bồ Xuyên, thành phố Thái Bình, Thái Bình	20.452321	106.3378403			Thái Bình	100
VIB Hưng Lợi	Số 220 đường 3/2, phường Hưng Lợi, quận Ninh Kiều, Cần Thơ	10.0220713	105.7650471			Cần Thơ	100
VIB Nguyễn Văn Trỗi	Tòa Nhà Centre Point, 106 Nguyễn Văn Trỗi, phường 8, quận Phú Nhuận, TP. Hồ Chí Minh	10.797371	106.673287			Hồ Chí Minh	100
VIB Dĩ An	Số 2 đường M, khu Trung tâm hành chính, phường Dĩ An, thành phố Dĩ An, Bình Dương	10.891763	106.766742			Bình Dương	100
VIB Cái Khế	19-21 Trần Văn Khéo, quận Ninh Kiều, Cần Thơ	10.0447853	105.784619			Cần Thơ	100
VIB Cát Lái	562 Nguyễn Thị Định, khu phố 2, phường Thạnh Mỹ Lợi, thành phố Thủ Đức, TP. Hồ Chí Minh	10.7782082	106.7617428			Hồ Chí Minh	100
VIB Lê Đức Thọ	752 Lê Đức Thọ, phường 15, quận Gò Vấp, TP. Hồ Chí Minh	10.84814316	106.66878			Hồ Chí Minh	100
VIB Phan Văn Trị	số 672A26 đường Phan Văn Trị, phường 10, quận Gò Vấp, TP. Hồ Chí Minh	10.83398952	106.6700681			Hồ Chí Minh	100
VIB Quận 8	Số 330-332 đường Phạm Hùng, phường 5, quận 8, TP. Hồ Chí Minh	10.7383545	106.6678583			Hồ Chí Minh	100
VIB Rạch Giá	Số 333 đường Nguyễn Trung Trực, phường Vĩnh Lạc, thành phố Rạch Giá, Kiên Giang	9.998311	105.091476			Kiên Giang	100
VIB Lâm Đồng	56-58 Khu Hòa Bình, phường 1, thành phố Đà Lạt, Lâm Đồng	11.9426161	108.4359583			Lâm Đồng	100
VIB Thủ Dầu Một	Số 416 Cách mạng tháng 8, phường Phú Cường, thành phố Thủ Dầu Một, Bình Dương	10.981396	106.655968			Bình Dương	100
VIB Tân Bình	Số 415B Hoàng Văn Thụ, phường 2, quận Tân Bình, TP. Hồ Chí Minh	10.7992638	106.659999			Hồ Chí Minh	100
VIB Bàu Cát	Số 64-66 Bàu Cát, phường 14, quận Tân Bình, TP. Hồ Chí Minh	10.792541	106.641628			Hồ Chí Minh	100
VIB Bình Định	104 Mai Xuân Thưởng, phường Lý Thường Kiệt, thành phố Quy Nhơn, Bình Định	13.77486	109.224019			Bình Định	100
VIB Lê Văn Lương	Một phần diện tích tầng 1, tầng 2 tòa nhà The Golden Palm, số 21 Lê Văn Lương, phường Nhân Chính, quận Thanh Xuân, Hà Nội	21.00725	105.80763			Hà Nội	100
VIB Bạch Đằng	Số 199 Bạch Đằng, phường Thượng Lý, quận Hồng Bàng, Hải Phòng	20.861937	106.663327			Hải Phòng	100
VIB Trảng Bom	Só B1-B2, đường 29/04, khu phố 5, thị trấn Trảng Bom, huyện Trảng Bom, Đồng Nai	10.94938	106.94416			Đồng Nai	100
VIB Rạch Sỏi	Lô L5, căn số 22-23, khu dân cư TTTM Rạch Sỏi, đường Mai Thị Hồng Hạnh, phường Rạch Sỏi, thành phố Rạch Giá, Kiên Giang	9.948395	105.115689			Kiên Giang	100
VIB Mỹ Đình	Số 124 - 224, ĐN7, CT5, Khu đô thị mới Mỹ Đình, đường Phạm Hùng, quận Nam Từ Liêm, Hà Nội	21.018337	105.781242			Hà Nội	100
VIB Đông Đô	Tòa nhà Thiên Niên kỷ, số 04 Quang Trung, phường Yết Kiêu, quận Hà Đông Hà Nội	20.9733204	105.7432626			Hà Nội	100
VIB Thanh Hóa	Số 2 đường Lê Hữu Lập, phường Lam Sơn, thành phố Thanh Hóa, Thanh Hóa	19.807176	105.780112			Thanh Hóa	100
VIB Trung tâm Kinh doanh Hội sở	Tầng 1, 2 Tòa nhà SailingTower - 111A Pasteur, phường Bến Nghé, quận 1, TP. Hồ Chí Minh	10.7804133	106.695774			Hồ Chí Minh	100
VIB Quận 7	Số 45-47-49, đường Nguyễn Lương Bằng, khu phố Ascentia, phường Tân Phú, quận 7, TP. Hồ Chí Minh	10.7307227	106.7045451			Hồ Chí Minh	100
VIB Bình Thạnh	137 Lê Quang Định, phường 14, quận Bình Thạnh, TP. Hồ Chí Minh	10.8071407	106.696343			Hồ Chí Minh	100
VIB Hùng Vương	Chung cư Nguyễn Kim Khu B, Lý Thường Kiệt, phường 7, quận 10, TP. Hồ Chí Minh	10.761899	106.660366			Hồ Chí Minh	100
VIB Quang Trung	Số 37 Quang Trung, phường 3, quận Gò Vấp, TP. Hồ Chí Minh	10.8270862	106.678039			Hồ Chí Minh	100
VIB Trảng Bàng	Số 41, 42, Quốc lộ 22, khu phố Lộc An, phường Trảng Bàng, thị xã Trảng Bàng, Tây Ninh	11.0302692	106.3573267			Tây Ninh	100
VIB Thành Thái	Tầng 1, tầng 2, Shop house số 07 và số 08, Tòa nhà The Park Home, khu đô thị mới Cầu Giấy, phường Dịch Vọng, quận Cầu Giấy, Hà Nội	21.0274552	105.7883188			Hà Nội	100
VIB Củ Chi	Số 69 Tỉnh lộ 8, khu phố 1, thị trấn Củ Chi, huyện Củ Chi, Thành phố Hồ Chí Minh	10.9717702	106.3395864			Hồ Chí Minh	100
VIB Nguyễn Oanh	số 380 đường Nguyễn Oanh, phường 17, quận Gò Vấp, TP. Hồ Chí Minh	10.84145275	106.6765524			Hồ Chí Minh	100
VIB Hưng Phú	Số 01, 02 Khu A2, Trung tâm Thương mại Phức hợp Cần Thơ Center, Khu vực 11, phường Hưng Phú, quận Cái Răng, Cần Thơ	10.014954	105.7809568			Cần Thơ	100
VIB Hóc Môn	42 Lý Thường Kiệt, Khu phố 4, thị trấn Hóc Môn, huyện Hóc Môn, TP. Hồ Chí Minh	10.88812459	106.59354618			Hồ Chí Minh	100
VIB Nghi Sơn	Căn A13-M1và A14-M9, Khu Thương mại và Dịch vụ Hợp Lực, Nổ Giáp 1, phường Nguyên Bình, thị xã Nghi Sơn, tỉnh Thanh Hóa	19.4273715	105.7668041			Thanh Hóa	100
VIB Gia Lâm	Căn TMDV số 06, 08A, 08, 09, 10 tại Tầng 1, Tòa nhà Masteri WaterFront, khu đô thị Vinhomes Ocean Park 1, xã Đa Tốn, huyện Gia Lâm, thành phố Hà Nội	20.9935868	105.9410324			Hà Nội	100
VIB Tân Định	Số 437, 439, 441 đường Hai Bà Trưng, phường Võ Thị Sáu, quận 3, TP. Hồ Chí Minh	10.7899702	106.689311			Hồ Chí Minh	100
VIB Bà Rịa	1264 - 1266 Bạch Đằng, phường Phước Trung, thành phố Bà Rịa, Bà Rịa - Vũng Tàu	10.492863	107.171459			Bà Rịa Vũng Tàu	100
VIB Hố Nai	97/5, QL1, KP.9, phường Tân Biên, thành phố Biên Hòa, Đồng Nai	10.9690981	106.897847			Đồng Nai	100
VIB Bình Dương	306 Đại lộ Bình Dương, phường Phú Hòa, thành phố Thủ Dầu Một, Bình Dương	10.9795113	106.66804			Bình Dương	100
VIB Tao Đàn	398 Lê Văn Sỹ, phường 14, quận 3, TP. Hồ Chí Minh	10.78874768	106.6768414			Hồ Chí Minh	100
VIB Phan Đăng Lưu	Số 12C Phan Đăng Lưu, phường 7, quận Bình Thạnh, TP. Hồ Chí Minh	10.80316	106.692627			Hồ Chí Minh	100
VIB Sài Gòn	Một phần tầng trệt, Phòng 203-04 tầng 2 và Phòng 301 tầng 3, Tòa nhà Mê Linh Point, số 2 đường Ngô Đức Kế, phường Bến Nghé, quận 1, TP. Hồ Chí Minh	10.7746683	106.706092			Hồ Chí Minh	100
VIB Quận 4	188-190 Khánh Hội, phường 5, quận 4, TP. Hồ Chí Minh	10.7584733	106.69742632			Hồ Chí Minh	100
VIB Thuận An	Số 59 đường Nguyễn Văn Tiết, phường Lái Thiêu, thành phố Thuận An, Bình Dương	10.91035	106.7023174			Bình Dương	100
VIB Tản Đà	Khu vực D7 – tầng trệt của Khu thương mại thuộc cao Ốc Tản Đà - 86 Tản Đà, phường 11, quận 5, TP. Hồ Chí Minh	10.75089	106.66436			Hồ Chí Minh	100
VIB Hải Phòng	Số 55-57 đường Điện Biên Phủ, phường Minh Khai, quận Hồng Bàng, Hải Phòng	20.8615392	106.6803048			Hải Phòng	100
VIB Vĩnh Phúc	số 69 đường Mê Linh, phường Liên Bảo, thành phố Vĩnh Yên, Vĩnh Phúc	21.313814	105.601428			Vĩnh Phúc	100
VIB Thái Nguyên	số 661 đường Lương Ngọc Quyến, phường Phan Đình Phùng, thành phố Thái Nguyên, Thái Nguyên	21.5820093	105.836258			Thái Nguyên	100
VIB Long Biên	296 Nguyễn Văn Cừ, phường Bồ Đề, quận Long Biên, Hà Nội	21.044883	105.874777			Hà Nội	100
VIB Hào Nam	Tầng 1, tầng 2 tòa nhà NHS Center, số 214 Hào Nam, phường Cát Linh, quận Đống Đa, Hà Nội	21.028596432	105.8276654697			Hà Nội	100
VIB Uông Bí	496 đường Quang Trung (TTTM), P. Quang Trung, thành phố Uông Bí, Quảng Ninh	21.0342887	106.769396			Quảng Ninh	100
VIB Hạ Long	88 Lê Thánh Tông, phường Hồng Gai, thành phố Hạ Long, Quảng Ninh	20.950709	107.082731			Quảng Ninh	100
VIB Thuận Hóa	30 đường Lê Lợi, phường Phú Nhuận, thành phố Huế, Thừa Thiên Huế	16.467016	107.590823			Thừa Thiên Huế	100
VIB Đào Tấn	38 phố Đào Tấn, phường Cống Vị, quận Ba Đình, Hà Nội	21.032762	105.808382			Hà Nội	100
VIB Tây Hồ	Tầng 1, tòa nhà N03-T1, Khu Ngoại giao đoàn Tây Hồ, phường Xuân Tảo, quận Bắc Từ Liêm, Hà Nội	21.06083	105.8327			Hà Nội	100
VIB Nguyễn Tuân	Tầng 1, tháp B, tòa nhà TTTM nhà ở số 82 Nguyễn Tuân, phường Thanh Xuân Trung, quận Thanh Xuân, Hà Nội	20.9966972709	105.8048248045			Hà Nội	100
VIB Thạch Thất	Cụm công nghiệp Bình Phú, đường 419, xã Bình Phú, huyện Thạch Thất, Hà Nội	21.0175532272	105.6124597516			Hà Nội	100
VIB Sông Hàn	Số 214-216-218 đường Nguyễn Hữu Thọ, phường Hòa Thuận Tây, quận Hải Châu, Đà Nẵng	16.04646	108.20964			Đà Nẵng	100
VIB Phúc Yên	Số 99 và số 101, đường Trần Hưng Đạo, phường Trưng Trắc, thành phố Phúc Yên, Vĩnh Phúc	21.2220574	105.6031871			Vĩnh Phúc	100
VIB Sao Đỏ	số 119 đường Nguyễn Trãi, phường Sao Đỏ, thành phố Chí Linh, Hải Dương	21.1085835	106.38849			Hải Dương	100
VIB Đông Ba	Số 92 Đinh Tiên Hoàng, phường Đông Ba, thành phố Huế, tỉnh Thừa Thiên Huế	16.4734793	107.5789317			Thừa Thiên Huế	100
VIB Chợ Vinh	Số 02 đường Trần Phú, phường Hồng Sơn, thành phố Vinh, Nghệ An	18.664825	105.675012			Nghệ An	100
VIB Gang Thép	Tổ 11 Phường Trung Thành, thành phố Thái Nguyên, Thái Nguyên	21.5458545	105.870668			Thái Nguyên	100
VIB Minh Khai	Tòa nhà Hàn Việt Tower, Số 203 Minh Khai, phường Minh Khai, quận Hai Bà Trưng, Hà Nội	20.996774	105.861832			Hà Nội	100
VIB Nguyễn Cơ Thạch	Tầng 1 tòa nhà CT1A, Dự án Moncity, phường Mỹ Đình 2, quận Nam Từ Liêm, Hà Nội	21.03582101	105.76671259			Hà Nội	100
VIB Trường Thi	Số 267 đường Trường Thi, phường Điện Biên, thành phố Thanh Hóa, Thanh Hóa	19.8120927	105.778217			Thanh Hóa	100
VIB Thụy Khuê	số 20 đường Thụy Khuê, phường Thụy Khuê, quận Tây Hồ, Hà Nội	21.04116	105.8283			Hà Nội	100
VIB Mạo Khê	Số 100 đường Hoàng Hoa Thám, thị trấn Mạo Khê, thị xã Đông Triều, Quảng Ninh	21.055047	106.603634			Quảng Ninh	100
VIB Liễu Giai	Tầng 1 tòa nhà số 04 Liễu Giai, phường Cống Vị, quận Ba Đình, Hà Nội	21.03701426	105.8145672			Hà Nội	100
VIB Chợ Mơ	Tầng 1 trung tâm thương mại Chợ Mơ, số 459C Bạch Mai, phường Trương Định, quận Hai Bà Trưng, Hà Nội	20.99634988	105.85073052			Hà Nội	100
VIB Bãi Cháy	Tầng 1 và tầng 2, số 483 đường Hạ Long, phường Bãi Cháy, thành phố Hạ Long, Quảng Ninh	20.953079	107.044462			Quảng Ninh	100
VIB Diễn Châu	Tầng 1, tầng 2, tòa nhà Kim Vân Thân, Quốc lộ 1A, Khối 4, thị trấn Diễn Châu, huyện Diễn Châu, Nghệ An	18.976946	105.601154			Nghệ An	100
VIB Hưng Bình	Số 03 đường Mai Hắc Đế, phường Quán Bàu, thành phố Vinh, Nghệ An	18.672999	105.68897			Nghệ An	100
VIB Xa La	Biệt thự số 11 vị trí 02 khu dự án nhà ở Xa La, phường Phúc La, quận Hà Đông, Hà Nội	20.962109	105.794201			Hà Nội	100
VIB Cộng Hòa	Số 420-422 Cộng Hòa, phường 13, quận Tân Bình, TP. Hồ Chí Minh	10.8023804	106.643196			Hồ Chí Minh	100
VIB Chợ Lớn	1703 Trần Hưng Đạo, phường 5, quận 5, TP. Hồ Chí Minh	10.752865	106.6723			Hồ Chí Minh	100
VIB Hà Nội	Số 306 Tây Sơn, phường Ngã Tư Sở, quận Đống Đa, Hà Nội	21.0064644	105.822819			Hà Nội	100
VIB Hải Dương	Số 36 phố Nguyễn Lương Bằng, phường Bình Hàn, thành phố Hải Dương, Hải Dương	20.93862	106.319874			Hải Dương	100
VIB Tân Uyên	Số 162 đường DT746, tổ 5, Khu Phố Bình Hoà 2, phường Tân Phước Khánh, thị xã Tân Uyên, Bình Dương	11.00192019	106.7140157			Bình Dương	100
VIB Huế	Số 2 Lý Thường Kiệt, phường Vĩnh Ninh, thành phố Huế, Thừa Thiên Huế	16.461249	107.591302			Thừa Thiên Huế	100
VIB Cầu Giấy	Tòa nhà CTM - 299 Cầu Giấy, phường Dịch Vọng, quận Cầu Giấy, Hà Nội	21.035155	105.793834			Hà Nội	100
VIB Ba Đình	273 Kim Mã, phường Giảng Võ, quận Ba Đình, Hà Nội	21.03077801	105.82005855			Hà Nội	100
VIB Hồng Bàng	Tầng 2, số 14 Võ Nguyên Giáp, phường Kênh Dương, quận Lê Chân, Hải Phòng	20.8293958	106.6837659			Hải Phòng	100
VIB Cửa Đông	Tầng 1, tầng lửng Tòa nhà DUNG HÒA số 9-11-13-15 Cửa Đông, phường Cửa Đông, quận Hoàn Kiếm, Hà Nội	21.0344368073	105.8465720342			Hà Nội	100
VIB Thủy Nguyên	Tầng 1 Tòa nhà Shop house 2, Khu đô thị Quang Minh Green city, xã Thủy Sơn, huyện Thủy Nguyên, Hải Phòng	20.9082533	106.670556			Hải Phòng	100
VIB Láng Hạ	số 4A Láng Hạ, quận Ba Đình, Hà Nội	21.022211	105.818864			Hà Nội	100
VIB Cẩm Lệ	815 Nguyễn Hữu Thọ, phường Khuê Trung, quận Cẩm Lệ, Đà Nẵng	16.0400312	108.1695635			Đà Nẵng	100
VIB Hải Châu	Một phần tầng 1, tầng 11 tòa nhà G8 Golden, số 65 đường Hải Phòng, phường Thạch Thang, quận Hải Châu, thành phố Đà Nẵng	16.0579803	108.1908999			Đà Nẵng	100
VIB Bến Cát	Ô 8 - 9 Đại lộ Bình Dương, khu phố 3, phường Mỹ Phước, thị xã Bến Cát, Bình Dương	10.9705372	106.6755854			Bình Dương	100
VIB Trảng Dài	Số L2-9, KDC Phú Gia, Phường Trảng Dài, Thành phố Biên Hòa, Tỉnh Đồng Nai	10.9862987	106.8495377			Đồng Nai	100
VIB Tiền Giang	Căn nhà 12A, 15, 15A Số 1A, đường Hùng Vương, phường 1, thành phố Mỹ Tho, Tiền Giang	10.3563715	106.3617464			Tiền Giang	100
VIB Đan Phượng	Một phần tầng 1, tầng 2, Tòa nhà số 90 Phan Đình Phùng, thị trấn Phùng, huyện Đan Phượng, thành phố Hà Nội	21.0861577	105.6637219			Hà Nội	100
VIB Hòa Thành	Số 13 Nguyễn Văn Linh, phường Long Thành Bắc, thị xã Hoà Thành, Tây Ninh	11.2864487	106.1305095			Tây Ninh	100
TTKD KHDN Thăng Long	VN					VN
VIB Đồng Khởi	số 97-99-101 đường Đồng Khởi, phường Tam Hiệp, thành phố Biên Hòa, tỉnh Đồng Nai	10.9563095	106.8592952			Đồng Nai	100
VIB Sông Bé	số 512 Đại lộ Bình Dương, phường Hiệp Thành, thành phố Thủ Dầu Một, Bình Dương	10.99070948	106.6636117			Bình Dương	100
VIB Bắc Ninh	Một phần tầng 1 và tầng 2, tòa nhà số 34 đường Lý Thái Tổ, phường Ninh Xá, thành phố Bắc Ninh, tỉnh Bắc Ninh	21.1731841	106.062462			Bắc Ninh	100
VIB Long Xuyên	960 Trần Hưng Đạo, phường Bình Khánh, Thành phố Long Xuyên, An Giang	10.3930758	105.4263962			An Giang	100
VIB Nhà Bè	Một phần tầng trệt và tầng lửng nhà dịch vụ khu căn hộ New Sài Gòn, đường Nguyễn Hữu Thọ, xã Phước Kiển, huyện Nhà Bè, TP. Hồ Chí Minh	10.7200964	106.7007087			Hồ Chí Minh	100
VIB Châu Đốc	Số 67, 69 Nguyễn Hữu Cảnh, phường Châu Phú A, thành phố Châu Đốc, An Giang	10.7098487	105.1160549			An Giang	100
VIB Hiệp Ninh	Số 797 đường Cách Mạng Tháng 8, khu phố 2, phường 3, thành phố Tây Ninh, Tây Ninh	11.3087826	106.1123508			Tây Ninh	100
VIB Hưng Dũng	Một phần tầng 1, tòa nhà Trung Đô Tower, đại lộ Lênin, khối Trưng Đô, phường Hưng Dũng, thành phố Vinh, Nghệ An	18.675723	105.677962			Nghệ An	100
VIB Đồng Nai	14K Võ Thị Sáu, phường Thống Nhất, thành phố Biên Hòa, Đồng Nai	10.94866	106.83523			Đồng Nai	100
VIB Huỳnh Thúc Kháng	Số 35-37 Huỳnh Thúc Kháng, phường Bến Nghé, quận 1, TP. Hồ Chí Minh	10.7725466	106.702473			Hồ Chí Minh	100
VIB Sở Giao Dịch	Tầng 1, 6, 7 Tòa nhà Corner Stone, 16 Phan Chu Trinh, phường Phan Chu Trinh, quận Hoàn Kiếm, Hà Nội	21.0209895	105.8557002			Hà Nội	100
VIB Tây Ninh	L4, L5 khu Shophouse MBLAND, đường 30/04, khu phố 1, phường 1, thành phố Tây Ninh, Tây Ninh	11.3147651	106.097477			Tây Ninh	100
VIB Trần Hưng Đạo	Số 56 Trần Hưng Đạo, phường 1, thành phố Vũng Tàu, Bà Rịa - Vũng Tàu	10.3455868	107.076543			Bà Rịa Vũng Tàu	100
VIB Quận 9	Số 116 - 118, đường Đỗ Xuân Hợp, phường Phước Long A, quận 9, TP. Hồ Chí Minh	10.8307621	106.767963			Hồ Chí Minh	100
VIB Thủ Đức	Số 201 Đặng Văn Bi, phường Trường Thọ, thành phố Thủ Đức, thành phố Hồ Chí Minh	10.8472766	106.7577179			Hồ Chí Minh	100
VIB Thanh Khê	số 125 Điện Biên Phủ, phường Chính Gián, quận Thanh Khê, Đà Nẵng	16.0657	108.19925			Đà Nẵng	100
VIB Xã Đàn	Số 255 Xã Đàn, phường Nam Đồng, quận Đống Đa, Hà Nội	21.0169414935	105.8310045119			Hà Nội	100
VIB Đại Kim	Tầng 1 Ô 15B, Khu Đô thị mới Đại Kim phố Nguyễn Cảnh Dị, phường Đại Kim, quận Hoàng Mai, Hà Nội	20.975787	105.83595			Hà Nội	100
VIB Cách Mạng Tháng 8	Số 605, 607 đường Cách Mạng Tháng 8, Phường 15, Quận 10, Thành phố Hồ Chí Minh	10.7847145	106.6658583			Hồ Chí Minh	100
VIB Quảng Ninh	Số 536 (tầng 1 và tầng 3, Tòa nhà Goldland Plaza), đường Nguyễn Văn Cừ, phường Hồng Hải, thành phố Hạ Long, Quảng Ninh	20.9458509	107.1057142			Quảng Ninh	100
VIB Quảng Ngãi	Tầng trệt và tầng 1 tòa nhà Ricco Building, 186 đường Hùng Vương, phường Trần Phú, thành phố Quảng Ngãi, Quảng Ngãi	15.1209944	108.7859609			Quảng Ngãi	100
VIB Hai Bà Trưng	Tòa nhà 59 Quang Trung, phường Nguyễn Du, quận Hai Bà Trưng, Hà Nội	21.01793	105.847381			Hà Nội	100
VIB Lý Thường Kiệt	số 64 Lý Thường Kiệt, phườngTrần Hưng Đạo, quận Hoàn Kiếm, Hà Nội	21.025276	105.844372			Hà Nội	100
VIB Hoàng Quốc Việt	số 2 Hoàng Quốc Việt, quận Cầu Giấy, Hà Nội	21.04659	105.804455			Hà Nội	100
VIB Biên Hòa	Tòa nhà Thanh Bình Plaza, số 5 đường Cách Mạng Tháng Tám, phường Thanh Bình, thành phố Biên Hòa, Đồng Nai	10.946719	106.817185			Đồng Nai	100
VIB Phả Lại	Cổng Phả Lại 1, phường Phả Lại, thành phố Chí Linh, Hải Dương	21.1185055	106.3167983			Hải Dương	100
VIB Hồ Chí Minh	Số 288A An Dương Vương, phường 4, quận 5, TP. Hồ Chí Minh	10.76073	106.6751			Hồ Chí Minh	100
VIB Vân Đình	Tầng 1, tầng 2, tầng 3 căn nhà số 130 Thanh Ấm, thị trấn Vân Đình, huyện Ứng Hòa, Hà Nội	20.7279264355	105.771537422			Hà Nội	100
VIB Bình Chánh	SH12A-SH15 Lô thương mại, Dự án Khu dân cư Trung Sơn 6,57ha - Khu chức năng 6A, khu đô thị mới Nam thành phố, xã Bình Hưng, huyện Bình Chánh, TP. Hồ Chí Minh	10.7333789	106.6870017			Hồ Chí Minh	100
VIB Sóng Thần	Ô 11, 12, lô SH2, Khu phức hợp Charm Plaza 1, phường Dĩ An, thành phố Dĩ An, Bình Dương	10.9087473	106.7396973			Bình Dương	100
VIB Bình Hưng	Một phần tầng trệt, tầng 1, tầng 2 Lô S, khu số 9, xã Bình Hưng, huyện Bình Chánh, Thành phố Hồ Chí Minh	10.7223453	106.3421561			Hồ Chí Minh	100
VIB Phú Mỹ	G15 D,C,B,A tòa nhà KNG Mall số 2439 Độc Lập, khu phố Vạn Hạnh, phường Phú Mỹ, thị xã Phú Mỹ, tỉnh Bà Rịa Vũng Tàu	10.5893884	107.0534102			Bà Rịa Vũng Tàu	100
VIB Tân Mai	864 - 866 Phạm Văn Thuận, phường Tân Mai, thành phố Biên Hòa, Đồng Nai	10.95637	106.84878			Đồng Nai	100
VIB Quận 2	Số 130 Trần Não, phường Bình An, quận 2, TP. Hồ Chí Minh	10.79316	106.73058			Hồ Chí Minh	100
VIB Văn Thánh	H10A, đường D2, phường 25, quận Bình Thạnh, TP. Hồ Chí Minh	10.8040302	106.715873			Hồ Chí Minh	100
VIB Gia Định	Số 134 đường Cao Thắng, phường 4, quận 3, TP. Hồ Chí Minh	10.7727194	106.6770879			Hồ Chí Minh	100
VIB Tôn Đức Thắng	Tầng trệt (Căn phòng G2_4) và Tầng 6 (Căn phòng 603B - 604), Tòa nhà Saigon Trade Center, Số 37 đường Tôn Đức Thắng, phường Bến Nghé, quận 1, TP. Hồ Chí Minh	10.7746683	106.706092			Hồ Chí Minh	100
VIB 3 Tháng 2	Số 554-556-558 đường 3/2, phường 14, quận 10, TP. Hồ Chí Minh	10.7662541	106.664238			Hồ Chí Minh	100
VIB Trường Sơn	Số 2, đường Trường Sơn, quận Tân Bình, TP. Hồ Chí Minh	10.8070832	106.664659			Hồ Chí Minh	100
VIB Hoàng Văn Thái	Tầng trệt và lầu 1, Tòa nhà Riverpark Premier, số 72-74 đường Nguyễn Đức Cảnh, phường Tân Phong, quận 7, thành phố Hồ Chí Minh	10.7246635	106.5560201			Hồ Chí Minh	100
VIB Quận 6	Số 161 Kinh Dương Vương, phường 12, quận 6, TP. Hồ Chí Minh	10.748372	106.627314			Hồ Chí Minh	100
VIB Tân Thành	Số 913 Lũy Bán Bích, phường Tân Thành, quận Tân Phú, TP. Hồ Chí Minh	10.790422	106.637182			Hồ Chí Minh	100
VIB Thanh Đa	Một phần tầng 1 và một phần tầng 4, tòa nhà Pax Sky, số 26 đường Ung Văn Khiêm, phường 25, quận Bình Thạnh, thành phố Hồ Chí Minh	10.80899	106.7106459			Hồ Chí Minh	100
VIB Nguyễn Thị Thập	Số 5, 7 Nguyễn Thị Thập, Khu Dân Cư Him Lam, phường Tân Hưng, quận 7, TP. Hồ Chí Minh	10.740494	106.699569			Hồ Chí Minh	100
VIB Đà Nẵng	208-210-212 Nguyễn Văn Linh, phường Vĩnh Trung, quận Thanh Khê, Đà Nẵng	16.059658	108.2061016			Đà Nẵng	100
VIB Vinh	Tầng 1 nhà B Khu Trung Tâm Thương Mại-Dịch vụ, đường Quang Trung, phường Quang Trung, thành phố Vinh, Nghệ An	18.6735486	105.674395			Nghệ An	100
VIB Đồng Tháp	Số 30 -32 -34 đường 30/04, phường 1, thành phố Cao Lãnh, Đồng Tháp	10.4615318	105.6280462			Đồng Tháp	100
VIB Phan Chu Trinh	21 Phan Chu Trinh, phường Xương Huân, thành phố Nha Trang, Khánh Hòa	12.2525817	109.193241			Khánh Hòa	100
VIB Buôn Ma Thuột	Số 16-18 đường Y Jút, phường Tân Tiến, thành phố Buôn Ma Thuột, tỉnh Đắk Lắk	12.6790049	108.0402732			Đắk Lắk	100
VIB Nguyễn Hữu Cảnh	Tầng trệt số 2 Nguyễn Hữu Cảnh, phườngThắng Nhất, thành phố Vũng Tàu, Bà Rịa - Vũng Tàu	10.391708	107.100543			Bà Rịa Vũng Tàu	100
VIB Cần Thơ	Một phần tầng trệt của Trung tâm mua sắm Nguyễn Kim Cần Thơ, Số 2 Đường 30/4, Phường An Phú, Quận Ninh Kiều, Thành phố Cần Thơ	10.0315343	105.768775			Cần Thơ	100
VIB ĐăkLăk	Số 27 Nguyễn Tất Thành, phường Tân Lợi, thành phố Buôn Ma Thuột, Đắk Lắk	12.686824	108.054621			Đắk Lắk	100
VIB Kiên Giang	Số B4-72-73 đường 3 tháng 2, phường Vĩnh Bảo, thành phố Rạch Giá, tỉnh Kiên Giang	9.9998236	105.0811309			Kiên Giang	100
VIB Long Khánh	số 212 Hùng Vương, phường Xuân Bình, thành phố Long Khánh, Đồng Nai	10.9274152	107.2395314			Đồng Nai	100
VIB Kỳ Hòa	328-330 đường Ba Tháng Hai, phường 12, quận 10, TP. Hồ Chí Minh	10.77001263	106.6707549			Hồ Chí Minh	100
VIB Thành Đô	Số 128B Phan Đăng Lưu, phường 3, quận Phú Nhuận, TP. Hồ Chí Minh	10.8023294	106.68353			Hồ Chí Minh	100
VIB Quận 11	Tầng trệt, tầng 1, 2, 3 của tòa nhà số 349M-351 đường Lạc Long Quân, phường 5, quận 11, TP. Hồ Chí Minh	10.7709827	106.6427609			Hồ Chí Minh	100
VIB Trần Nhân Tôn	Tòa nhà xổ số kiến thiết, số 77 Trần Nhân Tôn, phường 9, quận 5, TP. Hồ Chí Minh	10.7498087	106.65015			Hồ Chí Minh	100
VIB Lê Đại Hành	Cao Ốc Bảo Gia, số 182 đường Lê Đại Hành, phường 15, quận 11, TP. Hồ Chí Minh	10.7685834	106.652522			Hồ Chí Minh	100
VIB Quận 1	54-56 Nam Kỳ Khởi Nghĩa, phường Nguyễn Thái Bình, quận 1, TP. Hồ Chí Minh	10.769822	106.701805			Hồ Chí Minh	100
VIB Phú Mỹ Hưng	Phòng số 1- Tầng trệt và Tầng 2, Tòa nhà Phú Mỹ Hưng, số 08 đường Hoàng Văn Thái, khu phố 1, phường Tân Phú, quận 7, thành phố Hồ Chí Minh	10.7268116	106.7090405			Hồ Chí Minh	100
VIB Nguy?n Tri Phuong	247-249-251 du?ng Nguy?n Tri Phuong, Phu?ng 5, Qu?n 10, thành ph? H? Chí Minh	10.797974	106.63763			Hồ Chí Minh	100
VIB Tân Phú	Tháp RS4, số 278 Hòa Bình, phường Hiệp Tân, quận Tân Phú, TP. Hồ Chí Minh	10.770782	106.630326			Hồ Chí Minh	100
VIB Cà Mau	Số 206-208 đường Nguyễn Tất Thành, phường 8, thành phố Cà Mau, tỉnh Cà Mau	9.1647778	105.1411483			Cà Mau	100
VIB Nha Trang	50 Lê Thành Phương, phường Phương Sài, thành phố Nha Trang, Khánh Hòa	12.2494927	109.188383			Khánh Hòa	100
VIB An Giang	340 Lý Thái Tổ, phường Mỹ Xuyên, thành phố Long Xuyên, An Giang	10.38108311	105.44665			An Giang	100
VIB Vũng Tàu	01K1 Nguyễn Thái Học, phường 7, thành phố Vũng Tàu, Bà Rịa - Vũng Tàu	10.36542	107.083738			Bà Rịa Vũng Tàu	100
VIB Ninh Kiều	84bis/3 Mậu Thân, quận Ninh Kiều, Cần Thơ	10.042673	105.766142			Cần Thơ	100
VIB Thành Công	Số 389 Phan Chu Trinh, phường Tân Lợi, thành phố Buôn Ma Thuột, Đắk Lắk	12.6837855	108.041435			Đắk Lắk	100
VIB Sa Đéc	A24 - A26 ,đường Hùng Vương, thành phố Sa Đéc, Đồng Tháp	10.2912335	105.76726			Đồng Tháp	100
VIB Lam Sơn	Tầng 1,2,3,4 tòa nhà số 211 đường Nguyễn Trãi, phường Tân Sơn, thành phố Thanh Hóa, Thanh Hóa	19.790719	105.777196			Thanh Hóa	100
VIB Quận 10	số 285 đường Cách Mạng Tháng 8, phường 12, quận 10, TP. Hồ Chí Minh	10.77161	106.693123			Hồ Chí Minh	100
VIB Vĩnh Yên	Tầng 1 Siêu thị Sài Gòn - Vĩnh Yên, khu đô thị chùa Hà Tiên, phường Liên Bảo, thành phố Vĩnh Yên, Vĩnh Phúc	21.313872	105.601479			Vĩnh Phúc	100
VIB Bà Triệu	60 Bùi Khắc Nhất, khu dân cư An Phú Hưng, thành phố Thanh Hóa, Thanh Hoá	19.8025051	105.7909043			Thanh Hóa	100
VIB Hải An	Madelise Tower, số 01 lô 3C, Khu đô thị Ngã Năm Sân Bay Cát Bi, phường Đông Khê, quận Ngô Quyền, Hải Phòng	20.8565489	106.6977288			Hải Phòng	100
VIB Thành Đông	Tầng 1, tòa nhà số 242 Trường Chinh, phường Tân Bình, thành phố Hải Dương, tỉnh Hải Dương	20.9282662	106.3143954			Hải Dương	100
VIB Việt Trì	Số 1620 đại lộ Hùng Vương, phường Nông Trang, thành phố Việt Trì, Phú Thọ	21.3251731	105.382787			Phú Thọ	100
VIB Thăng Long	Tầng 1, tầng 3 Tòa nhà Lâm Viên Complex, số 107 Nguyễn Phong Sắc, phường Dịch Vọng Hậu, quận Cầu Giấy, Hà Nội	21.04085	105.79033			Hà Nội	100
VIB Hà Đông	Tầng 1, 2 - Tòa nhà Ellipse Tower, 110 Trần Phú, phường Mộ Lao, quận Hà Đông, Hà Nội	20.97725135	105.78371511			Hà Nội	100
VIB Thái Bình	Tầng 1, 2 tòa nhà TNL Plaza Thái Bình, số 7 đường Quang Trung, phường Quang Trung, thành phố Thái Bình, Thái Bình	20.4446714	106.3348956			Thái Bình	100
VIB Đống Đa	Tầng 1,3 tòa nhà The CONINCO, số 4 Tôn Thất Tùng, phường Trung Tự, quận Đống Đa, Hà Nội	21.00558599	105.83069936			Hà Nội	100
VIB Hoàn Kiếm	33 Phố Huế, phường Hàng Bài, quận Hoàn Kiếm, Hà Nội	21.018579	105.851887			Hà Nội	100
VIB Cẩm Phả	Tầng 1 tòa nhà Golden Cẩm Phả Plaza, 493 Trần Phú, phường Cẩm Trung, thành phố Cẩm Phả, Quảng Ninh	21.00961	107.27155			Quảng Ninh	100
VIB Lê Thánh Tông	số 5 Lê Thánh Tông, phường Phan Chu Trinh, quận Hoàn Kiếm, Hà Nội	21.022567	105.857681			Hà Nội	100
VIB Lò Đúc	số 125 Lò Đúc, phường Đống Mác, quận Hai Bà Trưng, Hà Nội	21.01354468	105.8578409273			Hà Nội	100
VIB Gò Vấp	366A2 Phan Văn Trị, phường 5, quận Gò Vấp, TP. Hồ Chí Minh	10.8236442	106.692273			Hồ Chí Minh	100
VIB Cửa Ông	Số 478 đường Lý Thường Kiệt, phường Cửa Ông, thành phố Cẩm Phả, Quảng Ninh	21.0305985	107.364229			Quảng Ninh	100
VIB Ngô Quyền	283 - 285 đường Đà Nẵng, phường Cầu Tre, quận Ngô Quyền, thành phố Hải Phòng	20.86166	106.694039			Hải Phòng	100
VIB Thanh Xuân	158 Lê Trọng Tấn, phường Khương Mai, quận Thanh Xuân, Hà Nội	20.995685	105.830164			Hà Nội	100
VIB Kim Đồng	số 28A-28B phố Kim Đồng, phường Giáp Bát, quận Hoàng Mai, Hà Nội	20.98351813	105.84410132			Hà Nội	100
VIB Hoàng Mai	SH04, SH05 - Tòa nhà Century Tower, số 458 Minh Khai, phường Vĩnh Tuy, quận Hai Bà Trưng, Hà Nội	20.99742269	105.86793056			Hà Nội	100