name	address	latitude	longitude	phone	workingTime	province
PGD Bến Lức	Số 83 Nguyễn Hữu Thọ, Khu phố 3, Thị trấn Bến Lức, Huyện Bến Lức, Tỉnh Long An	10.6387396	106.4874154	(84-272) 363 7696		Long An
PGD Long Hải  (PGD Xuyên Mộc Cũ)	Số 265 Võ Thị Sáu, Thị trấn Long Hải, Huyện Long Điền, Tỉnh Bà Rịa - Vũng Tàu	10.414599	107.219296			Bà Rịa Vũng Tàu
PGD Yên Lạc	Tầng 1+2 Số 103 Đường Nguyễn Khoan, Tổ dân phố 3 Đoài, Thị trấn Yên Lạc, Huyện Yên Lạc, Tỉnh Vĩnh Phúc	21.2358316057872	105.57411551136			Vĩnh Phúc
PGD Đức Hòa	Số D1 và D2, Dự án Imperia Grand Plaza Đức Hòa, Đường 3 Tháng 2 nối dài, Thị trấn Hậu Nghĩa, Huyện Đức Hòa, Tỉnh Long An, Việt Nam	10.9026955074338	106.396410919034			Long An
CN Lào Cai	Số 109 Hoàng Liên, Phường Cốc Lếu, Thành Phố Lào Cai, Tỉnh Lào Cai, Việt Nam	22.497032	103.96788	0214.387.6666		Lào Cai
PGD Quang Trung	Số 184 Quang Trung, Phường Phan Bội Châu, Quận Hồng Bàng, Thành phố Hải Phòng, Việt Nam	20.8552058	106.6726813	(84-225) 352 068 /(84-225) 3521 067		Hải Phòng
CN Đồng Tháp	Số 171 - 173 Hùng Vương, Phường 2, Thành phố Cao Lãnh, tỉnh Đồng Tháp	10.4558918	105.6368149	(84-277) 387 6123/ 24/ 25		Đồng Tháp
CN Ninh Bình	Số 91, Đường Lê Hồng Phong, Phường Đông Thành, Thành phố Ninh Bình, Tỉnh Ninh Bình, Việt Nam	20.2577212	105.9735766	(84-229) 383 5666		Ninh Bình
PGD Sa Đéc	Số 309 Đường Hùng Vương, Phường 1, Thành Phố Sa Đéc, Tỉnh Đồng Tháp.	10.2925522	105.7666698	02773622822		Đồng Tháp
PGD Thủy Nguyên	Số 86 Phố Mới, Xã Thủy Sơn, Huyện Thủy Nguyên, Thành phố Hải Phòng, Việt Nam.	20.915125	106.674393	(84-225) 3642 624 /(84-225) 3642 625		Hải Phòng
PGD Kim Tân	Ngã 6, Phường Kim Tân, Tp Lào Cai, Tỉnh Lào Cai	22.4815787	103.9743824	0214.388.8887		Lào Cai
PGD Như Quỳnh	Thửa đất số 469+470, tờ bản đồ số 05, Thị trấn Như Quỳnh, Huyện Văn Lâm, Tỉnh Hưng Yên, Việt Nam	20.9821947	105.9829865			Hưng Yên
PGD Hải An (PGD Trường Chinh Cũ)	Số 346 Văn Cao, Phường Đằng Lâm, Quận Hải An, Thành phố Hải Phòng, Việt Nam	20.8316249	106.7026052	(84-225) 3545 119 /(84-225) 3545 118		Hải Phòng
CN An Giang	179-181 Trần Hưng Đạo, phường Mỹ Bình, TP Long Xuyên, An Giang	10.3681422	105.44757	(84-296) 385 5724/26/30		An Giang
PGD Yên Khánh	Thửa đất số 343+344, tờ bản đồ số 12, Phố 3, Thị trấn Yên Ninh, Huyện Yên Khánh, Tỉnh Ninh Bình, Việt Nam	20.1804399184611	106.064764515601			Ninh Bình
PGD Trần Nguyên Hãn	Số 170A đường Trần Nguyên Hãn, phường Trần Nguyên Hãn, quận Lê Chân, Thành phố Hải Phòng, Việt Nam	20.8479551	106.6714671	(84-225) 3719 886 /(84-225) 3719 885		Hải Phòng
PGD Châu Đốc	62- 64 Nguyễn Văn Thoại, phường Châu Phú A, Thành phố Châu Đốc, tỉnh An Giang	10.7094021	105.1181455	(84-296) 3569991		An Giang
CN Nam Định	Số 69 Lê Hồng Phong, Phường Nguyễn Du, Thành phố Nam Định, Tỉnh Nam Định, Việt Nam	20.426375	106.17724	(84-228) 383 4834		Nam Định
CN Hải Dương	Số 11 Trần Hưng Đạo, phường Trần Hưng Đạo, Thành phố Hải Dương, Tỉnh Hải Dương, Việt Nam	20.938015	106.3388869	(84-220) 3837 808		Hải Dương
CN Tp. Hồ Chí Minh	165-167-169 đường Hàm Nghi, phường Nguyễn Thái Bình, quận 1, TP Hồ Chí Minh	10.770717	106.699662	(84-28) 3821 0076/77/78		Hồ Chí Minh
PGD Sông Lam (PGD Cửa Đông Cũ)	Shophouse LK1-10, dự án đầu tư xây dựng Khu nhà ở thấp tầng Trường Thịnh Phát, Khối Yên Sơn, Phường Hà Huy Tập, Thành Phố Vinh, Tỉnh Nghệ An	18.692662	105.689056	(84-238)3529555		Nghệ An
PGD Nguyễn Lương Bằng	Ngôi nhà số 205, Nguyễn Lương Bằng, phường Thanh Bình, Thành phố Hải Dương, Tỉnh Hải Dương, Việt Nam	20.9369416	106.3102475	(84-220) 3837 815		Hải Dương
CN Quảng Ngãi	Số 444 – 446 Quang Trung, Phường Nguyễn Nghiêm, Thành phố Quảng Ngãi, Tỉnh Quảng Ngãi, Việt Nam	15.121785	108.80441	02553733939/687979		Quảng Ngãi
PGD Diễn Châu  (Nguyễn Văn Cừ Cũ)	Số 43, Tổ 8, Khối 3, Thị Trấn Diễn Châu, Huyện Diễn Châu, Tỉnh Nghệ An, Việt Nam	18.983484	105.601027	(84-238)3589427		Nghệ An
PGD Chí Linh	Số 251 Đường Nguyễn Trãi, Phường Sao Đỏ, Thành Phố Chí Linh, Tỉnh Hải Dương, Việt Nam	21.06373	106.23203			Hải Dương
PGD Hội An	Số 523 Hai Bà Trưng, Phường Cẩm Phô, TP Hội An, Tỉnh Quảng Nam	15.88325	108.325185	02353922003		Quảng Nam
PGD Trung Chánh	Số 146 Nguyễn Ảnh Thủ, Ấp Đông, Xã Thới Tam Thôn, Huyện Hóc Môn, Thành phố Hồ Chí Minh	10.87494	106.6225			Hồ Chí Minh
PGD Hoa Lư	Số 925 đường Đại Cồ Việt, Thị trấn Thiên Tôn, Huyện Hoa Lư, Tỉnh Ninh Bình, Việt Nam	20.299194	105.952733			Ninh Bình
PGD Lái Thiêu	68 A đường Nguyễn Văn Tiết, tổ 7 Khu phố Đông Tư , phường Lái Thiêu, thị xã Thuận An, Tỉnh Bình Dương	10.9908335	106.6545599	(84-274) 366 2486		Bình Dương
CN Hải Vân	Số 523 đường Điện Biên Phủ, Phường Hòa Khê, Quận Thanh Khê, Thành phố Đà Nẵng, Việt Nam.	16.0653686	108.1856725			Đà Nẵng
CN Bình Dương	Số 557 Đại lộ Bình Dương, phường Hiệp Thành, Thành phố Thủ Dầu Một, tỉnh Bình Dương.	10.9881905	106.6644065	(84-0274)  368 3979/ 3 844 844/ 3 844 845		Bình Dương
CN Hoài Đức	Tầng 1 và tầng 2 Nhà A38-NV16 Ô số 23 và A38-NV16 Ô số 24, Khu đô thị mới hai bên đường Lê Trọng Tấn, xã An Khánh, Huyện Hoài Đức, Thành Phố Hà Nội, Việt Nam	21.003119	105.732798			Hà Nội
CN Bình Định	Số 83 Mai Xuân Thưởng, phường Lý Thường Kiệt, TP Quy Nhơn, tỉnh Bình Định	13.7748134	109.2239132	(84-256) 3810 028/29		Bình Định
PGD Long Thành (Tam Hòa Cũ)	Số A1-3 và A1-4, khu dân cư Cầu Xéo, chợ Long Thành, Thị Trấn Long Thành, Huyện Long Thành, Tỉnh Đồng Nai, Việt Nam	10.7692743	106.953888	(84-251) 8822886/85/84		Đồng Nai
CN Thanh Trì	Căn Số TT3-01 và Căn Số TT3-02 thuộc Khu Nhà Ở Xã Hội IEC, tại Ô Quy Hoạch B3-2 Thuộc Phân Khu Đô Thị Ký Hiệu S5, Xã Tứ Hiệp, Huyện Thanh Trì, Thành Phố Hà Nội, Việt Nam.	20.940649	105.849167			Hà Nội
PGD Hồng Lĩnh	Số 101 đường Trần Phú, phường Nam Hồng, thị xã Hồng Lĩnh, tỉnh Hà Tĩnh, Việt Nam	18.5244601	105.7028457	(84-239) 378 7789/0393 787 666		Hà Tĩnh
CN Ninh Thuận	360 Thống Nhất, Khu phố 4, Phường Phủ Hà, Thành phố Phan Rang - Tháp Chàm, Tỉnh Ninh Thuận	11.569604	108.991067	02593517758		Ninh Thuận
PGD Nguyễn Du	Số 214, đường Nguyễn Công Trứ, Phường Bắc Hà, Thành phố Hà Tĩnh, Tỉnh Hà Tĩnh, Việt Nam	18.346753	105.902464	(84-239) 368 5222		Hà Tĩnh
CN Đà Nẵng	112 - Phan Châu Trinh, phường Phước Ninh, quận Hải Châu, Thành phố Đà Nẵng, Việt Nam	16.0648154	108.2199239	0236 3835 090		Đà Nẵng
CN Sóc Trăng	Số 38-40-40A Trần Hưng Đạo, Phường 2, TP Sóc Trăng, Tỉnh Sóc Trăng	9.595227	105.969894	02993 888 111		Sóc Trăng
CN Bến Tre	Số 261B Đại lộ Đồng Khởi, Khu Phố 5, Phường Phú Khương, Thành Phố Bến Tre, Tỉnh Bến Tre	10.2445343	106.3750268	02753829898		Bến Tre
PGD Hòa Xuân ( PGD Điện Biên Phủ Cũ)	180+182 Đường Nguyễn Phước Lan, Phường Hòa Xuân , Quận Cẩm Lệ, Thành Phố Đà Nẵng, Việt Nam.	16.020142	108.228577	0236 3758 939		Đà Nẵng
PGD Sông Cầu	Số 243 Phạm Văn Đồng, Phường Xuân Phú Thị xã Sông Cầu, Tỉnh Phú Yên	13.4520895481912	109.219638593481			Phú Yên
PGD Đống Đa	171 - Đống Đa, phường Thạch Thang, Quận Hải Châu, Thành phố Đà Nẵng, Việt Nam	16.077461	108.216461	0236 3531 466		Đà Nẵng
CN Vĩnh Long	Số 3F - 3G đường Trần Hưng Đạo, phường 1, thành phố Vĩnh Long, tỉnh Vĩnh Long	10.254706	105.973046	(84-270) 3853 854		Vĩnh Long
PGD Nguyễn Tri Phương	Số 96 đường 2/9 phường Bình Thuận, quận Hải Châu, thành phố Đà Nẵng, Việt Nam.	16.05632	108.222183	0236 3614 607		Đà Nẵng
CN Cần Thơ	Số 50-52-54 Trần Văn Khéo, phường Cái Khế, quận Ninh Kiều, thành phố Cần Thơ	10.0448009	105.7847625	(84-292) 381 5766		Cần Thơ
PGD Núi Thành	407- Núi Thành, Phường Hoà Cường Bắc, Quận Hải Châu, Thành phố Đà Nẵng, Việt Nam	16.0377812	108.2222354	0236 3621 371		Đà Nẵng
PGD Sơn Trà	1094 Ngô Quyền, Phường An Hải Tây, Quận Sơn Trà, Thành phố Đà Nẵng, Việt Nam	16.059006	108.2350473	0236 3946 797		Đà Nẵng
CN Bạc Liêu	Số 137 Trần Phú, Phường 7, Thành phố Bạc Liêu, Tỉnh Bạc Liêu	9.290508	105.721695			Bạc Liêu
PGD Hàm Nghi	102-104 Hàm Nghi, phường Thạc Gián, quận Thanh Khê, Thành phố Đà Nẵng, Việt Nam	16.0616774	108.2106624	0236 3575 444		Đà Nẵng
CN Hà Tĩnh	Số 17, đường Trần Phú, phường Trần Phú, thành phố Hà Tĩnh, tỉnh Hà Tĩnh, Việt Nam	18.3395963	105.8943328	(84-239) 389 8969		Hà Tĩnh
CN Huế	35 Lý Thường Kiệt, Phường Phú Nhuận, Thành phố Huế, Tỉnh Thừa Thiên Huế, Việt Nam	16.4615259	107.5913781	(84-234) 3814 646		Thừa Thiên Huế
PGD Đội Cung	Số 113, đường Trường Chinh, phường Lê Lợi, thành phố Vinh, tỉnh Nghệ An, Việt Nam	18.6811226	105.6649147	(84-238)3545588		Nghệ An
PGD Vỹ Dạ	212 Nguyễn Sinh Cung, Phường Vỹ Dạ, Thành phố Huế, Tỉnh Thừa Thiên Huế, Việt Nam	16.482982	107.596417	(84-234) 389 7171; (0234) 389 8169		Thừa Thiên Huế
PGD Bến Thủy	Số 01, đường Nguyễn Văn Trỗi, Phường Bến Thủy, Thành phố Vinh, Tỉnh Nghệ An, Việt Nam	18.6585213	105.6986214	(84-238)3543388		Nghệ An
PGD Đông Ba	179 Trần Hưng Đạo, phường Đông Ba, Tỉnh Thừa Thiên Huế, Việt Nam	16.4716229	107.5872375	(84-234) 357 1616 - 3 57 1717		Thừa Thiên Huế
PGD Phạm Hùng (PGD Láng Thượng Cũ)	Diện tích thương mại Tầng 1, Tòa nhà Shop W1 và tòa nhà số W1, W2 Lô đất HH, đường Phạm Hùng, Phường Mễ Trì, Quận Nam Từ Liêm, thành phố Hà Nội	21.011464	105.785935	(84-24) 37606023/24		Hà Nội
PGD Mai Thúc Loan	91 Mai Thúc Loan, phường Đông Ba, Tỉnh Thừa Thiên Huế, Việt Nam	16.476189	107.582205	(84-234) 354 5556 - 354 5557		Thừa Thiên Huế
PGD Phú Hội	Số 64 Hùng Vương, Phường Phú Nhuận, Thành phố Huế, Tỉnh Thừa Thiên Huế, Việt Nam	16.4629333	107.5969538	(84-234) 394 3939		Thừa Thiên Huế
PGD Nguyễn Văn Huyên (Đội Cấn Cũ)	Tầng 1 đến tầng 3, Số 73 đường Nguyễn Văn Huyên, tổ 22, Phường Quan Hoa, Quận Cầu Giấy, Thành phố Hà Nội, Việt Nam.	21.035627	105.797616	(84-24) 3722 6171		Hà Nội
PGD Bến Ngự	Số 68 đường Trần Thúc Nhẫn, phường Vĩnh Ninh, Tỉnh Thừa Thiên Huế, Việt Nam	16.4556359	107.58356	(84-234) 395 9666		Thừa Thiên Huế
PGD Trung Kính (PGD Quan Hoa Cũ)	Một phần tầng 1 tháp A và một phần tầng 3 tháp A và B, tòa nhà Central Point, số 219 Phố Trung Kính, Phường Yên Hoà, Quận Cầu Giấy, Thành phố Hà Nội, Việt Nam	21.0204738	105.7914871	(84-24) 62697883/4		Hà Nội
CN Quảng Bình	Số 108 Trần Hưng đạo, Phường Đồng Phú, Thành phố Đồng Hới, Tỉnh Quảng Bình, Việt Nam	17.4691662	106.6132982	(84-232) 384 6969		Quảng Bình
PGD Ba Đồn	Số 381 Quang Trung, Khu Phố 5, Phường Ba Đồn, Thị Xã Ba Đồn, Tỉnh Quảng Bình, Việt Nam	17.756865	106.419843	(84-232) 351 8989		Quảng Bình
Trung Hòa Nhân Chính	Tầng 1, Tòa nhà 29T1, khu chung cư N05 Đông Nam Trần Duy Hưng, Phường Trung Hòa, Quận Cầu Giấy, Thành phố Hà Nội, Việt Nam	21.0081741	105.802853	(84-24) 62695986		Hà Nội
PGD Hố Nai	Số 212 Xa lộ Hà Nội, khu phố 1, Phường Tân Biên, Thành phố Biên Hòa, Tỉnh Đồng Nai	10.9665311	106.8862217	(84-251) 8889379/80		Đồng Nai
PGD Trần Duy Hưng	Diện tích thương mại số 1.S11 tại tầng 1 thuộc Tòa nhà số S4.03, Lô đất F4-CH01 , Phường Tây Mỗ, Quận Nam Từ Liêm, Hà Nội, Việt Nam	21.011464	105.785935	(84-24) 73055115		Hà Nội
CN Đồng Nai	Số K19, Võ Thị Sáu, KP 7, phường Thống Nhất, Tp. Biên Hòa, tỉnh Đồng Nai	10.9471159	106.830396	(84-251) 394 8958		Đồng Nai
PGD Vũ Trọng Phụng (PGD Nguyễn Tuân Cũ)	01 phần tầng 1, tòa nhà 21T1, dự án Hapulico Complex, số 01 Nguyễn Huy Tưởng, P Thanh xuân trung, Quận Thanh Xuân , Hà Nội	20.9998712	105.8077351	(84-24)35579793		Hà Nội
CN Trung Sơn  (Quận 7 Cũ)	Số 49-51 đường 9A Khu dân cư Trung Sơn, Xã Bình Hưng, huyện Bình Chánh, TP Hồ Chí Minh	10.7378351	106.6898202	02873042080		Hồ Chí Minh
PGD Lê Văn Lương (PGD Láng Hạ Cũ)	Tầng 1, Tòa nhà HACC1 Complex Building, Lô đất 2.6 NO đường Lê Văn Lương, Phường Nhân Chính, Quận Thanh Xuân, Thành phố Hà Nội	21.002905	105.801717	(84-24) 32484852		Hà Nội
CN Thảo Điền (An Phú Đổi Tên)	Số 57 đường Quốc Hương, Phường Thảo Điền, Thành phố Thủ Đức (trước đây là Quận 2), Thành phố Hồ Chí Minh	10806654	106.730988			Hồ Chí Minh
PGD Trần Thái Tông	Số D5 Trần Thái Tông, khu đô thị mới Cầu Giấy, Phường Dịch Vọng Hậu, Quận Cầu Giấy, Thành phố Hà Nội, Việt Nam	21.0332222	105.7882755	(84-24) 62875666		Hà Nội
CN Sở Giao Dịch 2  (Bến Thành Cũ)	Tầng 1, Tầng 2, Tầng 3, Tầng 4, Tháp 3A1, số 3A-3B Tôn Đức Thắng, Phường Bến Nghé, Quận 1, Thành phố Hồ Chí Minh, Việt Nam	10.78142	106.7006	(84-28) 3910 1868		Hồ Chí Minh
PGD Phạm Văn Đồng	Nhà ở số B1-03 và B1-05A, Lô TT01, KĐT thành phố Xanh (Vinhome Gardenia) đường Hàm Nghi, phường Cầu Diễn, Quận Nam Từ Liêm, TP Hà Nội	21.0354584	105.7627312	(84-24) 3 792 0015/17/18/19		Hà Nội
PGD Phước Kiển	1262 Lê Văn Lương, Ấp 2, Xã Phước Kiển, Huyện Nhà Bè, Thành Phố Hồ Chí Minh	10.700563	106.704396	028.73029179		Hồ Chí Minh
PGD Lê Văn Sỹ	Số 288 - 290 Lê Văn Sỹ, phường 14, quân 3, thành phố Hồ Chí Minh	10.7870139	106.679744	(84-28) 3526 2301/02/03/04/05		Hồ Chí Minh
PGD Kiến An	Số 125 Trần Thành Ngọ, Phường Trần Thành Ngọ, Quận Kiến An, Thành phố Hải Phòng, Việt Nam	20.8103752	106.6257081	(84-225) 3577 755/ (84-225) 3577 756		Hải Phòng
PGD Lê Thanh Nghị	Số nhà 215 đường Lê Thanh Nghị, phường Lê Thanh Nghị, Thành phố Hải Dương, Tỉnh Hải Dương, Việt Nam	20.9320894	106.3287112	(84-220) 3893 821		Hải Dương
PGD Tân Bình	307E đường Nguyễn Văn Trỗi, Phường 1, Quận Tân Bình, Tp. Hồ Chí Minh	10.798948	106.669507	(84-28) 3997 0088		Hồ Chí Minh
CN Gia Định	Số 296 đường Phan Xích Long, phường 7, quận Phú Nhuận, thành phố Hồ Chí Minh	10.7984293	106.6884239	028 35176224		Hồ Chí Minh
PGD Tân Phú	Tầng 1, Tầng 2, Tầng 3, Số 595 - 597 Lũy Bán Bích, Phường Phú Thạnh, Quận Tân Phú, Thành phố Hồ Chí Minh, Việt Nam	10.779515	106.635285	(84-28) 3973 5210		Hồ Chí Minh
PGD Bình Chánh	Số D6/5 Quốc Lộ 1A, Ấp 4, Xã Bình Chánh, Huyện Bình Chánh, Thành phố Hồ Chí Minh	10.66653	106.5721			Hồ Chí Minh
PGD Bàu Cát	Một phần tầng trệt Block C dự án Harmona, số 33 đường Trương Công Định, phường 14, quận Tân Bình, TP Hồ Chí Minh	10.7963019	106.6412972	(84-28) 3949 0262		Hồ Chí Minh
CN Quảng Nam	Số nhà 175 - 177 đường Phan Châu Trinh, Phường Phước Hòa, thành phố Tam Kỳ, tỉnh Quảng Nam, Việt Nam	15.5698161	108.4892272	(84- 235)0383 3003		Quảng Nam
PGD Yên Hòa	Tầng 1 Khu nhà chung cư E3, khu đô thị Yên Hòa, Phường Yên Hòa, Quận Cầu Giấy, Thành phố Hà Nội, Việt Nam	21.0220587	105.7877078	(84-24) 37834733, (84-4) 37834734		Hà Nội
PGD Đông Hà	Số 17 Trần Hưng Đạo, phường 1, Thành phố Đông Hà, Tỉnh Quảng Trị, Việt Nam	16.8227755	107.0989306	(84-233) 3559 989		Quảng Trị
PGD Bình Hưng  (Tên Cũ PGD Nhà Bè)	Tầng 1 và Tầng 2, số 647 Quốc Lộ 50, Xã Bình Hưng, Huyện Bình Chánh, Thành phố Hồ Chí Minh.	10.7260439	106.6560212	02873.039.955 hoặc 02873.049.996		Hồ Chí Minh
CN Quảng Trị	Số 38 Quốc Lộ 9B, Khu Phố 8, Phường 1, Thành Phố Đông Hà, tỉnh Quảng Trị.	16.817521	107.086597	(84-233) 3556 883		Quảng Trị
PGD Nguyễn Thiện Thuật	299-301 Nguyễn Thiện Thuật, P.1, Q.3, TPHỒ CHÍ MINH	10.7697235	106.6775725	(84-28) 3839 0313		Hồ Chí Minh
PGD Đồng Hới	59 Tố Hữu, Tiểu khu 11, Phường Nam Lý, Thành phố Đồng Hới, Tỉnh Quảng Bình, Việt Nam	17.4696567	106.6044611	(84-232) 626 9269		Quảng Bình
PGD Hòa Hưng	611 Cách Mạng tháng Tám, P.15, Q.10, TPHỒ CHÍ MINH	10.7849134	106.6680865	(84-28) 3864 6092		Hồ Chí Minh
PGD Bố Trạch	Số 366 Hùng Vương, Thị trấn Hoàn Lão, Huyện Bố Trạch, Tỉnh Quảng Bình, Việt Nam	17.5808359	106.5359465	(84-232) 625 7999		Quảng Bình
PGD Phạm Văn Hai	Tầng trệt và lầu 1, Số 77 - 79 - 85/1B Phạm Văn Hai, Phường 3, Quận Tân Bình, Thành phố Hồ Chí Minh, Việt Nam	10.794346	106.662349	(84-28) 3991 0980		Hồ Chí Minh
CN Nhà Bè  (CN Hiệp Phước)	148B Nguyễn Hữu Thọ, Ấp 5, Xã Phước Kiển, Huyện Nhà Bè, Thành phố Hồ Chí Minh	10.71861	106.70216			Hồ Chí Minh
PGD Lý Thường Kiệt	Tầng trệt, tầng lửng, tầng 1 tòa nhà GMG, Số 539-541-543-545 đường Lý Thường Kiệt, Phường 8, quận Tân Bình, thành phố Hồ Chí Minh	10.7879629	106.6529402	(84-28) 3869 1990/91/92/93		Hồ Chí Minh
PGD Thành Sen	Số 63, đường Nguyễn Chí Thanh, Phường Tân Giang, Thành phố Hà Tĩnh, Tỉnh Hà Tĩnh, Việt Nam	18.3382014	105.9053331	(84-239) 368 6222		Hà Tĩnh
PGD Phúc Yên	Số nhà 104, đường Hai Bà Trưng, phường Hùng Vương, Thành Phố Phúc Yên, tỉnh Vĩnh Phúc, Việt Nam	21.231431	105.7083684	(84-211) 353 0379		Vĩnh Phúc
PGD Mỹ Đình	Tầng 1 tòa nhà CT1-1 khu đô thị Mễ Trì Hạ, phường Mễ Trì, quận Nam Từ Liêm, Thành phố Hà Nội, Việt Nam	21.015306	105.7809528	(84-24) 3 787 5006/7/8/9		Hà Nội
PGD Hoàng Quốc Việt	Tầng 1, tòa nhà 11 tầng, số 184, đường Hoàng Quốc Việt, phường Nghĩa Đô, quận Cầu Giấy, Thành phố Hà Nội, Việt Nam	21.046718	105.79059	(84-24) 3 755 7516/17/18/19		Hà Nội
PGD An Nhơn  (PGD Nhơn Hội Cũ)	Số 46 Ngô Gia Tự, Phường Bình Định, Thị xã An Nhơn, Tỉnh Bình Định	13.888295	109.11869	(84-256) 3810 028/29		Bình Định
PGD Nam Từ Liêm (PGD Từ Liêm Cũ)	Từ tầng 1 đến tầng 5, Số 292 Hồ Tùng Mậu, tổ dân phố số 12, phường Phú Diễn, Quận Bắc Từ Liêm, Thành phố Hà Nội, Việt Nam	21.041635	105.762144	(84-24) 62873784/5		Hà Nội
PGD Nguyễn Duy Trinh (Thạnh Mỹ Lợi Cũ)	Số 657 và 659 Nguyễn Duy Trinh, Khu phố 4, Phường Bình Trưng Đông, Thành phố Thủ Đức, Thành phố Hồ Chí Minh, Việt Nam	10.7881897	106.7753573	(84-28) 54027942/43/44		Hồ Chí Minh
PGD Lê Đức Thọ	Tầng 1, tầng 2 nhà số 20 Lô A1 Đường Lê Đức Thọ, Phường Mỹ Đình 2, Quận Nam Từ Liêm, Thành phố Hà Nội, Việt Nam	21.0317952	105.7696375	(84-24) 33661330/1		Hà Nội
PGD Phú Xuân	Số 101-101A Huỳnh Tấn Phát, khu phố 4,thị trấn Nhà Bè, huyện Nhà Bè, thành phố HỒ CHÍ MINH	10.7002657	106.7385798	(84-28) 5420 3105/08 54203108		Hồ Chí Minh
CN Trần Hưng Đạo	Một phần diện tích tầng 1 và tầng 2 tại Tòa nhà Asahi - Hinode City, Số 201 Đường Minh Khai, Phường Minh Khai, Quận Hai Bà Trưng, thành phố Hà Nội	20.997586	105.861686	(84-24) 7301 5555		Hà Nội
CN Lạng Sơn	Số 125-127 đường Lê Lợi, P VĨnh Trại, Tp Lạng Sơn, tỉnh Lạng Sơn	21.8537434	106.7634828	(84- 205)375.8999		Lạng Sơn
PGD Phùng	Phố Tây Sơn, Thị Trấn Phùng, Huyện Đan Phượng, Thành Phố Hà Nội	21.084054	105.67053	(84-24) 33898733		Hà Nội
CN Hóc Môn	Số 39/13 đường Lê Thị Hà, Khu phố 8, thị trấn Hóc Môn, Huyện Hóc Môn, TP Hồ Chí Minh	10.8860775	106.5983504	028.363634		Hồ Chí Minh
CN Vĩnh Phúc	Số nhà 01, đường Mê Linh, phường Liên Bảo, thành phố Vĩnh Yên, tỉnh Vĩnh Phúc, Việt Nam	21.3136463	105.5978661	(84-211) 372 0323/24/(84-211) 372 0138		Vĩnh Phúc
CN Tây Ninh	Nhà phố thương mại (Shophouse) số PG2-35 và PG2-36 thuộc Dự án Tổ hợp Trung tâm thương mại, Khách sạn tiêu chuẩn 5 sao và nhà phố Shophouse Tây Ninh tại đường 30/4, Phường 3, Thành phố Tây Ninh, Tỉnh Tây Ninh, Việt Nam	11.3351554	106.1098854	02763856666		Tây Ninh
CN Thường Tín	Khu đất kinh doanh dịch vụ, Xã Văn Bình, Huyện Thường Tín, Thành phố Hà Nội	20.871799	105.867801	(84-24)3220 3333		Hà Nội
CN Bình Phước	Số 860 Phú Riềng Đỏ, Phường Tân Xuân, Thị Xã Đồng Xoài, Tỉnh Bình Phước.	11.5314186	106.8970774	02713883939		Bình Phước
PGD Thanh Oai	Số 256-258, Tổ 3, Phố Kim Bài, Thị trấn Kim Bài, Huyện Thanh Oai, Thành phố Hà Nội, Việt Nam	20.8527512056554	105.766010445409			Hà Nội
CN Phú Yên	180 -182 Đại lộ Hùng Vương, Phường 7, Thành Phố Tuy Hòa, Phú Yên	13.0923325	109.3139763	02713883939		Phú Yên
PGD Ứng Hòa	Tầng 1 và Tầng 2, số 07+09 phố Quang Trung, thị trấn Vân Đình, huyện Ứng Hòa, thành phố Hà Nội	20.7324708008677	105.770441887187			Hà Nội
CN Hưng Yên	Khu công nghiệp Phố Nối B, xã Nghĩa Hiệp, huyện Yên Mỹ,  tỉnh Hưng Yên	20.9302244	106.057952	(84-221)385 6666		Hưng Yên
PGD Quận 10	Số 87 đường Ba Tháng Hai, Phường 11, Quận 10, Thành phố Hồ Chí Minh	10.773544	106.677529	(84-28) 3979 7549		Hồ Chí Minh
PGD Điện Biên	Số 260 Điện Biên và 01A Trưng Trắc, Phường Quang Trung, Thành phố Hưng Yên, Tỉnh Hưng Yên, Việt Nam	20.646393	106.0571	(84-221)3512666		Hưng Yên
PGD Liễu Giai	Số 18 Liễu Giai, phường Cống Vị, Quận Ba Đình, Thành phố Hà Nội, Việt Nam	21.0346699	105.814194	(84-24) 3762 2626/3762 2572/3/4		Hà Nội
PGD Văn Giang	Khu biệt thự Thủy Nguyên, MRA-185A, Xã Phụng Công, Huyện Văn Giang, Tỉnh Hưng Yên, Việt Nam	20.948631	105.934369			Hưng Yên
PGD Cầu Giấy	Số 2 đường Nguyễn Khánh Toàn, phường Quan Hoa, Quận Cầu Giấy, Thành phố Hà Nội, Việt Nam	21.0370156	105.8014425	(84-24) 37675730		Hà Nội
CN  Bắc Ninh	Một phần tầng 1 và một phần tầng 2, tòa nhà Việt Long, số 34, đường Lý Thái Tổ, phường Ninh Xá, thành phố Bắc Ninh, tỉnh Bắc Ninh, Việt Nam	21.1735468	106.0631453	(84-222) 3893 686		Bắc Ninh
PGD Tây Hà Nội	Tầng 1, tòa nhà Tây Hà, đường Tố Hữu, khu đô thị mới Phùng Khoang, tổ 11, phường Trung Văn, quận Nam Từ Liêm, Thành phố Hà Nội, Việt Nam	20.9964391	105.7931632	(84-24) 36291051/ (84-24) 36291052		Hà Nội
PGD Từ Sơn	Phố Mới, Phường Đình Bảng, Thành phố Từ Sơn, tỉnh Bắc Ninh	21.1136017	105.951156	(84-222) 3761112		Bắc Ninh
Văn Phòng Miền Nam  (Sở Giao Dịch 2)	số 3A-3B Tôn Đức Thắng, Phường Bến Nghé, Quận 1, Thành phố Hồ Chí Minh, Việt Nam	10.7805115517514	106.70684745096	070  385 3854		Hồ Chí Minh
PGD Chợ Vinh	Số 20, đường Cao Thắng, Phường Hồng Sơn, Thành phố Vinh, Tỉnh Nghệ An, Việt Nam	18.6646085	105.674234	(84-238)3581681		Nghệ An
PGD Yên Phong	Thôn Ngô Nội, Xã Trung Nghĩa, Huyện Yên Phong, Tỉnh Bắc Ninh, Việt Nam	21.1885945	105.9595802	(84-222) 3681 999		Bắc Ninh
Văn Phòng Đại Diện Miền Nam	Tầng 1 và tầng 2, Tòa nhà Ree Tower Số 9 Đoàn Văn Bơ, Phường 12, Quận 4, Thành phố Hồ Chí Minh, Việt Nam	10.7649800698253	106.702447537167			Hồ Chí Minh
CN Nghệ An	Nhà A, Khu Thương mại dịch vụ nhà ở C1, đường Quang Trung, Phường Quang Trung, Thành phố Vinh, Tỉnh Nghệ An, Việt Nam	18.6707564	105.6742798	(84-238) 3588 235		Nghệ An
PGD Quế Võ	Khu phố Mao Trung, Phường Phượng Mao, Thị Xã Quế Võ, Tỉnh Bắc Ninh.	21.154476	106143913			Bắc Ninh
Hội Sở Chính  (89 Láng Hạ)	Tòa nhà VPBank Tower, Số 89 Láng Hạ, Phường Láng Hạ, Quận Đống Đa, Thành phố Hà Nội	21.0159718	105.8151107	02473056600		Hà Nội
PGD Phú Mỹ Hưng	Tầng lửng và một phần tầng trệt, tòa nhà Phú Mã Dương, A4 (Lô C4-1), số 85 đường Hoàng Văn Thái, khu trung tâm thương mại Tài chánh Quốc tế Phú Mỹ Hưng, phường Tân Phú, Quận 7, thành phố HỒ CHÍ MINH	10.7291087	106.7202352	(84-28) 5412 2093/94/95/96		Hồ Chí Minh
PGD Lam Sơn (PGD Đông Thọ Cũ)	Một phần diện tích tại tòa nhà Số 253 Đường Trần Phú, Phường Ba Đình, thành phố Thanh Hóa, Tỉnh Thanh Hóa	19.801645	105.776477	(84-237) 3755 268		Thanh Hóa
CN Sở Giao Dịch	Tầng 1 và tầng 3, tòa nhà số 34, phố Hai Bà Trưng, Phường Tràng Tiền, Quận Hoàn Kiếm, Thành phố Hà Nội, Việt Nam	21.0247064	105.8523778	024. 3266 9363/57/58/59/60/61		Hà Nội
CN Hòa Bình	Một phần diện tích Tòa nhà số 681 đường Cù Chính Lan, Phường Phương Lâm, thành phố Hòa Bình, tỉnh Hòa Bình Việt Nam	20.8177241	105.3367967	(84-218) 389 7068		Hòa Bình
PGD Đông Hương  (PGD Trường Thi Cũ)	Tầng 1 tòa nhà Thành Trung Plaza, số 490 Đại lộ Lê Lợi, phường Đông Hương, thành phố Thanh Hóa, tỉnh Thanh Hóa, Việt Nam	19.806373	105795304	0237 6252 688		Thanh Hóa
PGD Đông Hà Nội (PGD Việt Hưng Cũ)	Tòa nhà Century Tower số 458 đường Minh Khai, Phường Vĩnh Tuy, Quận Hai Bà Trưng, thành phố Hà Nội	20.9964269	105.8682295	024.7305.6600		Hà Nội
PGD An Sương	Số 24/44C Trường Chinh, P.Tân Thới Nhất, Quận 12, TP.HỒ CHÍ MINH	10.8311062	106.6223708	(84-28)  35921833		Hồ Chí Minh
PGD Thủ Đô	Một phần diện tích tại tầng 1 tòa nhà số 34B Trần Phú, phường Điện Biên, quận Ba Đình, thành phố Hà Nội	21.030236	105.843341	024. 3734 9560		Hà Nội
PGD Cát Linh	Số 24 Cát Linh, Phường Cát Linh, Quận Đống Đa, Thành phố Hà Nội, Việt Nam	21.029036	105.8307637	(84-24) 3734 3961/3734 5457/38432942		Hà Nội
CN Quảng Ninh	Tòa nhà Hạ Long TK, Số 12 đường 25/4, Tổ 43, Khu 3, Phường Bạch Đằng, Thành phố Hạ Long, Tỉnh Quảng Ninh, Việt Nam	20.9519872	107.0771494	(84-203) 382 7979 /35827676/3657669 /3657668		Quảng Ninh
PGD Âu Cơ	Tầng 1 và tầng 2, số 109 Nghi Tàm, Phường Yên Phụ, Quận Tây Hồ, Thành phố Hà Nội, Việt Nam	21.053488	105.837504	(84-24) 3715 1921/22		Hà Nội
PGD Sầm Sơn	Số nhà 47, Đường Nguyễn Du, Phường Trường Sơn, Thành Phố Sầm Sơn, Tỉnh Thanh Hóa, Việt Nam	19.7343386	105.8980136	0237 3827 025		Thanh Hóa
PGD Lê Văn Việt	Một phần Tầng Hầm, Tầng Trệt (Tầng 1), Tầng Lửng của các căn nhà tại địa chỉ: số 304 - 306 và 300/1 - 300/3 Lê Văn Việt, Phường Tăng Nhơn Phú B, Thành phố Thủ Đức, Thành phố Hồ Chính Minh	10.844417	106.785031	(84-28) 5409 4600/01/02		Hồ Chí Minh
PGD Lạc Trung	Số 55 Lạc Trung, phường Vĩnh Tuy, quận Hai Bà Trưng, Thành phố Hà Nội, Việt Nam	21.0028645	105.8665059	(84-24) 3633 5874/75/76		Hà Nội
PGD Cẩm Phả	Số nhà 308, đường Trần Phú, phường Cẩm Thành, Thành phố Cẩm Phả,  tỉnh Quảng Ninh, Việt Nam	21.0095538	107.2739838	(84-203)3723818/ 3723828		Quảng Ninh
PGD Bỉm Sơn	Số 18 đường Nguyễn Huệ, Phường Ngọc Trạo, Thị xã Bỉm sơn, Tỉnh Thanh Hóa, Việt Nam	20.0848305	105.8571719	0237 3771 595		Thanh Hóa
CN Ngô Quyền	39 Ngô Quyền, Phường Hàng Bài, Quận Hoàn Kiếm, Thành phố Hà Nội, Việt Nam	21.021626	105.854158	(84-24) 22205088		Hà Nội
PGD Uông Bí	Số 496 đường Quang Trung, phường Quang Trung, thành phố Uông Bí,  tỉnh Quảng Ninh, Việt Nam	21.0345944	106.7695621	(84-203)3567882/ 3567881		Quảng Ninh
PGD Hoàn Kiếm	16 Thi Sách,  Phường Ngô Thì Nhậm, Quận Hai Bà Trưng, TP Hà Nội	21.0090571	105.8607507	(84-24) 3935 1513/39350583		Hà Nội
CN Thanh Hoá	Lô 05+06, đường Phan Chu Trinh, Phường Điện Biên, Thành phố Thanh Hoá, Tỉnh Thanh Hóa, Việt Nam	19.8121966	105.775556	(84-237) 3725 856		Thanh Hóa
PGD Hồng Hà	SO 84+86 NGUYEN VAN CU, PHUONG HONG HAI, TP HA LONG, QUANG NINH	20.955324	107.101163			Quảng Ninh
PGD Đông Thủ Đô (PGD Đồng Xuân Cũ)	Sàn thương mại dịch vụ số H4-TM1 Khu nhà ở xã hội tại ô đất có ký hiệu B8.NXH, Phường Phúc Đồng, Quận Long Biên, thành phố Hà Nội, Việt Nam.	21.041994	105.9052262	024. 3927 4790/91/92		Hà Nội
PGD Thành Nam	Số 350 đường Trần Hưng Đạo, phường Bà Triệu, Thành phố Nam Định, Tỉnh Nam Định, Việt Nam	20.4304395	106.1726855	(84-228) 355 5678		Nam Định
PGD Nguyễn Hữu Huân	Số 52 Nguyễn Hữu Huân, Phường Lý Thái Tổ, Quận Hoàn Kiếm, Thành phố Hà Nội, Việt Nam	21.0334587	105.8544842	(84-24) 3926 4020/21/22		Hà Nội
CN Móng Cái	Số 6 đường Hùng Vương, phường Trần Phú, thành phố Móng Cái, tỉnh Quảng Ninh, Việt Nam	21.5279757	107.9701352	(84-203) 3789.959		Quảng Ninh
PGD Ý Yên	Đường 57A, Thị trấn Lâm, Huyện Ý Yên, Tỉnh Nam Định, Việt Nam	20.3234114	106.0149874	(84-228) 395 9596		Nam Định
PGD Thái Hà	Tầng 1 và Tầng 2 ngôi nhà số 78A, tổ 4A, Phường Trung Liệt, Quận Đống Đa, Hà Nội.	21.0108448	105.822425	(84-24) 39352411		Hà Nội
CN Thái Bình	Số nhà 259 M, phố Lê Quý Đôn, phường Bồ Xuyên, Thành phố Thái Bình, tỉnh Thái Bình, Việt Nam	20.4529353	106.3395774	(84-227) 364 2159		Thái Bình
PGD Đò Quan	Căn số 35+36 Lô QH số CL12, Khu đô thị dệt may Nam Định, Phường Trần Đăng Ninh, Thành Phố Nam Định, Việt Nam.	20.420841	106.168804	(84-228)352 8898		Nam Định
PGD Chương Dương	Một phần diện tích tại tầng 1 và tầng 5 tòa nhà Plaschem, số 562 đường Nguyễn Văn Cừ, phường Gia Thụy, quận Long Biên, thành phố Hà Nội	21.049556	105.8838507	024. 3652 6512/ 38722198		Hà Nội
PGD Trần Phú	Số 83 + 83A, phố Trần Phú, tổ 16, Phường Trần Hưng Đạo, Thành phố Thái Bình, Tỉnh Thái Bình, Việt Nam	20.4428122	106.3329356	(84-227) 364 8699		Thái Bình
PGD Lạc Quần	Số 98 Quốc lộ 21, Thị trấn Cổ Lễ, Huyện Trực Ninh, Tỉnh Nam Định, Việt Nam	20.3271823	106.2595308	(84-228) 393 5961		Nam Định
PGD Long Biên (PGD Ngọc Lâm Cũ)	Số 3 Nguyễn Sơn, Phường Ngọc Lâm, Quận Long Biên, TP Hà Nội	21.0482033	105.8754426	024. 3873 6212		Hà Nội
PGD Văn Phú (PGD Vương Thừa Vũ Cũ)	Sàn dịch vụ thương mại (SH30 + SH31), Tòa C chung cư H-CT2, Ô đất H-CT2 -Khu nhà ở Hi Brand, Khu đô thị mới Văn Phú, phường Phú La, quận Hà Đông, TP Hà Nội, Việt Nam	21.0001334	105.821951	(84-24) 35683826		Hà Nội
PGD Nguyễn Trãi	Số 232+234+236 Đường Nguyễn Trãi, Phường Tân Sơn, Thành phố Thanh Hoá, Tỉnh Thanh Hoá, Việt Nam	19.8037502	105.7713036	(84-237) 6252 004		Thanh Hóa
PGD Đông Anh	Số 115, khối 1B và số 117, tổ 9, khối 1B, Thị Trấn Đông Anh, Huyện Đông Anh, Thành phố Hà Nội, Việt Nam	21.1394195	105.8545155	024. 3965 5203/202		Hà Nội
CN Đông Đô	Số 362 Phố Huế, Phường Phố Huế, Quận Hai Bà Trưng, Thành phố Hà Nội, Việt Nam	21.0094004	105.8513208	(84-24) 3974 4107/08		Hà Nội
PGD Hàng Xanh	Một phần tầng trệt và một phần tầng 1 Tòa nhà số 10A đường Nguyễn Thị Minh Khai, Phường Đa Kao, Quận 1, Thành phố Hồ Chí Minh, Việt Nam	10.7882161	106.7029187	(84-28) 39111681/ 08.39111682		Hồ Chí Minh
CN Hà Nội	Tầng 1,2 tòa nhà số 5 Điện Biên Phủ, Phường Điên Biên, Quận Ba Đình, Tp Hà Nội	21.0291199	105.842426	024.3822.2838		Hà Nội
PGD Nam Thăng Long	Lô số 4, khu thương mại thấp tầng (Shophouse CT-17), khu đô thị Nam Thăng Long, Phường Xuân La, Quận Tây Hồ, Thành phố Hà Nội, Việt Nam	20.963182	105.766417	(84-24) 3758 8747/8/9		Hà Nội
PGD Hào Nam	Số 102, phố Hào Nam, Phường Ô Chợ Dừa, Quận Đống Đa, Thành phố Hà Nội, Việt Nam	21.0244727	105.8272336	(84-24) 35134353		Hà Nội
PGD Hà Thành	Ô số L1-01, Tầng 1, Tòa nhà R6, Khu trung tâm thương mại Vincom Mega Mall, Số 72A Nguyễn Trãi, Phường Thượng Đình, Quận Thanh Xuân, Thành phố Hà Nội, Việt Nam	21.0009207	105.8160354	(84-24) 66640036		Hà Nội
CN Kiên Giang	04 Trần Phú, Khu phố Lý Thường Kiệt, Phường Vĩnh Thanh, Thành phố Rạch Giá, Tỉnh Kiên Giang, Việt Nam	10.0165538	105.08057	(84-297) 394 8111		Kiên Giang
PGD Tây Hồ (PGD Xuân La Cũ)	LKC39, Dự án khu nhà ở thấp tầng A1TT1 Phường Xuân Tảo, Bắc Từ Liêm, Hà Nội, Việt Nam	21.06284	105.800354	(84-24) 37586495		Hà Nội
PGD Lê Lợi	Số 208, đường Lê Lợi, phường Lê Lợi, Thành phố Bắc Giang, Tỉnh Bắc Giang, Việt Nam	21.2731924	106.1965179	(84-204) 3556633		Bắc Giang
PGD Phú Quốc	Số 133 Nguyễn Trung Trực, P. Dương Đông, TP. Phú Quốc (trước đây là TT Dương Đông, Huyện Phú Quốc), tỉnh Kiên Giang	10.2233378	103.964392	02793984979		Kiên Giang
PGD Cửa Bắc	Tầng 1 đến tầng 3, số 70 Cửa Bắc, phường Trúc Bạch, Quận Ba Đình, Thành phố Hà Nội, Việt Nam.	21.042878	105.842769	(84-24) 3734 7093/94		Hà Nội
PGD  Chương Mỹ	Số Nhà 54, Tổ 6, Khu Xuân Hà, Thị Trấn Xuân Mai, Huyện Chương Mỹ, Thành Phố Hà Nội, Việt Nam.	20.900108	105.578056			Hà Nội
PGD Kim Liên	Số 61 phố Xã Đàn, phường Phương Liên, quận Đống Đa, Thành phố Hà Nội, Việt Nam	21.0119685	105.8360222	(84-24) 3 5771881		Hà Nội
CN Hà Nam	Nhà thấp tầng số PG1 - 05A, Vincom Shophouse Hà Nam, 60, đường Biên Hòa, Phường Minh Khai, Thành phố Phủ Lý, Tỉnh Hà Nam, Việt Nam	20.5431196	105.9172967	02263636666		Hà Nam
PGD Lê Trọng Tấn	Số 56 Lê Trọng Tấn, Phường Khương Mai, Quận Thanh Xuân, Thành phố Hà Nội, Việt Nam	20.9995614	105.8278542	(84-24) 3 566 5338		Hà Nội
CN Kinh Đô	Số 292 đường Tây Sơn, Phường Trung Liệt, Quận Đống Đa, Thành phố Hà Nội, Việt Nam	21.0070477	105.8228378	(84-24) 3537 8701/02/03/04		Hà Nội
PGD Lương Thế Vinh (PGD Bách Khoa Cũ)	Shophouse ML6-25 và ML6-26, khu chức năng chính là cây xanh, hồ điều hòa, một phần công trình công cộng kết hợp  nhà ở - Vinhomes Green Bay, Phường Mễ Trì, Quận Nam Từ Liêm, Hà Nội	20.9999154	105.785359	(84-24) 3868 4843/ 36230624/ 38692828		Hà Nội
PGD Phương Mai	Tầng 1, số 75 Phương Mai, Phường Phương Mai, Quận Đống Đa, Thành phố Hà Nội, Việt Nam	21.003523	105.836647	(84-24) 35766371/ 35766114/35766092/93		Hà Nội
PGD Hà Đông	Tầng 1, Tòa nhà chung cư CT01 – Làng Việt Kiều Châu Âu, Khu đô thị Mỗ Lao, Phường Mộ Lao, Quận Hà Đông, Thành phố Hà Nội	20.9801569	105.7832027	(84-24) 3974 3861/62		Hà Nội
PGD Kim Mã ( Giảng Võ Cũ )	Số 54+56+58 Đường Kim Mã, Phường Kim Mã, Quận Ba Đình, Thành phố Hà Nội, Việt Nam	21.0278728	105.824573	(84-24) 3 512 2031/3 512 1178		Hà Nội
PGD Đồng Tâm	Số 92 đường Trần Đại Nghĩa, Phường Đồng Tâm, Quận Hai Bà Trưng, Thành phố Hà Nội, Việt Nam	20.9982042	105.8458214	(84-24) 3628 8392/93/94/36284372		Hà Nội
PGD Tô Hiến Thành (PGD Quận 8 Cũ)	Một phần tầng trệt, Tòa nhà số 407 Tô Hiến Thành, Phường 14, Quận 10, Thành phố Hồ Chí Minh	10.775504	106.662979	(84-28) 3982 3603		Hồ Chí Minh
CN Cà Mau	Số 134 Nguyễn Tất Thành, Phường 8, Thành phố Cà Mau, Tỉnh Cà Mau, Việt Nam	9.1679636	105.145412	0290.3580.080		Cà Mau
CN Tiền Giang	PG1-08 và PG1-09 thuộc Dự án tổ hợp Trung tâm thương mại dịch vụ, kết hợp nhà ở thương mại , Số 01A đường Hùng Vương, Phường 1, Thành phố Mỹ Tho, tỉnh Tiền Giang	10.356711	106.363953	0273 3868 848		Tiền Giang
CN Đắk Lắk	Số 35 – 37 Đường Ngô Quyền , Phường Tân Lợi, Thành phố Buôn Ma Thuột, tỉnh Đắk Lắk	12.6878632	108.0519607	0262 367 3333		Đắk Lắk
PGD Đức Trọng	Số 1A và 3 Thống Nhất, KP2, Thị trấn Liên Nghĩa, Huyện Đức Trọng, Tỉnh Lâm Đồng	11.736322	108.374098	0263.36.39.399 / 0263.36.39.398		Lâm Đồng
CN Đà Lạt	Số 37 Phan Bội Châu, Phường 1, Thành phố Đà Lạt, Tỉnh Lâm Đồng	11.9444603	108.437263	(84-263) 3615577		Lâm Đồng
PGD Hai Bà Trưng	Số 182A đường Lò Đúc, Phường Đống Mác, Quận Hai Bà Trưng, Thành Phố Hà Nội	21.0094821	105.8609802	(84-24) 3972 1928/41/ 3972 6105		Hà Nội
PGD Đông Sài Gòn (PGD Tân Định Cũ)	Nhà dịch vụ số P6-SH.10, tầng Trệt (Shophouse), thuộc nhà Chung cư Park 6, Khu phức hợp Tân Cảng Sài Gòn, số 720A đường  Điện Biên Phủ, Phường 22, Quận Bình Thạnh, Thành phố Hồ Chí Minh.	10.7921907	106.7190411	(84-28) 36207650 – 36207651		Hồ Chí Minh
PGD Đồng Văn	Số 185, tổ dân phố Nguyễn Hữu Tiến, Phường Đồng Văn, Thị xã Duy Tiên, Tỉnh Hà Nam, Việt Nam	20.645165	105.93192	02263967566 (104)		Hà Nam
PGD Lý Nhân	Số 127 Đường Trần Hưng Đạo, Thị trấn Vĩnh Trụ, Huyện Lý Nhân, Tỉnh Hà Nam	20.5600839299773	106.032560881856			Hà Nam
CN Hải Phòng	Số 31-33 Phạm Ngũ Lão, Phường Cầu Đất, Quận Ngô Quyền, Thành phố Hải Phòng, Việt Nam	20.8568129	106.6867492	(84-225) 3757 799/ (84-225) 3757 792		Hải Phòng
CN Phú Thọ	Số nhà 2269, đường Hùng Vương, phường Nông Trang, Thành phố Việt Trì, tỉnh Phú Thọ, Việt Nam	21.326407	105.380698	(84-210) 6261666/667		Phú Thọ
PGD Hùng Vương    ( Tiên Cát Cũ)	Số 1274 đại lộ Hùng Vương, Phường Tiên Cát, Thành Phố Việt Trì, Tỉnh Phú Thọ	21.30866	105.403227	(84-210) 6258 015/17		Phú Thọ
CN Thái Nguyên	Số 631, đường Lương Ngọc Quyến, Phường Phan Đình Phùng, Thành phố Thái Nguyên, Tỉnh Thái Nguyên, Việt Nam	21.587916	105.8309401	(84-208) 365 6769		Thái Nguyên
PGD Gang Thép	Số 542-544, đường Cách mạng Tháng Tám, tổ 12, phường Trung Thành, thành phố Thái Nguyên, tỉnh Thái Nguyên, Việt Nam	21.5458161	105.8707122	(84-208) 3840 656		Thái Nguyên
PGD Phổ Yên	Số 45 Trường Chinh, Phường Ba Hàng, Thành phố Phổ Yên, Tỉnh Thái Nguyên, Việt Nam	20.948669	105.934481	(84-208) 3840 656		Thái Nguyên
PGD Sông Công	Số 194 Đường Cách mạng tháng 8, Tổ 11, Phường Thắng Lợi, Thành phố Sông Công, Tỉnh Thái Nguyên.	21.4681497243918	105.845467536204			Thái Nguyên
PGD Hiệp Hòa	80, đường 19/5, thị trấn Thắng, huyện Hiệp Hòa, Tỉnh Bắc Giang, Việt Nam	21.356752	105.9818187	(84-204) 3863 544		Bắc Giang
PGD Lý Tự Trọng	Số 126 đường Lý Tự Trọng, P. An Cư, Q. Ninh Kiều, TP. Cần Thơ	10.036458	105.777671	(84-292) 376 8788/89		Cần Thơ
PGD Ninh KiềU	Số 353 đường Nguyễn Văn Cừ, phường An Hòa, quận Ninh Kiều, thành phố Cần Thơ	10.045581	105.767227	(84-292) 389 8071/72/74		Cần Thơ
PGD Trần Lãm	Số 588 Phố Lý Bôn, Phường Kỳ Bá, Thành phố Thái Bình, Tỉnh Thái Bình, Việt Nam	20.4402779	106.3397672	(84-227) 384 8226		Thái Bình
CN Củ Chi	Số 70 Tỉnh Lộ 8, Khu phố 2, Thị trấn Củ Chi, Huyện Củ Chi, Thành phố Hồ Chí Minh	10.969895	106.4891642	0934030357		Hồ Chí Minh
PGD Ba Đình	Tầng 1 Tòa nhà Việt Hải, Lô C2-H Cụm Tiểu thủ công nghiệp và công nghiệp nhỏ Cầu Giấy, Phường Dịch Vọng Hậu, Quận Cầu Giấy, Thành phố Hà Nội, Việt Nam	21.0301772	105.7860506	(84-24) 3247 4050/7305 7312		Hà Nội
PGD Kỳ Bá	Số 225G, đường Hai Bà Trưng, Phường Lê Hồng Phong, Thành phố Thái Bình, Tỉnh Thái Bình.	20.4473505	106.3426429	(84-227) 3658566 (84-227) 3658 569		Thái Bình
PGD Mỹ Đức	Số nhà 148-150 đường Đại Nghĩa, Thị trấn Đại Nghĩa, huyện Mỹ Đức, Thành phố Hà Nội	20.6834506177983	105.744027321569			Hà Nội
PGD Tân Uyên	Thửa đất số 13, Tờ bản đồ số 10, Phường Uyên Hưng, Thị xã Tân Uyên, Tỉnh Bình Dương	11.0638523	106.796198			Bình Dương
CN Bắc Giang	Số 303 đường Lê Lợi, phường Hoàng Văn Thụ, Thành phố Bắc Giang, Tỉnh Bắc Giang, Việt Nam	21.2757257	106.2034138	(84-204) 3555 566/65		Bắc Giang
PGD Thụy Khuê	Số 251T - 251U - 251V Phố Thụy Khuê, Tổ 21, Cụm 10, Phường Thuỵ Khuê, Quận Tây Hồ, Thành phố Hà Nội, Việt Nam	21.0434838	105.818944	(84-24) 3728 0931		Hà Nội
CN Sài Gòn	Số 129 Nguyễn Chí Thanh, phường 09, quận 5, thành phố HỒ CHÍ MINH	10.7595753	106.6682084	(84-28) 6265 0128		Hồ Chí Minh
PGD Ngô Gia Tự	Tầng 1 đến tầng 4, số 28+30 Nguyễn Thị Minh Khai, Phường Ngô Quyền, thành phố Bắc Giang, Tỉnh Bắc Giang, Việt Nam	21.285429	106.206543	(84-204) 6252 588/99		Bắc Giang
PGD Bùi Hữu Nghĩa	Một phần tầng trệt, Lầu 1 và Lầu 2 tòa nhà số 474A Trần Hưng Đạo, phường 2, quận 5, thành phố Hồ Chí Minh.	10.7536879	106.6617835	(84-28) 3924 0363		Hồ Chí Minh
PGD Nam Hà Nội  (PGD Giải Phóng Cũ)	Toàn bộ diện tích Tầng 1 + Tầng 2 + Tầng 3 tại ngôi nhà số 18 ngõ 221 đường Giáp Bát, phường Giáp Bát, Quận Hoàng Mai, thành phố Hà Nội	20.983874	105.844659	(84-24) 3664 8852/53/54		Hà Nội
PGD Kỳ Hòa  (An Dương Vương Cũ)	276C Cách Mạng Tháng Tám, Phường 10, Quận 3, Tp. Hồ Chí Minh	10.780731	106.676835	(84-28) 39318969/ (84-28) 39318959		Hồ Chí Minh
PGD Linh Đàm	BT1, Ô 18 Bắc Linh Đàm, Phường Đại Kim, Quận Hoàng Mai, Thành phố Hà Nội, Việt Nam	20.9677453	105.8265847	(84-24) 3540 1864		Hà Nội
PGD Quận 3	Tầng Trệt và Tầng 1, Tòa nhà số 63 Phạm Ngọc Thạch, Phường Võ Thị Sáu, Quận 3, Thành phố Hồ Chí Minh	10.7844551	106.6942183	(84-28) 5404 2568		Hồ Chí Minh
PGD Chánh Hưng	Số 357-359 Phạm Hùng, ấp 4, xã Bình Hưng, huyện Bình Chánh, TPHỒ CHÍ MINH	10.7339213	106.6732837	(84-28) 37580686		Hồ Chí Minh
PGD Thành Đô (PGD Lý Nam Đế Cũ)	Số 4 Dã Tượng, Phường Trần Hưng Đạo, Quận Hoàn Kiếm, Thành phố Hà Nội, Việt Nam	21.023999	105.8465134	(84-24) 37478692/ 37478693/ 37478694		Hà Nội
PGD Sông Đà	Tổ 13, Đại lộ Thịnh Lang, Phường Tân Thịnh, Thành phố Hòa Bình, Tỉnh Hòa Bình, Việt Nam	20.8327456	105.3410524	(84-218) 3888 995		Hòa Bình
PGD Chợ Lớn	Số 54 Trần Bình và 57 Tháp Mười, phường 2, Quận 6, thành phố HỒ CHÍ MINH	10.749322	106.6510784	(84-28) 38547048		Hồ Chí Minh
PGD Bắc Hà Nội (PGD Tôn Đức Thắng Cũ)	Tầng 1 Tòa nhà 27A3, khu nhà ở cao tầng CT2 – Khu đô thị thành phố Giao Lưu, Phường Cổ Nhuế 1, Quận Bắc Từ Liêm, thành phố Hà Nội	21.0516058	105.7808956	(84-24) 35131969/ 35131970/ 35131971/ 35131972/ 35132485		Hà Nội
PGD Nam Sài Gòn (Huỳnh Tấn Phát Cũ)	Tầng trệt và lầu 1, 332 – 332A Huỳnh tấn Phát, khu phố 1, phường Bình thuận, Quận 7, TP.HỒ CHÍ MINH	10.749157	106.728536	(84-28) 3872 2876/77/78/79		Hồ Chí Minh
PGD Tây Sài Gòn (PGD An Lạc Cũ)	270 đường Vành Đai Trong, Phường Bình Trị Đông B, Quận Bình Tân, Thành phố Hồ Chí Minh, Việt Nam	10.7512509	106.6155623	(84-28) 3960 8893		Hồ Chí Minh
PGD Khâm Thiên	Số 180-182 Khâm Thiên, Phường Thổ Quan, Quận Đống Đa, Thành phố Hà Nội, Việt Nam	21.019192	105.836033	(84-24) 35189533/ 35189773/ 35189774/ 35189775		Hà Nội
PGD Phú Lâm	Số 120-122, Đường Kinh Dương Vương, Phường 13, Q.6, TP Hồ Chí Minh	10.7500747	106.6290527	(84-28) 3877 8056		Hồ Chí Minh
PGD Thủ Đức	100C đường Đặng Văn Bi, khu phố 2, Phường Bình Thọ, Thành phố Thủ Đức, Thành phố Hồ Chí Minh	10.843883	106.762408	(84-28) 3722 3674		Hồ Chí Minh
PGD Tràng An	Số 99 Hoàng Cầu, Phường Ô Chợ Dừa, Quận Đống Đa, Thành phố Hà Nội, Việt Nam	21.0162018	105.8226888	(84-24) 37478322/ 37478323/ 37478335/ 37478336		Hà Nội
PGD Bình Phú	Số 56 Bình Phú, phường 11, quận 6, thành phố HỒ CHÍ MINH	10.7465149	106.6313125	(84-28) 37555966		Hồ Chí Minh
PGD Định Công (PGD Đại Kim Cũ)	B5, Nơ 11, khu đô thị mới Định Công, Phường Định Công, Quận Hoàng Mai, Thành phố Hà Nội, Việt Nam	20.9862594	105.8332166	(84-24) 3540 0525/26/27		Hà Nội
PGD Khánh Hội	Số 107 Nguyễn Thị Thập, Khu Phố 2, Phường Tân Phú, Quận 7, Thành phố Hồ Chí Minh	10.7379096	106.7210494	(84-28) 3941 4191		Hồ Chí Minh
PGD Văn Thánh	Số 68-70 Nguyễn Gia Trí, Phường 25, Quận Bình Thạnh, Thành Phố Hồ Chí Minh, Việt Nam	10.8019035	106.7154733	(84-28)3512 7459 - 3512 7324 - 3512 7335		Hồ Chí Minh
CN Sơn Tây	Số 354 Phố Chùa Thông, Phường Sơn Lộc, Thị xã Sơn Tây, Thành Phố Hà Nội, Việt Nam	21.126721	105.502857	024.33100555		Hà Nội
PGD Nguyễn Thái Học	Số 278 đường Nguyễn Thái Học, Phường Ngô Mây, Thành phố Quy Nhơn, Tỉnh Bình Định, Việt Nam	13.7689814	109.2172078	(84-256) 3647 168		Bình Định
PGD Nơ Trang Long	Số 151 Nơ Trang Long, Phường 12, Quận Bình Thạnh, thành phố HỒ CHÍ MINH	10.8132337	106.6966565	028 3516 6008		Hồ Chí Minh
PGD Hà Tây	Một phần tầng 1 tòa nhà HUD3 TOWER, số 121 - 123 đường Tô Hiệu, Phường Nguyễn Trãi, Quận Hà Đông,Thành phố Hà Nội, Việt Nam	20.9665229	105.777508	(84-24) 3355 2701		Hà Nội
PGD Dĩ An	Số 18 đường Dĩ An - Truông Tre, Khu phố Nhị Đồng 2, Phường Dĩ An, Thị Xã Dĩ An, Tỉnh Bình Dương	10.8970782	106.7646807	0274.3795929		Bình Dương
CN Bình Thuận	132 Trần Hưng Đạo, phường Phú Thủy, thành phố Phan Thiết, tỉnh Bình Thuận	10.9343273	108.1038835	(84-252) 383 5618/383 5615		Bình Thuận
PGD Thạch Thất	Số 9 Đường 419, Thôn Vĩnh Lộc, Xã Phùng Xá, Huyện Thạch Thất, Thành Phố Hà Nội, Việt Nam	21.01392	105.617859			Hà Nội
PGD Bến Thành (Bình Thạnh Cũ)	Phòng GF02, GF05 - Tầng Trệt, Tòa nhà mPlaza Saigon, số 39 Lê Duẩn, Phường Bến Nghé, Quận 1, Thành phố Hồ Chí Minh, Việt Nam	10.8118131	106.7145741	(84-28) 6258 1376/77/78/80/81		Hồ Chí Minh
CN Nha Trang	Số 26 Yersin, phường Vạn Thắng, thành phố Nha Trang, tỉnh Khánh Hòa	12.2495601	109.1894298	(84-258) 356 1887		Khánh Hòa
CN Trần Não (CN Quận 2)	278 Trần Não, Phường Bình An, Quận 2, Thành phố Hồ Chí Minh, Việt Nam	10.7876008	106.7296511	(84-28) 37408567		Hồ Chí Minh
PGD Thanh Xuân	Tầng 1 Tòa nhà thuộc Dự án Tổ hợp văn phòng và nhà ở  Housinco Tân Triều tại Ô đất CT5, Khu đô thị Tây Nam Kim Giang I, xã Tân Triều, Huyện Thanh Trì, Thành phố Hà Nội, Việt Nam.	20.9854373	105.7949908	(84-24) 3 552 4968		Hà Nội
PGD Bạch Đằng (PGD Thống Nhất Cũ)	104 - 106 Bạch Đằng, Phường 24, Quận Bình Thạnh, Thành phố Hồ Chí Minh	10.803264	106.707902	(84-28) 3921 0242		Hồ Chí Minh
PGD Phước Hải  (PGD Phước Tiến Cũ)	Số 91 và 93 Thích Quảng Đức, Khu đô thị VCN Phước Hải, Phường Phước Hải, Thành phố Nha Trang, Tỉnh Khánh Hòa	12.239752	109.178183	(84-258) 3 512 179		Khánh Hòa
PGD Thành Công	Diện tích thương mại số A08 Tầng 1+2 và một phần diện tích tầng 4 Tòa nhà A thuộc Dự Án Công viên giải trí, trường học và tổ hợp nhà ở, thương mại, dịch vụ Golden Palace A, Phường Mễ Trì, Quận Nam Từ Liêm, Thành phố Hà Nội, Việt Nam.	21.022313	105.8163284	(84-24) 3772 5523/4/5/6/7		Hà Nội
PGD Sóc Sơn	Khu Đô Thị Mới, Thị Trấn Sóc Sơn, Huyện Sóc Sơn, Thành Phố Hà Nội, Việt Nam.	21.260443	105849939			Hà Nội
PGD Hưng Vượng (PGD Tân Hưng Cũ)	Số 17 Bùi Bằng Đoàn, Khu phố Hưng Vượng 3(R16-2), Phường Tân Phong, Quận 7, Thành phố Hồ Chí Minh, Việt Nam	10.729826	106.708578	(84-28) 54461233/35/32		Hồ Chí Minh
PGD Văn Quán	Phòng P101-Tầng 1, Phòng P201-Tầng 2, Tòa nhà Rainbown Văn Quán, Đường 19/05, Khu đô thị mới Văn Quán, Phường Văn Quán, Quận Hà Đông, Thành phố Hà Nội, Việt Nam	20.974849	105.787962	(84-24) 73057314/33120800		Hà Nội
PGD Bà Chiểu	Số 341 Lê Quang Định, Phường 5, Quận Bình Thạnh, TPHỒ CHÍ MINH	10.8119058	106.6904901	(84-28) 3515 8893/94/95/96/97/98		Hồ Chí Minh
CN Gia Lai	Số 30 Trần Phú, phường Tây Sơn, thành phố Pleiku, tỉnh Gia Lai	13.9783857	108.0001154	(84-269) 3864455		Gia Lai
CN Cộng Hòa	Tầng trệt và tầng 1 tòa nhà Số 19C Cộng Hoà, phường 12, Q. Tân Bình, TPHỒ CHÍ MINH	10.801562	106.650261	(84-28)3948.5934/ 3948.5935/ 3948.5936/ 3948.5937		Hồ Chí Minh
PGD Gia Lâm	Diện tích thương mại S1.0901S02 và S1.0901S8A, Ô đất B3-CT04, Tòa S1.09 Dự án Khu đô thị Gia Lâm – Vinhomes Ocean Park, xã Đa Tốn, Huyện Gia Lâm, Thành Phố Hà Nội, Việt Nam	20.995071	105.944054			Hà Nội
CN Vũng Tàu	Số 13, khu nhà dịch vụ 15 tầng Trung tâm thương mại, đường Nguyễn Thái Học, phường 7, thành phố Vũng Tàu, tỉnh Bà Rịa - Vũng Tàu	10.3635695	107.0822221	(84-254) 3 577 272		Bà Rịa Vũng Tàu
CN Gò Vấp	Số 2B đường Quang Trung, phường 3, quận Gò Vấp, TP Hồ Chí Minh	10.8269942	106.6781705	(84-28) 3894 0690		Hồ Chí Minh
PGD Bà Rịa	Số 44 Bạch Đằng, Khu phố 2, Phường Phước Trung, Thành phố Bà Rịa, Tỉnh Bà Rịa - Vũng Tàu	10.493462	107.170214	02543738585		Bà Rịa Vũng Tàu
PGD Lương Sơn	Số 629 đường Trần Phú, Tiểu khu 13, Thị trấn Lương Sơn, Huyện Lương Sơn, tỉnh Hòa Bình, Việt Nam	20.871952	105.531973			Hòa Bình
CN Phan Văn Trị (Đổi Tên Từ Bình Tân)	Số 366A29 đường Phan Văn Trị, Khu dân cư CityLand, Phường 5, Quận Gò Vấp, Thành phố Hồ Chí Minh	10.824533	106.691197			Hồ Chí Minh
CN Long An	Tòa nhà Số 6, đường Lê Cao Dõng, phường 2, Thành phố Tân An, tỉnh Long An.	10.5371695	106.4071329	(84-272) 3 524 524/25/26		Long An
PGD Vĩnh Yên	Tầng 1 và tầng 2 ngôi nhà số 245 -247  đường Hùng Vương, phường Tích Sơn, TP VĨnh Yên, tỉnh Vĩnh Phúc	21.3077197	105.5850005	(84-211) 3696 878		Vĩnh Phúc
CN Quận 11	Số 318-318A Lãnh Binh Thăng, Phường 11, Quận 11, Thành phố Hồ Chí Minh	10.764722	106.648022	028 39620848		Hồ Chí Minh
PGD Hoàng Hoa Thám	26 Hoàng Hoa Thám, P12, Q.Tân Bình, TPHỒ CHÍ MINH	10.7976633	106.6471859	(84-28) 3948 5827		Hồ Chí Minh
PGD Lê Hồng Phong (PGD Ngã Sáu Cũ)	Thửa 13, Lô 22B, Khu đô thị mới Ngã Năm, Sân bay Cát Bi, Phường Đông Khê , Quận Ngô Quyền, TP Hải Phòng	20.8477885	106.7069341	(84-225) 3552 533/ (84-225) 3552 522		Hải Phòng
PGD Lagi	Số 153A11-153A13, đường Lê Lợi, phường Phước Hội, thị xã Lagi, tỉnh Bình Thuận.	10.6596854	107.7752298	0247 3000000  ( máy lẻ 300100)		Bình Thuận
PGD Lê Chân	Số 230-232 Tô Hiệu, Phường Trại Cau, Quận Lê Chân, Thành phố Hải Phòng, Việt Nam	20.850956	106.678312	(84-225)3955 904/ (84-225) 3955 905		Hải Phòng
CN Thăng Long	Tòa nhà M3-M4 đường Nguyễn Chí Thanh, Phường Láng Hạ, Quận Đống Đa, Thành phố Hà Nội, Việt Nam	21.0207075	105.8094335	(84-24) 62662979 – 62662980 – 62662981–		Hà Nội
PGD Phan Huy Ích	Số 242 Phan Huy Ích, Phường 12, Quận Gò Vấp, TP. HỒ CHÍ MINH	10.83667	106.636	(84-28) 6292 9062/63		Hồ Chí Minh
PGD Lạch Tray	Số 276B Lạch Tray, Phường Lạch Tray, Quận Ngô Quyền, Thành phố Hải Phòng, Việt Nam	20.840743	106.6938359	(84-225) 3847 355/ (84-225) 3847 356		Hải Phòng