[{"address":"Thửa đất số 71, Tờ bản đồ số 37, Ấp 2, Phường An Tây, Thành phố Bến Cát, Tỉnh Bình Dương"},{"address":"1193A, đường Nguyễn Tất Thành, Phường Phú Bài, Thị xã Hương Thủy,  Tỉnh Thừa Thiên Huế"},{"address":"A41- LK4 ô số 1,2,3,4 khu đô thị hai bên đường Lê Trọng Tấn, Xã An Khánh, Huyện Hoài Đức, TP. Hà Nội"},{"address":"Đường Trần Hưng Đạo, Quốc lộ 18, Khu phố Mao Dộc, Phường Phượng Mao, Thị xã Quế Võ, Tỉnh Bắc Ninh"},{"address":"Số 69 và 71 đường Đại Lộ Hòa Bình, Phường Trần Phú, TP.Móng Cái, Quảng Ninh"},{"address":"Số 178 - 180 đường Hòa Bình, Phường Hiệp Tân, Quận Tân Phú, TP.Hồ Chí Minh"},{"address":"88 Nguyễn Du, P.Bến Nghé, Q.1"},{"address":"Số 138A – 140 đường Quang Trung, Phường 10, Quận Gò Vấp, TP.HCM"},{"address":"Số 137 đường Nguyễn Thị Hồng, Tổ 2, Khóm 2, Thị trấn Vũng Liêm, Huyện Vũng Liêm, Tỉnh Vĩnh Long"},{"address":"125 Quốc lộ 55, Thị trấn Phước Bửu, Huyện Xuyên Mộc, Tỉnh Bà Rịa - Vũng Tàu"},{"address":"299 Cầu Giấy, Trần Đăng Ninh kéo dài, Phường Dịch Vọng, Quận Cầu Giấy, TP.Hà Nội"},{"address":"5/8A Đường 30/4, Phường Xuân Khánh, Quận Ninh Kiều, TP.Cần Thơ"},{"address":"483 - 485 Trường Chinh, Phường 14, Quận Tân Bình, TPHCM"},{"address":"389 - 391 - 393 Đường 2/4, Phường Vĩnh Hải, Tp, Nha Trang, Tỉnh Khánh Hòa"},{"address":"02 - 04 Nguyễn Gia Trí, Phường 25, Quận Bình Thạnh, TP.HCM"},{"address":"28, Nguyễn Khuyến, Khu đô thị Văn Quán, Quận Hà Đông, TP.Hà Nội"},{"address":"CUTM06-04, CUTM06-05 và CUTM06-06 Dự án làng nghề dệt lụa Vạn Phúc, Phường Vạn Phúc, Quận Hà Đông, TP Hà Nội"},{"address":"Gian hàng số V1-01A, V1-01B, V1-02, Tầng 1, Trung tâm thương mại Victoria Food N Shop tại Tòa nhà The Van Phu - Victoria, CT9 - Khu đô thị mới Văn Phú, Phường Phú La, Quận Hà Đông, TP Hà Nội"},{"address":"Phố mới, Thị trấn Như Quỳnh, Huyện Văn Lâm,Tỉnh Hưng Yên"},{"address":"439-441 Sư Vạn Hạnh, Phường 12, Quận 10, TP.HCM"},{"address":"118 TẦNG 1+2+3 Đường 179, Thị trấn Văn Giang, Huyện Văn Giang, Tỉnh Hưng Yên"},{"address":"151, Trần Nhân Tông, Phường Yên Thanh, TP.Uông Bí, Quảng Ninh"},{"address":"65F Thống Nhất, Thị Trấn Phan Rí Cửa, Huyện Tuy Phong, Tỉnh Bình Thuận"},{"address":"405 Quốc lộ 1, Thị trấn Chí Thạnh, Huyện Tuy An, Phú Yên"},{"address":"413 -415 Nguyễn An Ninh, Phường 9, TP.Vũng Tàu"},{"address":"107N Trương Định, Phường 6, Quận 3, TP.HCM"},{"address":"85 - 87 Xuân Hồng, Phường 12, Quận Tân Bình, TP.HCM"},{"address":"Tầng 1+tầng 5 - CT2 - C14 Bắc Hà, Tố Hữu, Phường Trung Văn, Quận Nam Từ Liêm, Hà Nội"},{"address":"27-29-31 9A, KDC Trung Sơn, Xã Bình Hưng, Huyện Bình Chánh, TP.HCM"},{"address":"Tòa CT1, Yên Hòa Park View - 3 Vũ Phạm Hàm, Phường Yên Hòa, Quận Cầu Giấy"},{"address":"B17 - 18 Nguyễn Hữu Cảnh, Thị trấn Trảng Bom, Huyện Trảng Bom, Tỉnh Đồng Nai"},{"address":"21 - 22, Khu phố Lộc An, Thị trấn Trảng Bàng, Huyện Trảng Bàng, Tỉnh Tây Ninh"},{"address":"9 Lê Đại Hành, Phường Lê Đại Hành, Quận Hai Bà Trưng, TP.Hà Nội"},{"address":"97 Trần Quốc Toản, Phường Trần Hưng Đạo, Quận Hoàn Kiếm,Hà Nội"},{"address":"Tầng 1 Tòa nhà Detech Tower II, 107 Nguyễn Phong Sắc, Phường Dịch Vọng Hậu, Quận Cầu Giấy, Hà Nội"},{"address":"209 Trần Phú, Phường Trần Phú, Tp. Hà Tĩnh, Hà Tĩnh"},{"address":"86-88-90 Trần Nguyên Hãn, Phường Trần Nguyên Hãn, Quận Lê Chân, TP.Hải Phòng"},{"address":"48-50 Nguyễn Hữu Cầu, Phường Tân Định, Quận 1 TP.HCM"},{"address":"268 Trần Hưng Đạo, Phường 11, Quận 5, TP.HCM"},{"address":"216 Trần Duy Hưng, Phường Trung Hòa, Quận Cầu Giấy, TP.Hà Nội"},{"address":"74 Trần Đại Nghĩa, Q.Hai Bà Trưng Hà Nội"},{"address":"125 127 Tôn Đức Thắng, Phường Hàng Bột, Quận Đống Đa, TP.Hà Nội"},{"address":"B87 - B88 Tô Ký, Khu phố 3, Phường Đông Hưng Thuận, Quận 12, TP.HCM"},{"address":"82 Tô Hiệu, Phường Trại Cau, Quận Lê Chân, TP.Hải Phòng"},{"address":"Tòa nhà T1, Khu đô thị Times City, 458 Minh Khai, Phường Vĩnh Tuy, Quận Hai Bà Trưng, Hà Nội"},{"address":"125B, Quốc lộ 60, khóm 2, thị trấn Tiểu Cần, huyện Tiểu Cần, tỉnh Trà Vinh"},{"address":"54 Lý Thường Kiệt, Thị trấn Lim, Huyện Tiên Du, Bắc Ninh"},{"address":"KCN Hà Bình Phương, Xã Hà Hồi, Huyện Thường Tín"},{"address":"244 Đống Đa, Phường Thuận Phước, Quận Hải Châu, TP.Đà Nẵng"},{"address":"133 Nguyễn Cơ Thạch, Phường An Lợi Đông, TP Thủ Đức, TPHCM"},{"address":"305 Đại lộ Bình Dương, Khu 12, Phường Chánh Nghĩa, TP.Thủ Dầu Một, Bình Dương"},{"address":"469B Quốc lộ 91, KV Phụng Thạnh 1, Phường Thốt Nốt, Quận Thốt Nốt, TP.Cần Thơ"},{"address":"527-529 Thống Nhất, Phường 16, Quận Gò Vấp, TP.HCM"},{"address":"337 Nguyễn Huệ, Ấp Bắc Sơn, Thị trấn Núi Sập, Huyện Thoại Sơn, Tỉnh An Giang"},{"address":"131 Xô Viết Nghệ Tĩnh, Phường 17, Quận Bình Thạnh, TP.HCM"},{"address":"67 - 69 Xa lộ Hà Nội, Phường Thảo Điền, Quận 2, TP.HCM"},{"address":"Tầng 1, Tòa nhà The Legend, 109 Phố Nguyễn Tuân, Phường Nhân Chính, Quận Thanh Xuân, TP Hà Nội"},{"address":"Lô BT05 - Ô số 27, Khu Đô Thị mới Pháp Vân, Tứ Hiệp, Phường Hoàng Liệt, Quận Hoàng Mai, Hà Nội"},{"address":"Số 38-40 Thành Chung, P Cửa Bắc, TP Nam Định, Nam Định"},{"address":"137 Hà Huy Giáp, Phường Thạnh Lộc, Quận 12, TP.HCM"},{"address":"276 Điện Biên Phủ, Phường Chính Gián, Quận Thanh Khê, TP.Đà Nẵng"},{"address":"647 Xô Viết Nghệ Tĩnh, Phường 26, Quận Bình Thạnh, TP.HCM"},{"address":"27 Thái Thịnh, Phường Ngã Tư Sở, Quận Đống Đa, Thành phố Hà Nội"},{"address":"311B Đà Nẵng, Phường Cầu Tre, Q.Ngô Quyền, Hải Phòng"},{"address":"Đường Lê Hồng Phong, Khối Tân Thành, Phường Hòa Hiếu, Thị xã Thái Hòa, Tỉnh Nghệ An"},{"address":"317-319 Lê Văn Thọ, Phường 9, Quận Gò Vấp, TP.HCM"},{"address":"Tầng 1, Toà nhà TD Business Center, Lô 20A, P. Lê Hồng Phong, Q. Ngô Quyền, Hải Phòng"},{"address":"183 Tây Thạnh, Phường Tây Thạnh, Quận Tân Phú, TP.HCM"},{"address":"Tầng 1, Tòa nhà Hancom, Ngõ 603, Lạc Long Quân, Quận Tây Hồ, Hà Nội"},{"address":"Thửa đất 332, 333, 334, Tờ bản đồ 59, Khu phố 7, Phường Uyên Hưng, Thị xã Tân Uyên, Tỉnh Bình Dương"},{"address":"360 Nguyễn Ái Quốc, Phường Tân Mai, TP.Biên Hòa, Tỉnh Đồng Nai"},{"address":"248A Độc Lập, TT. Phú Mỹ, H. Tân Thành, Bà Rịa - Vũng Tàu"},{"address":"364 - 364A Tân Sơn Nhì, Phường Tân Sơn Nhì, Quận Tân Phú, TP.HCM"},{"address":"91 Tỉnh lộ 8, Ấp 1A, Xã Tân Thạnh Tây, Huyện Củ Chi, TP.HCM"},{"address":"433A Nguyễn Thị Thập, Phường Tân Phong, Quận 7, TP.HCM"},{"address":"236 - 238 Tân Hương, Phường Tân Quý, Quận Tân Phú, TP.HCM"},{"address":"261 Trần Quang Khải, Phường Tân Định, Quận 1, TP.HCM"},{"address":"245 Tôn Đức Thắng, Khóm Long Thị D, Phường Long Thạnh, Thị xã Tân Châu, Tỉnh An Giang"},{"address":"42-42A Phạm Hùng, Khu phố 2, Thị trấn Tân Biên, Huyện Tân Biên, Tỉnh Tây Ninh"},{"address":"242-242A Tô Ngọc Vân, Khu phố 3, Phường Linh Đông, Quận Thủ Đức, TP.HCM"},{"address":"104-106 Tạ Uyên, Phường 4, Quận 11, TP.HCM"},{"address":"1053 - 1055 Ngô Quyền, phường An Hải Đông, quận Sơn Trà, TP Đà Nẵng"},{"address":"Lô 4 Căn 5 - 6 Mai Thị Hồng Hạnh, Phường Rạch Sỏi, TP.Rạch Giá, Kiên Giang"},{"address":"306 Đường 30/4, Phường Rạch Dừa, TP.Vũng Tàu"},{"address":"Lô LK L2 Đại lộ Võ Nguyên Giáp, Phường Đông Vệ, TP.Thanh Hóa, Tỉnh Thanh Hóa"},{"address":"44 Hùng Vương, Thị trấn Quảng Phú, Huyện Cư M'gar, Tỉnh Đăk Lăk"},{"address":"34 đường Hùng Vương, Phường Quán Toan, Quận Hồng Bàng, Thành phố Hải Phòng"},{"address":"SH16-66 và SH16-68 tại địa chỉ Khu đô thị Vinhomes Ocean Park, Xã Đa Tốn, Huyện Gia Lâm, Thành phố Hà Nội"},{"address":"53 Đường 23/10, Phường Phương Sơn, TP.Nha Trang, Tỉnh Khánh Hòa"},{"address":"386 - 388 Lê Hồng Phong, Phường Phước Long, TP.Nha Trang, Tỉnh Khánh Hòa"},{"address":"225 ĐT 741, Phường Long Phước, Thị xã  Phước Long, Tỉnh Bình Phước"},{"address":"359A-359B Đỗ Xuân Hợp, Phước Long B, Quận 9, TP.HCM"},{"address":"641 Lạc Long Quân, Phường 10, Quận Tân Bình, TP.HCM"},{"address":"Trung tâm thương mại chợ Phú Thọ, Phường Phú Sơn, Thanh Hóa"},{"address":"118 Nguyễn Trung Trực, Khu phố 8, Thị trấn Dương Đông, Huyện Phú Quốc, Tỉnh Kiên Giang."},{"address":"75 Hoàng Văn Thụ, Phường 15, Quận Phú Nhuận, TP.HCM"},{"address":"1405 Nguyễn Văn Linh, Phường Tân Phong, Quận 7, TP.HCM"},{"address":"48 Phan Bội Châu, Phường Vĩnh Ninh, TP.Huế"},{"address":"58C An Dương Vương, Phường 16, Quận 8, TP.HCM"},{"address":"205 - 207 Trường Chinh, Xóm Trường Thịnh, Xã Nam Tiến, Thị xã Phổ Yên, Tỉnh Thái Nguyên"},{"address":"38-40 Phổ Quang, Phường 2, Quận Tân Bình, TP.HCM"},{"address":"4 Nguyễn Thiện Thuật, Phường Lê Lợi, TP.Hưng Yên"},{"address":"207-209 Đường Phan Xích Long, P.2, Q.Phú Nhuận, TP.HCM"},{"address":"366 A.9 - A.10 Phan Văn Trị, Phường 5, Quận Gò Vấp, TP. HCM"},{"address":"116 - 118 Phan Huy Ích, Phường 15, Quận Tân Bình, TP.HCM"},{"address":"6H, Phan Bội Châu, Phường Lê Lợi, TP.Vinh, Tỉnh Nghệ An"},{"address":"Tầng 1, Tòa nhà Leadvisors Tower, Đường Phạm Văn Đồng, Phường Cổ Nhuế 1, Quận Bắc Từ Liêm, Hà Nội"},{"address":"88-90 Đường 26/3, Phường Châu Văn Liêm, Quận Ô Môn, TP.Cần Thơ"},{"address":"Tòa nhà Vinhomes West Point - Đường Phạm Hùng, Nam Từ Liêm, Hà Nội"},{"address":"15-17-19 Nam Kỳ Khởi Nghĩa, Phường Tân An, Quận Ninh,TP.Cần Thơ"},{"address":"10 Nguyễn Thị Ngọc Oanh, Phường Ninh Hiệp, Thị xã Ninh Hòa, Tỉnh Khánh Hòa"},{"address":"160 Yên Ninh, Khu phố Khánh Hiệp, Thị trấn Khánh Hải, Huyện Ninh Hải, Tỉnh Ninh Thuận"},{"address":"945 Hoàng Sa, Phường 11, Quận 03, TP.HCM"},{"address":"49-51 Hoàng Diệu, Phường 13, Quận 4, TP.HCM"},{"address":"451 - 453 Nguyễn Tri Phương, Phường 5, Quận 10, TP.HCM"},{"address":"281-283 An Dương Vương, Phường 3, Quận 5, TP.HCM"},{"address":"D6/21-D/23 Nguyễn Thị Tú, Xã Vĩnh Lộc B, Huyện Bình Chánh, TP.HCM"},{"address":"10A-12A Nguyễn Thái Sơn, P3, Quận Gò Vấp, TP.HCM"},{"address":"176-178 Ký Con, Phường Nguyễn Thái Bình, Quận 1, TP.HCM"},{"address":"59 Nguyễn Sơn, Phường Phú Thạnh , Quận Tân Phú, TP.HCM"},{"address":"78 Đường Nguyễn Phong Sắc, Khối Tân Lộc, Phường Hưng Dũng, TP Vinh, Tỉnh Nghệ An"},{"address":"343 Nguyễn Oanh, Phường 17, Quận Gò Vấp, TP.HCM"},{"address":"76 Nguyễn Khoái, Phường 2, Quận 4, TP.HCM"},{"address":"Số 96 Nguyễn Khánh Toàn, Tổ 8, Phường Quan Hoa Quận Cầu Giấy, TP.Hà Nội"},{"address":"65 Khu dân cư Phú Long, Phân khu số 8, Nguyễn Hữu Thọ, Ấp 5, Xã Phước Kiển, Huyện Nhà Bè, TP.HCM"},{"address":"413-415 Nguyễn Đình Chiểu, Phường 5, Quận 3, TP.HCM"},{"address":"74-76 Nguyễn Công Trứ, Phường Nguyễn Thái Bình, Quận 1, TP.HCM"},{"address":"490 Nguyễn Chí Thanh, Phường 7, Quận 10, TP.HCM"},{"address":"60 Nguyễn Biểu, Phường 1, Quận 5, TP.HCM"},{"address":"7/2 - 7/3 Nguyễn Ảnh Thủ, Ấp Trung Mỹ Tây, Xã Trung Chánh, Huyện Hóc Môn, TP.HCM"},{"address":"DL.D.01, Dự án khu nhà ở thấp tầng A1TT1, Phường Xuân Tảo, Quận Bắc Từ Liêm, Thành phố Hà Nội"},{"address":"53-55, Nguyễn Hữu Cảnh, P.22, Q. Bình Thạnh, TP HCM"},{"address":"Tầng 1, 19 Điện Biên Phủ, Phường Máy Tơ, Quận Ngô Quyền, Hải Phòng"},{"address":"424 - 426 Ngô Gia Tự, Phường 4, Quận 10, TP.HCM"},{"address":"625 Điện Biên Phủ, Phường 01, Quận 03, TP.HCM"},{"address":"428 Nguyễn Thị Thập, Phường 6, Tp. Mỹ Tho, Tiền Giang"},{"address":"Tầng 1, Tòa nhà The Manor, Mễ Trì, Mỹ Đình 1, Quận Nam Từ Liêm, TP.Hà Nội"},{"address":"44 Hùng Vương, Phường Hòa Lạc, TP.Móng Cái, Quảng Ninh"},{"address":"482 - 484 Minh Phụng, Phường 09, Quận 11, TP.HCM"},{"address":"442-444-446-448 Nguyễn Thị Minh Khai, Phường 5, Quận 3, TP.HCM"},{"address":"Tầng 1, Chung cư 15T2, 310 Minh Khai, Q. Hai Bà Trưng, Hà Nội"},{"address":"52 Trần Hưng Đạo, Phường 5, TP.Cà Mau, Tỉnh Cà Mau"},{"address":"489-491A Lê Văn Sỹ, Phường 12, Quận 3, TP.HCM"},{"address":"110 Cộng Hòa, P.4, Quận Tân Bình, Hồ Chí Minh"},{"address":"261 Lý Thường Kiệt, Phường 15, Quận 11, TP.HCM"},{"address":"456 Lê Duẩn, Phường Chính Gián, Quận Thanh Khê, TP.Đà Nẵng"},{"address":"Số 242A, đường Lê Duẩn, Khu Văn Hải, Thị trấn Long Thành, Huyện Long Thành, Tỉnh Đồng Nai"},{"address":"Số 318 -320 Đường Hùng Vương, phường Xuân Bình, thành phố Long Khánh, tỉnh Đồng Nai"},{"address":"53/1 Khu phố 1, Thị trấn Hòa Thành, Huyện Hòa Thành, Tỉnh Tây Ninh"},{"address":"9/A Tổ 1, Ấp Phước Thọ, Xã Phước Hưng, Huyện Long Điền, Tỉnh Bà Rịa Vũng Tàu"},{"address":"F4-F5, Khu phố 1, Phường Long Bình Tân, Biên Hòa, Đồng Nai"},{"address":"339A Quốc Lộ 13, Khu phố Ninh Phú, Thị trấn Lộc Ninh, Huyện Lộc Ninh, Bình Phước"},{"address":"1274A - 1274B Kha Vạn Cân, Phường Linh Trung, Quận Thủ Đức, TP.HCM"},{"address":"09 BT2 Bắc Linh Đàm, Phường Hoàng Liệt, Quận Hoàng Mai, Hà Nội"},{"address":"570A Lê Văn Việt, khu phố Mỹ Thành, phường Long Thạnh Mỹ, quận 9, TPHCM"},{"address":"31 Lê Văn Quới, KP. 3, P. Bình Trị Đông, Q. Bình Tân"},{"address":"225-261A Lê Văn Khương, Phường Hiệp Thành, Quận 12.TP.HCM"},{"address":"45 Lê Trọng Tấn, Phường Sơn Kỳ, Quận Tân Phú, TP.HCM"},{"address":"109 Lê Thanh Nghị, P.Phạm Ngũ Lão, TP.Hải Dương"},{"address":"342 - 344 Lê Quang Định, Phường 11, Quận Bình Thạnh, TP.HCM"},{"address":"197A - 197B - 197C - 197/1 Cách Mạng Tháng Tám, Phường 4, Quận 3, Tp.HCM"},{"address":"72 Lê Lợi, P.Bến Thành, Q.1"},{"address":"60-62 Lê Hồng Phong, Phường Thống Nhất, TP.Buôn Ma Thuột, Tỉnh ĐăkLăk"},{"address":"328 Lê Hồng Phong, Phường 3, TP.Vũng Tàu, Tỉnh Bà Rịa Vũng Tàu"},{"address":"319-321 Lê Đại Hành, Phường 13, Quận 11, TPHCM"},{"address":"762 Hùng Vương, Thị trấn Đinh Văn, Huyện Lâm Hà, Tỉnh Lâm đồng"},{"address":"188A Đường DT745, KP.Bình Đức1, P.Lái Thiêu, TX.Thuận An"},{"address":"274 đường Lạch Tray, Phường Lạch Tray, Quận Ngô Quyền, Thành Phố Hải Phòng"},{"address":"51 Lạc Trung, Phường Vĩnh Tuy, Quận Hai Bà Trưng, Hà Nội"},{"address":"18 TRẦN HƯNG ĐẠO, Phường Phước Hội, Thị xã Lagi, Tỉnh Bình Thuận"},{"address":"109 - 111 Ba Tháng Hai, Phường 11, Quận 10, TP.HCM"},{"address":"56 Nguyễn Thông, Phường 9, Quận 3, TP.HCM"},{"address":"Tổ dân phố 3, P. Hưng Trí, TX. Kỳ Anh, Hà Tĩnh"},{"address":"319B, Giải Phóng, TT. Phước An, H. Krông Pắk"},{"address":"34 Lý Thái Tổ, phường Ninh Xá, thành phố Bắc Ninh, tỉnh Bắc Ninh"},{"address":"7 Chùa Bộc, Quận Đống Đa, Hà Nội"},{"address":"461 Trương Định, Phường Tân Mai, Quận Hoàng Mai, Hà Nội"},{"address":"70 Lê Văn Việt, P. Hiệp Phú, Q. 9"},{"address":"174 - 176 Khánh Hội, Phường 6, Quận 4, TP.HCM"},{"address":"174 Nguyễn Trãi, Khu phố Thống Nhất 1, Thị xã Dĩ An, Phường Dĩ An, Tỉnh Bình Dương"},{"address":"29 Huỳnh Thúc Kháng, P.Láng Hạ, Q.Đống Đa, Hà Nội"},{"address":"1179 Huỳnh Tấn Phát, Phường Phú Thuận, Quận 7, TP.HCM"},{"address":"5/4 Lý Thường Kiệt, Khu phố 2, Thị trấn Hóc Môn, Huyện Hóc Môn, TP.HCM"},{"address":"365-367 Hoàng Quốc Việt, Phường Nghĩa Tân, Quận Cầu Giấy, Hà Nội"},{"address":"32 34 Lê Hồng Phong, Khóm 2, Phường An Thạnh, Thị xã Hồng Ngự, Đồng Tháp"},{"address":"Tầng 1-2, Tòa nhà HH01, New Horizon City, 87 Lĩnh Nam, Phường Mai Động, Quận Hoàng Mai, Hà Nội"},{"address":"30 Trần Phú, Phường Bắc Hồng, Thị xã Hồng Lĩnh, Tỉnh Hà Tĩnh"},{"address":"577 Hai Bà Trưng, Phường Cẩm Phô, TP.Hội An, Tỉnh Quảng Nam"},{"address":"41 Hồ Văn Huê, Phường 9, Quận Phú Nhuận, TP.HCM"},{"address":"Tầng 1, Tòa nhà 21 tầng, Khu chung cư  số 671 Hoàng Hoa Thám, Phường Vĩnh Phúc, Quận Ba Đình, Hà Nội"},{"address":"390 Hoàng Diệu, Quận Hải châu, TP.Đà nẵng"},{"address":"Tầng 1, Tòa nhà Diamond Flower, Ngã tư Hoàng Đạo Thúy, Lê Văn Lương, Phường Nhân Chính, Quận Thanh Xuân, Hà Nội"},{"address":"85 Hoàng Cầu, Phường Ô Chợ Dừa, Quận Đống Đa, TP.Hà Nội"},{"address":"Tòa nhà Leadvisior 41A Lý Thái Tổ, Quận Hoàn Kiếm, Hà Nội"},{"address":"466 Tôn Đức Thắng, phường Hòa Khánh Nam, quận Liên Chiểu, TP.Đà Nẵng"},{"address":"296 Núi Thành, Phường Hòa Cường Bắc, Quận Hải Châu, TP.Đà Nẵng"},{"address":"1 Lê Đức Thọ, Phường Mai Dịch, Quận Cầu Giấy, TP.Hà Nội"},{"address":"50B/1 - 50C/1, Quốc lộ 1, Khu phố 2, Phường Tân Hòa, TP.Biên Hòa, Tỉnh Đồng Nai"},{"address":"Khu 3, Thị trấn Thắng, Huyện Hiệp Hòa, Tỉnh Bắc Giang"},{"address":"10 Hiệp Bình, Khu phố 6, Phường Hiệp Bình Phước, Quận Thủ Đức, Tp.HCM"},{"address":"278 Xô Viết Nghệ Tĩnh, P21, Quận Bình Thạnh, TP.HCM"},{"address":"1055-1057 Trần Hưng Đạo, Phường 5, Quận 5, TP.HCM"},{"address":"SO03- Tầng 1-2 Tòa A2 Vinhomes Gardenia, Hàm Nghi, Quận Nam Từ Liêm, Hà nội"},{"address":"57 Khu phố 1, Thị trấn Yên Định, Huyện Hải Hậu, Tỉnh Nam Định"},{"address":"602 - 604 Nguyễn Hữu Thọ, Phường Khuê Trung, Quận Cẩm Lệ, TP.Đà Nẵng"},{"address":"56-58-60 Hai Bà Trưng, Phường Bến Nghé, Quận 1, TP.HCM"},{"address":"SN 155 Nguyễn Văn Cừ, Phường Hồng Hà, Hạ Long, Quảng Ninh"},{"address":"127-129 Lê Nin, Phường Hà Huy Tập, TP.Vinh, Tỉnh Nghệ An"},{"address":"30 - 30A Quang Trung, P. Quang Trung, Q. Hà Đông, Hà Nội"},{"address":"634 Quang Trung, Phường 11, Quận Gò Vấp, TP.HCM"},{"address":"669 Lê Trọng Tấn, Phường Bình Hưng Hòa, Quận Bình Tân, TP.HCM"},{"address":"21 Trương Định, Phường 1, Thành phố Gò Công, Tỉnh Tiền Giang"},{"address":"973 Tân Kỳ Tân Quý, Phường Bình Hưng Hòa A, Quận Bình Tân, TP.HCM"},{"address":"Tầng 2, Tòa nhà 142 Đội Cấn, Phường Đội Cấn, Quận Ba Đình, Thủ đô Hà Nội"},{"address":"A1 - 03 và A1 - 04 Khu nhà ở thương mại và chợ trung tâm Hộ Phòng, P. Hộ Phòng, TX. Giá Rai, T. Bạc Liêu"},{"address":"11/1B - 12/1B Ấp Tây Kim, Xã Gia Kiệm, Huyện Thống Nhất, Tỉnh Đồng Nai."},{"address":"Số 13 - 13A, Đường Phạm Văn Đồng, Thị trấn Liên Nghĩa, Huyện Đức Trọng, Tỉnh Lâm Đồng"},{"address":"166A Tỉnh lộ 10, Ấp Bình Tả 2, Xã Đức Hòa Hạ, Huyện Đức Hòa, Tỉnh Long An"},{"address":"Tầng 1, 285A Ngô Gia Tự, Phường Đức Giang, Quận Long Biên, TP.Hà Nội"},{"address":"68 phố Hàng Giấy, Phường Đồng Xuân, Quận Hoàn Kiếm, Hà Nội"},{"address":"Khu tập thể Công ty CP giống cây trồng Trung Ương, Thị trấn Đồng Văn, Huyện Duy Tiên, Tỉnh Hà Nam"},{"address":"Lô 7 - 8 /9, đường Đồng Khởi, P. Tân Hiệp, TP. Biên Hòa"},{"address":"135A, Lũy Bán Bích, P. Tân Thới Hòa, Q. Tân Phú"},{"address":"123 Xã Đàn, Phường Phương Liên, Quận Đống Đa, Hà Nội"},{"address":"83-85 Cao Lỗ, Phường Uy Nỗ, Quận Đông Anh, TP.Hà nội"},{"address":"Lô BT5 - Ô số 27, KĐT mới Pháp Vân, Tứ Hiệp, Phường Hoàng Liệt, Quận Hoàng Mai, Thành phố Hà Nội"},{"address":"Khối 4, Thị trấn Diễn Châu, Huyện Diễn Châu, Nghệ An"},{"address":"331, Điện Biên Phủ, P.4, Q. 3"},{"address":"01-03 Lý Thường Kiệt, Thị trấn Di Linh, Huyện Di Linh, Tỉnh Lâm Đồng"},{"address":"39 - 41 Nguyễn An Ninh (Truông Tre), Khu phố Nhị Đồng 2, Phường Dĩ An, Thị xã Dĩ An, Tỉnh Bình Dương."},{"address":"Ô 17 - Ô 18, Đền Lừ 2, Phường Hoàng Văn Thụ, Quận Hoàng Mai, Hà Nội."},{"address":"296 Hùng Vương, Thị trấn Đắk Hà, Huyện Đắk Hà, Tỉnh Kon Tum"},{"address":"141 Phan Chu Trinh, Phường 9, TP.Đà Lạt, Tỉnh Lâm Đồng"},{"address":"45 Võ Thị Sáu, Phường Đakao, Quận 1, TP.HCM"},{"address":"40 Phùng Hưng, Phường Hàng Bông, Quận Hoàn Kiếm, TP.Hà Nội"},{"address":"106 - 108 Cống Quỳnh, P. Nguyễn Cư Trinh, Q.1"},{"address":"218 Phạm Văn Đồng, Thị trấn Núi Thành, Huyện Núi Thành, Tỉnh Quảng Nam"},{"address":"9, Tổ 2, Khu phố 3, Thị trấn Chơn Thành, Huyện Chơn Thành, Bình Phước"},{"address":"308 Nguyễn Thái Học, P. Ngô Mây, TP. Quy Nhơn"},{"address":"33, Lê Lợi, P. Xương Huân, TP. Nha Trang"},{"address":"633A Quốc lộ 1A, Ấp Tân Phú A, TT. Cái Tắc, H. Châu Thành A, T. Hậu Giang"},{"address":"113 Quốc lộ 1, Ấp Bình Hòa, Thị trấn Cái Dầu, Huyện Châu Phú, Tỉnh An Giang"},{"address":"305 Hùng Vương, Tổ 04, KP.2, TT. Ngãi Giao, H. Châu Đức, Bà Rịa - Vũng Tàu"},{"address":"45 Quang Trung, Phường Châu Phú B, TP.Châu Đốc, Tỉnh An Giang"},{"address":"370 - 372 Phạm Hùng, Phường 5, Quận 8, TP.HCM"},{"address":"215 Ông Ích Khiêm, Phường Hải Châu 2, Quận Hải Châu, TP.Đà Nẵng"},{"address":"354 - 356, Nguyễn Thị Định, P. Thạnh Mỹ Lợi, Q. 2"},{"address":"55, Đặng Văn Bình, P.1, TP. Cao Lãnh"},{"address":"152 Đường 22 tháng 8, Phường Cam Linh, Thành phố Cam Ranh, Tỉnh Khánh Hòa"},{"address":"214J-214I Trần Phú, Phường Cẩm Thành, TP.Cẩm Phả, Tỉnh Quảng Ninh"},{"address":"497 - 499 Quốc lộ 1A, Khu phố 1, Phường 5, Thị xã Cai Lậy, Tỉnh Tiền Giang"},{"address":"238 - 240 Nguyễn Tất Thành, P. Tân Lập, Thành Phố Buôn Ma Thuột, Đắk Lắk"},{"address":"520 - 522 Hùng Vương, Phường An Bình, Thị xã Buôn Hồ, Tỉnh ĐăkLăk"},{"address":"61 Bùi Đình Túy, Phường 24, Quận Bình Thạnh, TP.HCM"},{"address":"196A-196B Quang Trung, Thị trấn Bồng Sơn, Hoài Nhơn, Bình Định"},{"address":"399, Nguyễn Duy Trinh, phường Bình Trưng Tây, Q. 2"},{"address":"200, Quốc lộ 13, P. Hiệp Bình Chánh, Q. Thủ Đức"},{"address":"246, Vành Đai Trong, KP3, P. Bình Trị Đông B, Q. Bình Tân"},{"address":"269 - 271, Bình Tiên, P. 8, Q. 6"},{"address":"666 - 668 Tỉnh lộ 10, Khu phố 16, Phường Bình Trị Đông, Quận Bình Tân, TP.HCM"},{"address":"56B Bình Phú, Phường 11, Quận 6, TP.HCM"},{"address":"78A Nguyễn Văn Thảnh, Phường Cái Vồn, Thị xã Bình Minh, Vĩnh Long"},{"address":"134-136-138 Nguyễn Huệ, Khu phố Phú Nghĩa, Phường Phú Đức, Thị xã Bình Long, Bình Phước"},{"address":"256 Nơ Trang Long, Phường 12, Quận Bình Thạnh, TP.HCM"},{"address":"Khu đô thị Tây Bắc, Xã Tráng Liệt, Huyện Bình Giang, Tỉnh Hải Dương"},{"address":"282-284 Liên Tỉnh 05, Phường 06, Quận 08, TP.HCM"},{"address":"A11/11, Quốc lộ 1A, Ấp 1, Xã Bình Chánh, Huyện Bình Chánh, TP.HCM"},{"address":"49 Trần Phú, Phường Ba Đình, Thị xã Bỉm Sơn, Tỉnh Thanh Hóa"},{"address":"920 Phạm Văn Thuận, Khu phố 1, Phường Tân Mai, TP.Biên Hòa, Tỉnh Đồng Nai"},{"address":"147 Nguyễn Xí, Phường 26, Quận Bình Thạnh, TP.HCM"},{"address":"88 - 90 Nguyễn Hữu Thọ, Khu phố 3, Thị trấn Bến Lức, Huyện Bến Lức, Tỉnh Long An"},{"address":"328 Võ Văn Kiệt, Phường Cô Giang, Quận 1, TP.HCM"},{"address":"352- Đường 30/4- Khu phố 2- Phường Mỹ Phước – Thành phố Bến Cát - Tỉnh Bình Dương"},{"address":"1069 Cách Mạng Tháng Tám, Phường 7 Quận Tân Bình, TP.HCM"},{"address":"253-255-257 Nguyễn Hồng Đào, P.14, QUận Tân Bình"},{"address":"16A Đường Thành, Phường Cửa Đông, Quận Hoàn Kiếm, TP.Hà Nội"},{"address":"400 - 402 - 404 Trần Phú, Phường 1, TP.Bảo Lộc, Tỉnh Lâm Đồng"},{"address":"2 Tổ 9 khu 9B, Phường Bãi Cháy, TP.Hạ Long"},{"address":"451 Bạch Đằng, Phường 2, Quận Bình Thạnh, TP.HCM"},{"address":"CC13 Trường Sơn, Phường 15, Quận 10, TP.HCM"},{"address":"658 Bà Triệu, Phường Điện Biên, TP.Thanh Hóa, Tỉnh Thanh Hóa"},{"address":"25 Đường 19/5, Khu phố 02, Thị trấn Ba Tri, Huyện Ba Tri, Tỉnh Bến Tre"},{"address":"265 Cách Mạng Tháng 8, Phường Phước Hiệp, TP.Bà Rịa, Tỉnh Bà Rịa Vũng Tàu"},{"address":"195 Quang Trung, Khu phố 2, Phường Ba Đồn, Thị xã Ba Đồn, Tỉnh Quảng Bình"},{"address":"Kiot thương mại số TMDV 105 tại tầng 1, tòa nhà B6, Phố Nam Cao, Phường Giảng Võ, Quận Ba Đình, Hà Nội"},{"address":"19/1 Ấp Trung Lân, Xã Bà Điểm, Huyện Hóc Môn, TP.HCM"},{"address":"165 Lê Hồng Phong, Phường Đoàn Kết, Thị xã AyunPa, Tỉnh Gia Lai"},{"address":"49 Âu Cơ, Phường Quảng An, Quận Tây Hồ, Hà Nội"},{"address":"322B Cách Mạng Tháng 8, Phường Bùi Hữu Nghĩa, Quận Bình Thủy, TP.Cần Thơ"},{"address":"179 Trường Chinh, Phường Tân Thới Nhất, Quận 12, TP.HCM"},{"address":"12 Lương Định Của, Phường An Phú, Quận 2, TP.HCM"},{"address":"303 Trần Phú, Phường Bình Định, Tỉnh Bình Định"},{"address":"489 - 491, Kinh Dương Vương, P. An Lạc, Q. Bình Tân"},{"address":"579 Quang Trung, Thị xã An Khê, Tỉnh Gia Lai"},{"address":"321-323 Trần Phú, Phường 8, Quận 5, TP.HCM"},{"address":"165 Hùng Vương, phường An Cựu, TP Huế"},{"address":"Lô A3-A8 số 111 Hoàng Hoa Thám - P2 - TP. Vũng Tàu"},{"address":"20A1 Trần Quốc Toản, KCN VSIP II, Phường Hòa Phú, TP. Thủ Dầu Một, Bình Dương"},{"address":"251- 253 Đường Mê Linh, P.Liên Bảo, Tp Vĩnh Yên, Tỉnh Vĩnh Phúc"},{"address":"03 Hoàng Thái Hiếu, Phường 1, TP.Vĩnh Long, Tỉnh Vĩnh Long"},{"address":"01 - 05 Nguyễn Oanh và 01 Quang Trung, Phường 10, Quận Gò Vấp, TP.HCM"},{"address":"416 - 418 Tùng Thiện Vương, Phường 13, Quận 8, TP.HCM"},{"address":"1 Bis - 3 An Dương Vương, Phường 8, Quận 5, Tp.HCM"},{"address":"96 Điện Biên Phủ, Khóm 2, Phường 6, TP.Trà Vinh, Tỉnh Trà Vinh"},{"address":"480 Nguyễn Thị Minh Khai, Phường 2, Quận 3, TP.HCM"},{"address":"139 Nam Kỳ Khởi Nghĩa, Phường 4, TP.Mỹ Tho"},{"address":"18 Đà Nẵng, Thị trấn Núi Đèo, Huyện Thủy Nguyên, TP.Hải Phòng"},{"address":"145 Đặng Văn Bi, Phường Trường Thọ, Quận Thủ Đức, TP.HCM"},{"address":"Lô 5 - 6 Phan Chu Trinh, P. Điện Biên, TP Thanh Hóa"},{"address":"Số 10 Phan Chu Trinh, Q.Hoàn Kiếm, Hà Nội"},{"address":"70 Hoàng Văn Thụ, TP Thái Nguyên, Tỉnh Thái Nguyên"},{"address":"79A Phố Lê Lợi, tổ 20, Phường Đề Thám, TP Thái Bình, Tỉnh Thái Bình"},{"address":"E5/5B-E5/5C Khu phố 5, Thị trấn Tân Túc, Huyện Bình Chánh, TP.HCM"},{"address":"448 Đường 30/4, Khu phố 1, Phường 3, TP.Tây Ninh, Tỉnh Tây Ninh"},{"address":"334 Huỳnh Tấn Phát, Phường Bình Thuận, Quận 7, TP.HCM"},{"address":"Số 541-543-539/2G đường Lũy Bán Bích, Phường  Phú Thạnh, Quận Tân Phú, TP.HCM"},{"address":"Tầng trệt, Lầu 1 Tòa nhà 248-254 Tô Ký, Phường Tân Chánh Hiệp, Quận 12, TP.HCM"},{"address":"29 Lý Thường Kiệt, Phường 7, Quận Tân Bình, TP.HCM"},{"address":"73-75 Trần Hưng Đạo, Phường 3, TP.Sóc Trăng, Tỉnh Sóc Trăng"},{"address":"41 Mạc Đỉnh Chi, Phường Đa Kao, Quận 1, TP.HCM"},{"address":"Ô 01 + 02, Lô BT 01, Khu đô thị Hòn Cặp Bè, Phường Bạch Đằng, TP.Hạ Long, Tỉnh Quảng Ninh"},{"address":"162-164 Lê Trung Đình, Phường Nguyễn Nghiêm, TP.Quảng Ngãi, Tỉnh Quảng Ngãi"},{"address":"127-129-131 Phan Chu Trinh, Phường Phước Hòa, TP.Tam Kỳ, Tỉnh Quảng Nam"},{"address":"257 Trần Hưng Đạo, TP. Đồng Hới, Tỉnh Quảng Bình"},{"address":"206A Trần Hưng Đạo (mặt Nguyễn Trãi), Phường 4, TP.Tuy Hòa, Tỉnh Phú Yên"},{"address":"455 Tô Hiến Thành, Phường 14, Quận 10"},{"address":"25 Kinh Dương Vương, Phường 12, Quận 6, TP.HCM"},{"address":"51-51A Phan Đình Phùng, Phường 17, Quận Phú Nhuận, TP.HCM"},{"address":"24B Phan Đăng Lưu, Phường 06, Quận Bình Thạnh, TP.HCM"},{"address":"132 Ông Ích Khiêm, Phường 5, Quận 11, TP.HCM"},{"address":"225 Ngô Gia Tự, Phường Tấn Tài, TP.Phan Rang, Tỉnh Ninh Thuận"},{"address":"23-25 Nguyễn Văn Trỗi, Phường 12, Quận Phú Nhuận, TP.HCM"},{"address":"37A Quang Trung, Phường Quang Trung, TP Vinh, tỉnh Nghệ An"},{"address":"27-29 Nguyễn Khắc Viện, Phường Tân Phú, Quận 7, TP.HCM"},{"address":"67 Lê Hồng Phong, Phường Nguyễn Du, TP.Nam Định, Tỉnh Nam Định"},{"address":"402 - 404 Nguyễn Văn Cừ, Phường Bồ Đề, Quận Long Biên, Hà Nội"},{"address":"40 Trà Quí Bình, Phường 02, TP.Tân An - Long An"},{"address":"318 Lê Văn Sỹ, Phường 01, Quận Tân Bình, TP.HCM"},{"address":"61 63 Phan Bội Châu, Phường 1, Đà Lạt"},{"address":"624 - 626 Lạc Long Quân, Phường 5, Quận 11, TP.HCM"},{"address":"252 Lê Hồng Phong, Phường Quyết Thắng, TP.Kon Tum, Tỉnh Kon Tum"},{"address":"451 Nguyễn Trung Trực, Phường Vĩnh Lạc, TP.Rạch Giá, Tỉnh Kiên Giang"},{"address":"80 Quang Trung, Phường Lộc Thọ, TP.Nha Trang, Tỉnh Khánh Hòa"},{"address":"Thị trấn Bản Yên Nhân, Huyện Mỹ Hào, TP.Hưng Yên"},{"address":"1 Trần Hưng Đạo, Phường Đông Ba, TP.Huế"},{"address":"444A - 446 Cách Mạng Tháng Tám, Phường 11, Quận 3, TP.HCM"},{"address":"37 - 39 - 41, Đường 1/5, Phường 1, TP.Vị Thanh, Tỉnh Hậu Giang"},{"address":"69 Điện Biên Phủ, Phường Minh Khai, Quận Hồng Bàng, TP.Hải Phòng"},{"address":"165 Bạch Đằng, P.Trần Phú, TP Hải Dương"},{"address":"25 Nguyễn Công Trứ, Phường Bắc Hà, TP.Hà Tĩnh, Tỉnh Hà Tĩnh"},{"address":"Tầng 2 + 3 tòa nhà Báo sinh viên, khu đô thị mới Cầu Giấy, Đường Trần Thái Tông, P. Yên Hòa, Q. Cầu Giấy, Hà Nội"},{"address":"184 - 186 Bà Triệu, Phường Nguyễn Du, Quận Hai Bà Trưng, TP.Hà Nội"},{"address":"22D Biên Hòa, Phường Minh Khai, TP.Phủ Lý"},{"address":"38 - 40 Trần Phú, Phường Tây Sơn, Tp. Pleiku, Tỉnh Gia Lai"},{"address":"15 Hoàng Diệu, Phường Minh Khai, Quận Hồng Bàng, Hải Phòng"},{"address":"352 Nguyễn Sinh Sắc, Phường 1, TP Sa Đéc, Tỉnh Đồng Tháp"},{"address":"204 - 206 Trần Não, Phường Bình An, Quận 2, TP.HCM"},{"address":"220 Hà Huy Giáp, Khu phố 1, Phường Trung Dũng, TP.Biên Hòa"},{"address":"GH01 và GH02 tại Tầng 1, Tầng 2, Tòa nhà Gold Tower, Dự án Trung tâm Thương mại - Dịch vụ, Nhà ở Golden Land Building, số 275 Đường Nguyễn Trãi, Phường Thanh Xuân Trung, Quận Thanh Xuân, TP Hà Nội"},{"address":"152-154-156 Y Jut, Phường Thắng Lợi, TP.Buôn Ma Thuột, Tỉnh DakLak"},{"address":"218 Bạch Đằng, Phường Phước Ninh, Quận Hải Châu, TP.Đà Nẵng"},{"address":"863 quốc lộ 22, Thị trấn Củ Chi , Huyện Củ Chi, TP.HCM"},{"address":"463-465 Cộng Hòa, Phường 15, Quận Tân Bình, TP.HCM"},{"address":"747 Hồng Bàng, Phường 6, Quận 6, TP.HCM"},{"address":"103 - 105 Châu Văn Liêm, Phường 14, Quận 5, TP.HCM"},{"address":"41-41B-41C Đường 30/4, Phường An Lạc, Quận Ninh Kiều, TP.Cần Thơ"},{"address":"3A Hùng Vương, Phường 7, TP.Cà Mau"},{"address":"152 Trần Hưng Đạo, Phường Phú Thủy, TP.Phan Thiết, Tỉnh Bình Thuận"},{"address":"63A Điện Biên Phủ, Phường 15, Quận Bình Thạnh, TP.HCM"},{"address":"47 - 49 Hậu Giang, Phường 2, Quận 6, TP.HCM"},{"address":"800 Phú Riềng Đỏ, Khu phố Tân Tiến, Phường Tân Xuân, TP.Đồng Xoài, Tỉnh Bình Phước."},{"address":"332 Đại lộ Bình Dương, Khu 1, Phường Phú Hòa, TP.Thủ Dầu Một, Tỉnh Bình Dương"},{"address":"173-175 Lê Hồng Phong, Phường Lê Hồng Phong, TP.Quy Nhơn, Tỉnh Bình Định"},{"address":"8/2 Trần Quốc Tuấn, Phường 04, TP.Bến Tre, Tỉnh Bến Tre"},{"address":"96 Lý Tự Trọng, Phường Bến Thành, Quận 1, TP.HCM"},{"address":"201 - 203 - 205 Trần Phú, P. Đông Ngàn, TX. Từ Sơn, Bắc Ninh"},{"address":"256 Trần Phú, Khóm 5, Phường 7, TP.Bạc Liêu, Tỉnh Bạc Liêu"},{"address":"1 Nguyễn Văn Cừ, TP.Bắc Giang, Tỉnh Bắc Giang"},{"address":"590 Ba Tháng Hai, Phường 14, Quận 10, TP.HCM"},{"address":"09 Trần Hưng Đạo, Phường Mỹ Xuyên, TP.Long Xuyên, An Giang"}]