[{"address":"Số 128 - 130 Đường Nguyễn Trãi, Phường Mỹ Long, Thành phố Long Xuyên, Tỉnh An Giang. "},{"address":"Số nhà 534A, đường Quốc lộ 91, tổ 3, khóm Vĩnh Lộc, thị trấn Cái Dầu, huyện Châu Phú, tỉnh An Giang"},{"address":"Số 166 đường Tôn Đức Thắng, khóm Long Thị D, phường Long Thạnh, thị xã Tân Châu, tỉnh An Giang."},{"address":"Tỉnh lộ 942, Ấp Thị, Thị trấn Chợ Mới, huyện Chợ Mới, tỉnh An Giang"},{"address":"Tầng 1, tầng 2 và tầng 3 tòa nhà Ngân hàng TMCP Quân Đội, số nhà 322 đường Nguyễn Thái Học, phường Ngô Mây, thành phố Quy Nhơn, tỉnh Bình Định"},{"address":"Số 86 - 88 Ngô Gia Tự, phường Bình Định, thị xã An Nhơn, tỉnh Bình Định"},{"address":"Số 50 - 52 đường Lạc Long Quân, phường Trần Quang Diệu, thành phố Quy Nhơn, tỉnh Bình Định"},{"address":"Tầng 1( tầng trệt) tòa nhà Viettel Bình Thuận, Khu dân cư Hùng Vương, đường Tôn Đức Thắng, phường Phú Thủy, thành phố  Phan thiết, tỉnh Bình Thuận"},{"address":"Số 433 đường Nguyễn Tất Thành, khu phố Xuân Hội, Thị trấn Chợ Lầu, Huyện Bắc Bình, tỉnh Bình Thuận"},{"address":"Số 169 - 169A đường Thống Nhất, khu phố 1, phường Tân Thiện, thị xã La Gi, tỉnh Bình Thuận"},{"address":"Thửa đất số 266, Tờ bản đồ số 38, Phường Phú Khương, Thành phố Bến Tre, tỉnh Bến Tre "},{"address":"Tầng 1 ( tầng trệt) tòa nhà trụ sở Viettel Bắc Giang lô A4, làn 2, đường Nguyễn Thị Minh Khai, thanh phố  Bắc Giang, Tỉnh Bắc Giang"},{"address":"Số 346 phố Bình Minh, thị trấn Đồi Ngô, huyện Lục Nam, tỉnh Bắc Giang"},{"address":"Tầng 1, Tầng 2 và Tầng 9 Tòa nhà trụ sở Ngân hàng TMCP Quân Đội Chi nhánh Bắc Ninh: Số 24  đường Lý Thái Tổ, phường Đại Phúc, thành phố Bắc Ninh, tỉnh Bắc Ninh"},{"address":"Tầng 1, tầng 2, tòa nhà Ven bắc đường TL286, khu ao Dân quân, phố Chờ, thị trấn Chờ, huyện Yên Phong, tỉnh Bắc Ninh"},{"address":"Tầng 1, tầng 2 Công ty TNHH Nam Hồng, đường Trần Phú, phường Đình Bảng, thành phố Từ Sơn, tỉnh Bắc Ninh"},{"address":"Số 306 Đại lộ Bình Dương, phường Phú Hòa, Thành phố Thủ Dầu Một, tỉnh Bình Dương"},{"address":"Số 20 đường Nguyễn An Ninh, khu phố Nhị Đồng 2, phường Dĩ An, thị xã Dĩ An, tỉnh Bình Dương"},{"address":"Số 9 đường  Nguyễn Văn Tiết, phường  Lái Thiêu, Thị xã Thuận An, Tỉnh Bình Dương"},{"address":"Số 34- ĐT 746- Khu phố Khánh Thạnh- phường Tân Phước Khánh- Thành phố Tân Uyên- Tỉnh Bình Dương"},{"address":"Số 1 và số 3 đường D3, khu đô thị thương mại dịch vụ Sóng Thần, khu phố Thống Nhất 1, phường Dĩ An, thành phố Dĩ An, tỉnh Bình Dương"},{"address":"Số 432 đường 30/4 khu phố 2, phường Mỹ Phước, thành phố Bến Cát Tỉnh Bình Dương"},{"address":"Thửa đất số 53 tờ bản đồ 10, đường ĐT 747, phường Uyên Hưng, thành phố Tân Uyên, tỉnh Bình Dương"},{"address":"Thửa đất số 225; 226, tờ bản đồ số 45, đường Phú Riềng Đỏ, phường Tân Thiện, thị xã Đồng Xoài, tỉnh Bình Phước"},{"address":"Thửa đất số 204, Tờ bản đồ 35, khu phố Phú Trung, phường An Lộc, thị xã Bình Long, tỉnh Bình Phước"},{"address":"Thửa đất số 16, tờ bản đồ số 03, khu phố 5, phường Long Phước, thị xã Phước Long, tỉnh Bình Phước "},{"address":"Thửa đất số 30, tờ bản đồ số 47, khu phố 4, phường Minh Thành, thị xã Chơn Thành, tỉnh Bình Phước"},{"address":"Số 370 - 372 Trần Phú, phường 7, thành phố Bạc Liêu, tỉnh Bạc Liêu"},{"address":"Số 085 - 087 phố Kim Đồng, tổ 12, phường Hợp Giang, thành phố Cao Bằng, tỉnh Cao Bằng"},{"address":"Tầng 1, tầng 2 và tầng 7 tòa nhà Ngân hàng TMCP Quân Đội – Chi nhánh Cần Thơ, số 77, 77B Võ Văn Tần, phường Tân An, quận Ninh Kiều, thành phố Cần Thơ."},{"address":"Số 1177 đường Tôn Đức Thắng (QL91), Khu vực 11, Phường Châu Văn Liêm, Quận Ô Môn, Thành phố Cần Thơ"},{"address":"Số 122 đường 3/2, phường Hưng Lợi ,quận Ninh Kiều, thành phố Cần Thơ"},{"address":"Số 553, Quốc lộ 91, Khu vực Phụng Thạnh 1 , phường Thốt Nốt, quận Thốt Nốt, thành phố Cần Thơ"},{"address":"Số 43 - Đường CMT8 - An Thới - Bình Thủy - TP. Cần Thơ"},{"address":"Số 44 - 46 đường Hùng Vương, Phường 5, Thành phố Cà Mau, Tỉnh Cà Mau"},{"address":"Số K23 đường Võ Thị Sáu, phường Thống Nhất,  thành phố Biên Hòa- tỉnh  Đồng Nai."},{"address":"Lô B-1, B-2, B-3, Khu dân cư Thăng Long Home Hiệp Phước, đường TL25B, Ấp 3, Xã  Hiệp Phước, Huyện Nhơn Trạch, Tỉnh Đồng Nai"},{"address":"Số 76/8 đường  Phạm Văn Thuận, phường Tam Hiệp, thành phố  Biên Hòa - tỉnh Đồng Nai."},{"address":"Số 78/16, khu phố 8, phường Tân Hòa, thành phố Biên Hòa, tỉnh Đồng Nai"},{"address":"Số 8/3A Ấp Thanh Hóa, Xã Hố Nai 3, Huyện Trảng Bom. Tỉnh Đồng Nai "},{"address":"Số 21 - 23 đường Nguyễn Trãi, khu phố 3, phường Xuân Hòa, thành phố Long Khánh, tỉnh Đồng Nai"},{"address":"Thửa đất số 49, tờ bản đồ số 57 (11-3) - Số 301, Lê Duẩn, khu Phước Hải, thị trấn Long Thành, huyện Long Thành, tỉnh Đồng Nai. "},{"address":"Số 132 Đường Hùng Vương, Khu phố 5, Thị trấn Gia Ray, Huyện Xuân Lộc, Tỉnh Đồng Nai "},{"address":" Số 204 - 206 đường Nguyễn Huệ, Phường 2, Thành phố Cao Lãnh, Tỉnh Đồng Tháp"},{"address":"Số 66 - 68 đường Võ Văn Kiệt, phường An Thạnh, thị xã Hồng Ngự, tỉnh Đồng Tháp"},{"address":"Số 930 đường Võ Nguyên Giáp, tổ 3, phường Mường Thanh, thành phố Điện Biên Phủ, tỉnh Điện Biên"},{"address":"Số 37 Hai Bà Trưng, phường Thắng Lợi,thành phố  Buôn Ma Thuột -tỉnh ĐắkLắk."},{"address":"Số 148 đường Nguyễn Tất Thành, TDP 3B, thị trấn Eakar, huyện Eakar, tỉnh Dak Lak"},{"address":"Số 683 - 685 đường Hùng Vương, phường An Lạc, thị xã Buôn Hồ, tỉnh Đắk Lắk"},{"address":"Số 66 đường Hùng Vương, Thị trấn Quảng Phú, Huyện Cư M’gar, Tỉnh Đắk Lắk "},{"address":"Số 79 đường 23/3, phường Nghĩa Tân, thành phố Gia Nghĩa, tỉnh Đắk Nông"},{"address":"Tầng trệt, tầng lửng, số 174 Lê Đình Lý, P. Hòa Thuận Tây, Q. Hải Châu, TP Đà Nẵng "},{"address":"563 đường Tôn Đức Thắng, tổ 50, phường Hòa Khánh Nam, quận Liên Chiểu, thành phố Đà Nẵng"},{"address":"Tầng 1,2,3 tòa nhà Lô 14-15 đường Nguyễn Văn Linh nối dài , phường Phước Ninh, quận Hải Châu, thành phố  Đà Nẵng"},{"address":"Số 142 Ông Ích Đường, phường Hòa Thọ Đông, quận Cẩm Lệ, thành phố Đà Nẵng"},{"address":"Số 152 đường 2/9, phường  Hòa Thuận Đông, quận  Hải Châu, thành phố  Đà Nẵng"},{"address":"Số 199 đường Đống Đa, Phường Thạch Thang, Quận Hải Châu, Thành phố Đà Nẵng"},{"address":"Tầng 1, tầng lửng tòa nhà số 222 - 224 đường Ngũ Hành Sơn, phường Mỹ An, quận Ngũ Hành Sơn, thành phố Đà Nẵng"},{"address":"Tầng 1 tòa nhà Công ty cổ phần xây dựng công trình 545, số 324 Nguyễn Hữu Thọ, phường Khuê Trung, quận Cẩm Lệ, thành phố Đà Nẵng."},{"address":"Số 08 Lê Lai, phường Tây Sơn, thành phố Pleiku, tỉnh Gia Lai."},{"address":"Số 145 Nguyễn Tất Thành, phường Phù Đổng, thành phố Pleiku, tỉnh Gia Lai"},{"address":"Số 868 đường Hùng Vương, thị trấn Chư Sê, huyện Chư Sê, Tỉnh Gia Lai"},{"address":"Số 3 Liễu Giai, phường Liễu Giai, Quận  Ba Đình- thành phố Hà Nội."},{"address":"Một phần tầng 1 vị trí L1-A-B tại dự án Tổ hợp văn phòng, dịch vụ thương mại, căn hộ và khu đỗ xe công cộng tại số 69B phố Thụy Khuê, Phường Thụy Khuê, Quận Tây Hồ, Thành phố Hà Nội"},{"address":"Lô L1-09A, tầng L1 tòa nhà Vincom Center Nguyễn Chí Thanh, số 54A đường Nguyễn Chí Thanh, phường Láng Thượng, quận Đống Đa, thành phố Hà Nội"},{"address":"Tòa nhà N01-T4 Khu Đoàn ngoại giao, phường Xuân Tảo, quận Bắc Từ Liêm, thành phố Hà Nội"},{"address":"Tầng 1 và tầng 2 số 102, 103, 203 nhà  K2, khu 7.2 HA Vĩnh Phúc ,  Ba Đình - Hà Nội."},{"address":"Tầng 1, 2 ô DV - 02, DV - 04, DV - 12, DV-14, khu chung cư @Homes dự án khu nhà ở xã hội tại ô đất C11 - ODK4, phường Yên Sở, quận Hoàng Mai, Hà Nội"},{"address":"Tầng 1, tầng 2, tầng 3, tầng 4 Số 28 đường Xuân La,phường Xuân La,Quận Tây Hồ - thành phố Hà Nội."},{"address":" Tầng 1, 2 Lô đất số 06 ô D9B, khu đấu giá quyền sử dụng đất, phường Xuân La, quận Tây Hồ, Hà Nội"},{"address":"Tầng 1 và một phần diện tích tầng 2 tòa nhà số 114 Xuân Diệu, phường Tứ Liên, quận Tây Hồ, thành phố Hà Nội"},{"address":"Một phần tầng 1, tầng 2 tòa nhà Gold Tower số 275 Nguyễn Trãi, phường Thanh Xuân Trung, quận Thanh Xuân, thành phố Hà Nội"},{"address":"Tầng 1, số 160 Phùng Hưng,phường Phúc La, quận Hà Đông - thành phố Hà Nội."},{"address":"BT1,Ô 4, Bắc Linh Đàm, phường Đại Kim, quận Hoàng Mai - thành phố Hà Nội."},{"address":"Tầng 1, Tòa nhà Nam Cường KM4,đường Lê Văn Lương kéo dài, KĐTM Dương Nội, phường Dương Nội, quận Hà Đông, thành phố  Hà Nội."},{"address":"Một phần tầng 1, tầng 2 tòa tháp Thiên niên kỷ, số 4 đường Quang Trung, phường Yết Kiêu, quận Hà Đông, thành phố Hà Nội "},{"address":"Số 51, tổ 6, khu Xuân Hà, thị trấn Xuân Mai, huyện Chương Mỹ, thành phố Hà Nội"},{"address":" Một phần tầng 1 tòa nhà CT9, khu đô thị mới Văn Phú, phường Phú La, quận Hà Đông, thành phố Hà Nội "},{"address":"Tầng 1 tòa nhà số  17T2 KDT Trung Hoà Nhân Chính,phường Trung Hòa, quận Cầu Giấy, thành phố Hà Nội."},{"address":"Nhà số 3- Lô A- Khu D6- Đường Nguyễn Phong Sắc kéo dài - Khu đô thị mới Cầu Giấy- Phường Dịch Vọng- Quận Cầu Giấy-Thành phố Hà Nội"},{"address":"A2, Đơn nguyên 2, đường Nguyễn Khánh Toàn, quận Cầu Giấy, thành phố  Hà Nội."},{"address":"Ô số 10 ( Khu tái định cư Tại chỗ), đường Trung Yên 1, KĐTM Trung Yên, Phường Yên Hòa, Quận Cầu Giấy,thành phố  Hà Nội"},{"address":"Tầng 1, tòa nhà HH2 Bắc Hà, số 15 phố Tố Hữu, phường Nhân Chính, quận Thanh Xuân, thành phố Hà Nội."},{"address":"Số 28A, Điện Biên Phủ, quận  Ba Đình - thành phố Hà Nội"},{"address":"Số 14C  Lý Nam Đế, quận  Hoàn Kiếm - thành phố Hà Nội"},{"address":"Một phần tầng 1, tòa nhà TTTM Chợ Mơ, 459C Bạch Mai, phường Trương Định, quận Hai Bà Trưng, thành phố Hà Nội"},{"address":"Tầng 1, tầng 2, tầng 3, tầng 4, tầng 5 số 47 phố Phan Đình Phùng, phường Quán Thánh, quận Ba Đình, Hà Nội"},{"address":"Tầng 2,3,4 số 67 Trần Quang Diệu, phường Ô Chợ Dừa, quận Đống Đa, thành phố Hà Nội."},{"address":"B-TT01-55, B-TT01-57, khu nhà ở Ngân Hà Vạn Phúc, phường Vạn Phúc, quận Hà Đông, Hà Nội"},{"address":"Một phần tầng 1, tầng 2 tòa nhà Trụ sở làm việc Trung tâm Phát thanh truyền hình Quân đội, số 165 Xã Đàn, phường Nam Đồng, quận Đống Đa, thành phố Hà Nội"},{"address":"Tầng 1, 3 tòa nhà số 539 - 539A, phố Vũ Tông Phan, phường Khương Đình, quận Thanh Xuân, thành phố Hà Nội"},{"address":"Ô số 8 tầng 1, ô số 3 tầng 8 Tòa nhà Văn phòng Sông Hồng, số 165 đường Thái Hà, phường Láng Hạ, quận Đống Đa, thành phố Hà Nội"},{"address":"Một phần tầng 1, tầng 2 tòa nhà số 8 Phạm Ngọc Thạch, phường Kim Liên, quận Đống Đa, thành phố Hà Nội"},{"address":"Số 71, 73 Thái Thịnh,phường Thịnh Quang, quận Đống Đa -  thành phố Hà Nội."},{"address":"Số 126 đường Hoàng Quốc Việt,phường Nghĩa Tân, quận Cầu Giấy -  thành phố Hà Nội."},{"address":"Một phần tầng 1 và tầng 2 khu nhà ở cao tầng kết hợp hành chính đơn vị và nhà ở thấp tầng NO - CT2 thuộc dự án \"Hải Đăng City\", số 08 đường Lê Đức Thọ, phường Mỹ Đình 2, quận Nam Từ Liêm, thành phố Hà Nội"},{"address":"Một phần tầng 1 tòa nhà A2 Chung cư Green Star - KĐT thành phố Giao lưu - số 232 đường Phạm Văn Đồng, phường Cổ Nhuế 1, quận Bắc Từ Liêm, thành phố Hà Nội"},{"address":"Số 34, Láng Hạ, quận Đống Đa, thành phố Hà Nội."},{"address":"Số 164, phố Lê Trọng Tấn, quận Thanh Xuân - thành phố Hà Nội."},{"address":"Một phần tầng 1 và tầng lửng tòa nhà HH2 Dự án Khu hỗn hợp nhà ở, dịch vụ công cộng, văn phòng và trường học (tên thương mại Imperial Plaza) tại địa chỉ số 360 đường Giải Phóng, phướng Phương Liệt, quận Thanh Xuân, thành phố Hà Nội"},{"address":"Tầng 1, tòa nhà Thăng Long, Số 98 Ngụy Như Kon Tum, phường Nhân Chính, quận Thanh Xuân,-  thành phố Hà Nội."},{"address":"Một phần tầng 1, tầng 2, tầng 3 tòa nhà TTXVN Số 79  phố Lý Thường Kiệt,  phường Trần Hưng Đạo, quận  Hoàn Kiếm-  thành phố Hà Nội."},{"address":"Một phần tầng 1, tầng 12 tòa nhà Vinafor số 127 Lò Đúc, phường Đông Mác, quận Hai Bà Trưng, thành phố Hà Nội"},{"address":"Số 63 đường Cổ Linh, phường Thạch Bàn, quận Long Biên, thành phố Hà Nội."},{"address":"Một phần tầng 1, tầng 2 tòa nhà số 68 phố Nguyễn Du, phường Nguyễn Du, quận Hai Bà Trưng, Thành phố Hà Nội"},{"address":"Một phần tầng 1, tầng 2 tòa nhà số 17 phố Tông Đản, Phường Tràng Tiền, Quận Hoàn Kiếm, Thành phố Hà Nội "},{"address":"Tầng 1 đến tầng 5 tòa nhà số 18 phố Ngô Quyền, Phường Tràng Tiền, Quận Hoàn Kiếm, Thành phố Hà Nội"},{"address":"Tầng 1,3,4,5 số 137 C Nguyễn Văn Cừ , Phường Ngọc Lâm, quận Long Biên, thành phố Hà Nội."},{"address":"Số 32, đường Ngô Gia Tự, phường Đức Giang, quận Long Biên, thành phố Hà Nội"},{"address":"Số 132 - 134 đường Ngô Xuân Quảng, thị trấn Trâu Quỳ, huyện Gia Lâm, TP Hà Nội."},{"address":"Tầng 1, số 467 đường Hà Huy Tập, thị trấn Yên Viên, huyện Gia Lâm, thành phố Hà Nội."},{"address":"Một phần tầng 1, tầng 2 tòa nhà tại Thửa đất số 208, 209 tờ bản đồ số 02, tổ 12, thị trấn Sóc Sơn, huyện Sóc Sơn, thành phố Hà Nội"},{"address":"Một phần tầng 1, khu văn phòng, tòa nhà Tower 1, số 458 phố Minh Khai, phường Vĩnh Tuy, quận Hai Bà Trưng, Hà Nội "},{"address":"Tầng 1,2,3,4 số 409, tổ 52, Phố Kim Ngưu, Phường Vĩnh Tuy, Quận Hai Bà Trưng, Thành phố Hà Nội"},{"address":"Một phần tầng 1, tầng 2 tòa nhà tại lô số 2, cụm công nghiệp Hà Bình Phương, xã Hà Hồi, huyện Thường Tín, Hà Nội"},{"address":"Số 29 Lê Đại Hành, Phường Lê Dại Hành, Quận Hai Bà Trưng, thành phố Hà Nội."},{"address":"Số 641, nhà H5, TT Tân Mai, phường Tân Mai, quận Hoàng Mai, Hà Nội"},{"address":"Tầng 1, tầng 2 nhà B, Tòa nhà HH4 SongDa TwinTower, đường Phạm Hùng, phường Mỹ Đình 1, quận Nam Từ Liêm, thành phố Hà Nội"},{"address":"Một phần tầng 1 tòa nhà NTHome số 109 phố Nhổn, phường Phương Canh, quận Nam Từ Liêm, Hà Nội"},{"address":"Kios số 03, lô đất 1.A.IV KĐTM Mỹ Đình 1, phường Cầu Diễn, quận Nam Từ Liêm, thành phố Hà Nội "},{"address":"Km 21, Quốc Lộ 32, Thị trấn Phùng, Đan Phượng - Hà Nội."},{"address":"Số 135 Chùa Thông, phường Sơn Lộc, thị xã Sơn Tây, Hà Nội"},{"address":"Thửa đất số 253, tờ bản đồ số 04, thôn Vĩnh Phệ, xã Chu Minh, huyện Ba Vì, Tp. Hà Nội."},{"address":"Thửa đất số khu A, thị trấn Đông Anh, huyện Đông Anh, thành phố Hà Nội"},{"address":"Tầng 2, Số 21 Cát Linh, phường Cát Linh, quận Đống Đa, thành phố Hà Nội."},{"address":"Một phần tầng 1, tầng 2 tòa nhà số 18 Lê Văn Lương, Phường Trung Hòa, Quận Cầu Giấy, Thành phố Hà Nội"},{"address":"Thửa đất số 715, tờ bản đồ số 46, tổ dân phố số 7, thị trấn Quang Minh, huyện Mê Linh, thành phố Hà Nội"},{"address":" Một phần diện tích tầng 1 tòa nhà số 6 Trưng Vương, Phường Lê Lợi, Thị xã Sơn Tây, Thành phố Hà Nội"},{"address":"Tầng 1 và tầng 1B của tòa nhà An & Huy tại địa chỉ: thửa đất số GD1-1, GD1-2, GD1-3 cụm công nghiệp Ngọc Hồi, xã Ngọc Hồi, huyện Thanh Trì, Hà Nội "},{"address":"Tầng 1, Tòa nhà Công ty TNHH MTV Phát triển Khu CNC Hòa Lạc, Khu Công nghệ cao Hòa Lạc, Km29, Đại lộ Thăng Long, xã Thạch Hòa, Huyện Thạch Thất, TP Hà Nội."},{"address":"Lô A38-NV16 ô số 11 và ô số 12, Khu đô thị mới hai bên đường Lê Trọng Tấn, Xã An Khánh, Huyện Hoài Đức, Thành phố Hà Nội"},{"address":"Shophouse 01 và 02, Khối đế chung cư cao tầng kết hợp thương mại dịch vụ Sunshine Golden River, lô đất CT02A, Khu đô thị Nam Thăng Long, phường Phú Thượng, quận Tây Hồ, Thành phố Hà Nội"},{"address":"Tầng 1( tầng trệt), tầng 2 tòa nhà Viettel, tổ 8, xã Sủ Ngòi, TP. Hòa Bình, T. Hòa Bình"},{"address":"Tầng 1, tầng 2 và tầng 10 tòa nhà Ngân hàng TMCP Quân Đội – Chi nhánh Hải Phòng, thửa đất số 06, lô 30A, khu đô thị mới Ngã 5 Sân bay Cát Bi, đường Lê Hồng Phong, phường Lạc Viên, quận Ngô Quyền, thành phố Hải Phòng"},{"address":"Số 02B Lạch Tray, quận Ngô Quyền - thành phố Hải Phòng."},{"address":"Tầng 1, tầng 2 Tòa nhà tại thửa đất số 512 lô HK17 Khu dự án đô thị Ven sông Lạch Tray, phường Vĩnh Niệm, quận Lê Chân, thành phố Hải Phòng."},{"address":"Số 206, 216  đường Văn Cao, phường  Đằng Giang - quận Ngô Quyền- thành phố Hải Phòng."},{"address":"Số 01+02/NO 05 Khu đô thị và nhà ở Cựu Viên, Quận Kiến An, Thành phố Hải Phòng"},{"address":"Sồ 341 Đà Nẵng, phường Vạn Mỹ,Quận Ngô Quyền, Thành phố Hải Phòng"},{"address":"Tầng trệt (tầng 1), tầng 3 tòa nhà Tổng công ty xây dựng Bạch Đằng, số 268 đường Trần Nguyên Hãn, phường Niệm Nghĩa, quận Lê Chân, thành phố Hải Phòng "},{"address":"Số 136 Khu phố 3/2 thị trấn Vĩnh Bảo, huyện Vĩnh Bảo, thành phố Hải Phòng"},{"address":"Số 5 đường Trần Hưng Đạo, phường Hoàng Văn Thụ, quận Hồng Bàng, thành phố Hải Phòng"},{"address":"Số 146 Tôn Đức Thắng, quận Lê Chân - thành phố Hải Phòng."},{"address":"TTTM Bắc Mật, Ngã Tư TT Núi Đèo, huyện Thuỷ Nguyên - thành phố Hải Phòng."},{"address":"Nhà số BH01-51, Khu đô thị Xi Măng Hải Phòng (Khu đô thị Vinhomes Imperia Hải Phòng), Đường Bạch Đằng, Phường Thượng Lý, Quận Hồng Bàng, Thành phố Hải Phòng"},{"address":"Số 212 đường Hùng Vương, phường Quán Toan, quận Hồng Bàng, thành phố Hải Phòng"},{"address":"Số 80 Phan Đình Phùng, thành phố  Hà Tĩnh, Tỉnh Hà Tĩnh"},{"address":"Số 135, đường Trần Phú, Tổ dân phố1, phường Nam Hồng, thị xã Hồng Lĩnh, tỉnh Hà Tĩnh"},{"address":"Tầng 1, tầng 2 tòa nhà tại thửa đất số 63, tờ bản đồ số 5, tổ dân phố 2, phường Trần Phú, Thành phố Hà Tĩnh, tỉnh Hà Tĩnh"},{"address":"Tầng 1, tầng 2 số 248 đại lộ Nguyễn Lương Bằng, phường Thanh Bình, thành phố Hải Dương, tỉnh Hải Dương."},{"address":"Số 481 - 483 Lê Thanh Nghị, phường Lê Thanh Nghị, thành phố Hải Dương, tỉnh Hải Dương"},{"address":"Số 6 phố Bà Triệu, KDC Trần Hưng Đạo, phường Sao Đỏ, thành phố Chí Linh, tỉnh Hải Dương"},{"address":"Thưa đất số 226 tờ bản đồ số 05, Phường An Lưu, Thị xã Kinh Môn, Tỉnh Hải Dương"},{"address":"Tầng 1, tầng 5, tòa nhà Viettel Hưng Yên, số 537 đường Nguyễn Văn Linh, Phường  Hiến Nam, thành phố  Hưng Yên, Tỉnh Hưng Yên"},{"address":"Thửa đất số 123, tờ bản đồ số 06,  thị trấn Khoái Châu, huyện Khoái Châu, tỉnh Hưng Yên"},{"address":"Thửa đất số 107, tờ bản đồ số 27, Quốc lộ 5, thị trấn Bần Yên Nhân, huyện Mỹ Hào, tỉnh Hưng Yên"},{"address":"Thửa đất số 453 và 454, tờ bản đồ số 05, Khu Trung tâm thương mại Như Quỳnh, thị trấn Như Quỳnh, huyện Văn Lâm, tỉnh Hưng Yên"},{"address":"Số 09 đường Lê Thánh Tôn, phường Lộc Thọ , thành phố  Nha Trang -tỉnh Khánh Hoà."},{"address":"Lô số 199, Khu dân cư Nam và Bắc đường Phong Châu, phường Phước Hải, thành phố Nha Trang, tỉnh Khánh Hòa"},{"address":"Số 554 đường 2 tháng 4, Phường Vĩnh Phước,  Thành phố Nha Trang, Tỉnh Khánh Hòa"},{"address":"Số 2136-2138 đại lộ Hùng Vương, phường Cam Lộc, TP Cam Ranh Tỉnh Khánh Hòa"},{"address":"Số 151 đường Nguyễn Chí Thanh, Phường Cam Nghĩa, TP Cam Ranh, Tỉnh Khánh Hòa"},{"address":"27/21 đường 7B, phường Phước Long, thành phố Nha Trang, tỉnh Khánh Hòa"},{"address":"Số 934 đường Phan Đình Phùng, phường Quyết Thắng, thành phố Kon Tum, tỉnh Kon Tum"},{"address":"Số 24, 26, 28  đường Trần Phú, phường Vĩnh Thanh,thành phố  Rạch Giá, tỉnh Kiên Giang"},{"address":"Thửa đất số 58, tờ bản đồ số 21, khu phố Minh Long, thị trấn Minh Lương, huyện Châu Thành, tỉnh Kiên Giang"},{"address":"Số 249-251 Nguyễn Trung Trực, Khu phố 5, thị trấn Dương Đông, huyện Phú Quốc, tỉnh Kiên Giang."},{"address":"Số 54-56-58 đường Nguyễn Văn Cừ, khu phố 3, thị trấn An Thới, huyện Phú Quốc, tỉnh Kiên Giang "},{"address":"Số 119  đường Hoàng Liên, phường Cốc Lếu, thành phố  Lào Cai- Tỉnh Lào Cai."},{"address":"Ngã 6, tổ 12, phường Kim Tân, thành phố Lào Cai, tỉnh Lào Cai"},{"address":"Số 196 đường Thạch Sơn, tổ 2, phường SaPa, Thị xã Sapa, Tỉnh Lào Cai"},{"address":"Số 88-90 đường Trần Đăng Ninh, phường Hoàng Văn Thụ, thành phố Lạng Sơn, tỉnh Lạng Sơn"},{"address":"Số 26 Phan Đình Phùng, phường 1, thành phố  Đà Lạt, Tỉnh Lâm Đồng"},{"address":"Số 15 đường Phạm Văn Đồng, thị trấn Liên Nghĩa, huyện Đức Trọng, tỉnh Lâm Đồng"},{"address":"Số 750 Hùng Vương, thị trấn Đinh Văn, huyện Lâm Hà, tỉnh Lâm Đồng."},{"address":"Số 294 đường Trần Phú, phường 1, thành phố Bảo Lộc, tỉnh Lâm Đồng"},{"address":"Số 725 đường Hùng Vương, Thị trấn Di Linh, Huyện Di Linh, Tỉnh Lâm Đồng "},{"address":"Số 122 - 124 đường Hùng Vương, phường 6, thành phố Tân An, tỉnh Long An "},{"address":"789E, tổ 5, ấp 5, xã Đức Hòa Đông, huyện Đức Hòa, tỉnh Long An"},{"address":"Số 239 Nguyễn Hữu Thọ, khu phố 2, thị trấn Bến Lức, huyện Bến Lức, tỉnh Long An"},{"address":"Số 571-573 Quốc lộ 50, khu phố 2, thị trấn Cần Giuộc, huyện Cần Giuộc, tỉnh Long An"},{"address":"Tầng 1, 3 tòa nhà số 848 đường Trần Hưng Đạo, phường Tân Thành, thành phố Ninh Bình, tỉnh Ninh Bình"},{"address":"Số nhà 146, đường Đồng Giao, phường Bắc Sơn, thành phố Tam Điệp, tỉnh Ninh Bình"},{"address":"Số 307 - 309 - 311 đường Nguyễn Công Trứ, phường Bích Đào, thành phố Ninh Bình, tỉnh Ninh Bình"},{"address":"Thửa đất số 2621 và thửa đất 2613 tờ bản đồ số 381E, Xã Gia Trấn, Huyện Gia Viễn, Tỉnh Ninh Bình "},{"address":"Số 2 đường Nguyễn Thị Minh Khai, thành phố  Vinh,tỉnh  Nghệ An"},{"address":"Khối 3, Thị Trấn Diễn Châu, Huyện Diễn Châu, Tỉnh Nghệ An"},{"address":"Số 191 đường  Lê Duẩn, khối 7, phường Trung Đô, thành phố  Vinh - tỉnh Nghệ An."},{"address":"Tòa nhà Viettel, đường Lê Nin, phường Hà Huy Tập, thành phố  Vinh, tỉnh Nghệ An"},{"address":"Số 398 đường Thống Nhất, phường Mỹ Hương, thành phố Phan Rang - Tháp Chàm, tỉnh Ninh Thuận"},{"address":"Một phần tầng 1, tầng 3, tòa nhà đa năng số 625 đường Trần Hưng Đạo, Phường Lộc Vượng, Thành phố Nam Định, Tỉnh Nam Định"},{"address":"Tổ dân phố số 1, thị trấn Yên Định, huyện Hải Hậu, tỉnh Nam Định"},{"address":"Thửa đất số ô M58 – mặt bằng QH chi tiết cụm CN Làng Nghề TMDV Phía nam TT Lâm, Huyện Ý Yên, Tỉnh Nam Định."},{"address":"Số 06 đường Trần Hưng Đạo, thị trấn Liễu Đề, huyện Nghĩa Hưng, tỉnh Nam Định"},{"address":"Một phần tầng 1 và 2 trung tâm thương mại, dịch vụ Đại Nam Plaza, đường Lê Hoàn, phường Hai Bà Trưng, thành phố Phủ Lý, tỉnh Hà Nam"},{"address":"Thửa đất số 02 tờ bản đồ PL số 07, khu tập thể xí nghiệp Giống cây trồng Trung Ương, Phường Đồng Văn, Thị xã Duy Tiên, Tỉnh Hà Nam"},{"address":"Số 99A - 101 đường Hùng Vương, phường 6, thành phố Tuy Hòa, tỉnh Phú Yên"},{"address":"Số 319 đường Phạm Văn Đồng, khu phố Long Hải Nam, phường Xuân Phú, thị xã Sông Cầu, tỉnh Phú Yên "},{"address":"Số 1596  đường Hùng Vương, Phường Gia Cẩm, Thành phố  Việt Trì, Tỉnh Phú Thọ"},{"address":"Số 63,  Khu 16, xã Phú Hộ, thị xã Phú Thọ - tỉnh Phú Thọ."},{"address":"Số 779 Đại Lộ Hùng Vương, phường Bến Gót, thành phố  Việt Trì - tỉnh Phú Thọ."},{"address":"Trạm khách T44, quân Khu II, khu 1, phường Vân Phú, thành phố Việt Trì, tỉnh Phú Thọ"},{"address":"Một phần tầng 1, Số nhà  179, khu 5, thị trấn Hùng Sơn, huyện Lâm Thao, tỉnh Phú Thọ"},{"address":"Số 156 đường Lê Thánh Tông , Phường Bạch Đằng, thành phố  Hạ Long, Tỉnh Quảng Ninh"},{"address":"Số 705 (thửa đất số 7, 8, 9 tờ bản đồ số 22), tổ 2, khu Tân Lập 6, phường Cẩm Phả, thành phố Cẩm Phả, tỉnh Quảng Ninh"},{"address":"Số 277, đường Quang Trung, Tổ 24 A, khu 7, Phường Quang Trung, Thành phố Uông Bí, Tỉnh Quảng Ninh"},{"address":"Số 328, tổ 1B, khu 6A, phường Hồng Hải, thành phố Hạ Long, tỉnh Quảng Ninh."},{"address":"Số 196 Ngã 4, khu  Hoàng Hoa Thám, thị trấn Mạo Khê, huyện  Đông Triều- tỉnh Quảng Ninh."},{"address":"Số nhà 489, đường Hạ Long, tổ 8, khu 9A, phường Bãi Cháy, TP.Hạ Long, tỉnh Quảng Ninh"},{"address":"Số 2 đường Hùng Vương, phường Hòa Lạc, thành phố  Móng Cái- tỉnh  Quảng Ninh."},{"address":"Số nhà 404 –  406, Tổ 1, khu 7, Thị trấn Cái Rồng, Huyện Vân Đồn, Tỉnh Quảng Ninh"},{"address":"Số 18 đường Quang Trung, phường Đông Hải, thành phố Đồng Hới, tỉnh Quảng Bình"},{"address":"Số 134, quốc lộ 9, phường 1, thành phố  Đông Hà,Tỉnh Quảng Trị"},{"address":"Số 144 Lê Duẩn , Thị trấn Khe Sanh, H. Hướng Hóa, Tỉnh Quảng Trị"},{"address":"Nhà khách T50, Số 168 đường Hùng Vương, thành phố Quảng Ngãi, tỉnh Quảng Ngãi"},{"address":"Số 24 Quang Trung, phường Lê Hồng Phong, thành phố Quảng Ngãi, tỉnh Quảng Ngãi"},{"address":"Số 448 Phạm Văn Đồng, Tổ dân phố 4, Thị trấn Châu Ổ, Huyện Bình Sơn, Tỉnh Quảng Ngãi"},{"address":"Thôn Thạch Trụ Tây, Xã Đức Lân, Huyện Mộ Đức, Tỉnh Quảng Ngãi"},{"address":"Số 284 Phan Chu Trinh, thành phố Tam Kỳ, tỉnh Quảng Nam"},{"address":"Số 594 Hai Bà Trưng, phường Cẩm Phổ,thành phố  Hội An, tỉnh Quảng Nam"},{"address":"Số 204 Phạm Văn Đồng, khối 2, thị trấn Núi Thành, huyện Núi Thành, tỉnh Quảng Nam"},{"address":"Khu đô thị chợ Nam Phước, khối phố Long Xuyên 2, thị trấn Nam Phước, huyện Duy Xuyên, tỉnh Quảng Nam"},{"address":"Tầng 1 ( tầng trệt) tòa nhà Viettel, số 1 Chu Văn Thịnh, P.Tô hiệu, TP Sơn La, T. Sơn La"},{"address":"Số 4 đường Lê Thanh Nghị, thị trấn Nông Trường, huyện Mộc Châu, tỉnh Sơn La."},{"address":"Số 26 Lê Duẩn, khóm 7, phường 3, thành phố Sóc Trăng, tỉnh Sóc Trăng"},{"address":"Số 18B đường Cộng Hòa, phường 4, quận Tân Bình, thành phố Hồ Chí Minh"},{"address":"Số 318 đường Trường Chinh, Khu phố 6, Phường Tân Hưng Thuận, Quận 12, Thành phố Hồ Chí Minh "},{"address":"08 Hoàng Minh Giám, Phường 9, Phú Nhuận, Thành phố Hồ Chí Minh"},{"address":"Số 229 đường Tân Hương, phường Tân Quý, quận Tân Phú, thành phố Hồ Chí Minh"},{"address":"102-104-106 Bàu Cát, phường 14, quận Tân Bình, thành phố Hồ Chí Minh"},{"address":"Một phần tầng trệt và tầng 4, số 07 đường Nguyễn Thị Minh Khai, Phường Bến Nghé, Quận 1, Thành phố Hồ Chí Minh "},{"address":"Số  112-114-116-118  Hai  Bà  Trưng, phường Đa Kao, quận 1, thành phố Hồ Chí Minh"},{"address":"Số 414C – 414D Nguyễn Thị Minh Khai, Phường 5, Quận 3, Thành phố Hồ Chí Minh "},{"address":"Số 835 – 837 đường Lũy Bán Bích, phường Tân Thành, quận Tân Phú, thành phố Hồ Chí Minh"},{"address":"Một phần diện tich tầng 1 và toàn bộ tầng 2 tòa nhà  Số 161, 163 đường Trần Quốc Thảo, phường 9, quận 3, thànhphố  Hồ Chí Minh"},{"address":"431-433 Nguyễn Tri Phương, Phường 08, Quận 10, Thành phố Hồ Chí Minh"},{"address":"Tầng trệt (tầng 1), tầng 2 tòa nhà Beta số 55 Nam Kỳ Khởi Nghĩa, phường Nguyễn Thái Bình, quận 1, thành phố Hồ Chí Minh"},{"address":"Tầng trệt, tầng lửng, tầng 1 số 86 – 88 Lê Văn Duyệt, Phường 1, Quận Bình Thạnh, Thành phố Hồ Chí Minh "},{"address":"192  đường Trần Quang Khải, phường Tân Định, quận 1, thành phố  Hồ Chí Minh"},{"address":"Số 192, 194 đường Khánh Hội, phường 6, quận  4, thành phố Hồ Chí Minh"},{"address":"Số 488 - 490 đường Cách mạng Tháng Tám phường 11, quận 3, thành phố Hồ Chí Minh"},{"address":"Số 569 Nguyễn Đình Chiểu, phường 2, quận 3, thành phố  Hồ Chí Minh"},{"address":"Tầng 1. tầng 2 tòa nhà 198A đường 3/2, P.12, Quận 10, TP HCM"},{"address":"Tầng trệt, tầng 1 và tầng 2 số 353 – 355 đường An Dương Vương, phường 3, quận 5, thành phố Hồ Chí Minh."},{"address":"Số 10 – 12 đường Hậu Giang, Phường 2, Quận 6, Thành phố Hồ Chí Minh"},{"address":"Số 849 đường Tạ Quang Bửu, Phường 5, Quận 8, Thành phố Hồ Chí Minh "},{"address":"Số 357A, 357C Lê Đại Hành,  P. 11, Q.  11- HCM."},{"address":"Số 435, 437, 439, 441 đường số 7, Phường Bình Trị Đông B, Quận Bình Tân, Thành phố Hồ Chí Minh"},{"address":"Chung cư An Phú, KĐTM An Phú,  An Khánh, Nguyễn Quý Đức, An Phú,  Q.2- HCM."},{"address":"Số 282 Võ Văn Ngân,  Bình Thọ, Thủ Đức- HCM."},{"address":"Tầng 1 (tầng trệt), tầng 2, số 25B Lê Văn Việt, phường Hiệp Phú, quận 9, thành phố Hồ Chí Minh"},{"address":"Một phần tầng 1 - Số 12 Quốc Hương, phường Thảo Điền, thành phố Thủ Đức, thành phố Hồ Chí Minh"},{"address":"Số 3 Nguyễn Oanh, Q. Gò Vấp- HCM."},{"address":"Số 170 C Quang Trung, P.10, Q. Gò Vấp- HCM."},{"address":" Số 327-329 Tô Hiến Thành, P. 13, Q. 10 - HCM."},{"address":"Số 312 đường Nguyễn Ảnh Thủ, khu phố 3, phường Hiệp Thành, quận 12, thành phố Hồ Chí Minh"},{"address":"Số 3 Hoàng Hoa Thám, phường 6, quận Bình Thạnh, thành phố Hồ Chí Minh."},{"address":"Tầng 1, tầng lửng và tầng 2 số 310 đường Lê Quang Định, phường 11, quận Bình Thạnh, thành phố Hồ Chí Minh."},{"address":"Số 67, Lê Văn Sỹ, P. 13, Q. Phú Nhuận -HCM"},{"address":"150-150A Đường Nguyễn Gia Trí (D2 cũ) , P25, Quận Bình Thạnh, TP HCM"},{"address":"Tầng 1( tầng trệt), tầng 2 Tòa Nhà Sunny ToWer, Số 259 Trần Hưng Đạo, P. Cô Giang, Q1, TP Hồ Chí Minh"},{"address":" Tầng trệt – Tòa nhà M-Building: Số 09, đường số 8, Khu A, Đô thị mới Nam thành phố, Phường Tân Phú, Quận 7, Thành phố Hồ Chí Minh "},{"address":"Tầng trệt, tầng lửng, tầng 1 , tầng 2 và tầng 3 tòa nhà số 300, 300A, 300B đường  Huỳnh Tấn Phát, phường Tân Thuận Tây, quận 7, thành phố  Hồ Chí Minh"},{"address":"Một phần tầng trệt tòa nhà Prince Residence, Số 19-21 đường Nguyễn Văn Trỗi, Phường 12, Quận Phú Nhuận, Thành phố Hồ Chí Minh"},{"address":"Số 207 – 209 đường số 9A, khu dân cư Trung Sơn, ấp 4, xã Bình Hưng, huyện Bình Chánh, thành phố Hồ Chí Minh"},{"address":"Số 246 đường Tô Ký, ấp Tam Đông 1, xã Thới Tam Thôn, huyện Hóc Môn, thành phố Hồ Chí Minh"},{"address":"Số 10/2A Đường Nguyễn Ảnh Thủ, Ấp Hưng Lân, Xã Bà Điểm, Huyện Hóc Môn, thành phố Hồ Chí Minh"},{"address":"Số 131, tỉnh lộ 8, khu phố 7, thị trấn Củ Chi, huyện Củ Chi, thành phố Hồ Chí Minh"},{"address":"Số 27/2B đường Lý Thường Kiệt, thị trấn Hóc Môn, huyện Hóc Môn, thành phố Hồ Chí Minh"},{"address":"Số 470 Nguyễn Văn Tạo, ấp 2, xã Long Thới, huyện Nhà Bè, thành phố Hồ Chí Minh"},{"address":"Số 139 đường Nguyễn Hữu Trí, Khu phố 5, thị trấn Tân Túc, huyện Bình Chánh, thành phố Hồ Chí Minh"},{"address":"Shophouse 88 - 90 - 92, The Park Residence - Phân khu 12 đường Nguyễn Hữu Thọ, xã Phước Kiển, huyện Nhà Bè, thành phố Hồ Chí Minh"},{"address":"Số B3/16 - B3/17, quốc lộ 1A, ấp 2 Xã Tân Kiên, Huyện Bình Chánh, TP HCM"},{"address":"Tầng trệt, tầng 1 tầng 2 số 327-329 Tô Hiến Thành, phường 13, quận 10, thành phố Hồ Chí Minh."},{"address":"Số 495 đường Quốc Lộ 50, ấp 1, xã Bình Hưng, huyện Bình Chánh, TP. Hồ Chí Minh"},{"address":"Số 181 đường Tỉnh Lộ 15, ấp 1A, xã Tân Thạnh Tây, huyện Củ Chi, TP. Hồ Chí Minh"},{"address":"Số D3/11A đường Nguyễn Thị Tú, ấp 4, xã Vĩnh Lộc B, huyện Bình Chánh, TP. Hồ Chí Minh"},{"address":"Số 2049 Huỳnh Tấn Phát, khu phố 6, thị trấn Nhà Bè, huyện Nhà Bè, TP. Hồ Chí Minh"},{"address":"Số 155, đường Bình Thuận, tổ 19, phường Tân Quang, thành phố Tuyên Quang, tỉnh Tuyên Quang"},{"address":"Tầng 1 ( tầng trệt) tòa nhà  Viettel Thái Bình,số 431 phố Trần Hưng Đạo, P. Trần Hưng Đạo, TP. Thái Bình, Tỉnh Thái Bình"},{"address":"Số 266 đường Long Hưng, tổ dân phố Thị Độc, thị trấn Hưng Hà, huyện Hưng Hà, tỉnh Thái Bìnhng Hà, tỉnh Thái Bình (Thửa đất số 438, tờ bản đồ số 22, số vào sổ cấp GCN: CS00910)"},{"address":"Khu 6, thị trấn Diêm Điền, huyện Thái Thụy, tỉnh thái Bình"},{"address":"Khu 6, thị trấn Diêm Điền, huyện Thái Thụy, tỉnh thái Bình"},{"address":"Số 54+56+60 Trần Phú, phường  Điện Biên, thành phố  Thanh Hóa, tỉnh Thanh Hóa"},{"address":"Số 15 - Khu nhà ở TM - đường Phan Chu Trinh, phường  Điện Biên, thành phố Thanh Hóa, Thanh Hoá"},{"address":"Số nhà 96-98 đường Đào Duy Từ,  tiểu khu 5, thị trấn Tĩnh Gia, huyện Tĩnh Gia, tỉnh Thanh Hóa"},{"address":"Tiểu khu 6, Thị trấn Lam Sơn,huyện Thọ Xuân, Tỉnh Thanh Hóa"},{"address":"Số nhà 100 đường Đào Duy Từ, tiểu khu 5, phường Hải Hòa, thị xã Nghi Sơn, tỉnh Thanh Hóa"},{"address":"Một phần tầng 1,2,3, Tòa nhà số 07 Nguyễn Tri Phương, phường Phú Hội, thành phố Huế, tỉnh Thừa Thiên Huế"},{"address":"Số 109 Phạm Văn Đồng, phường Vĩ Dạ, thành phố  Huế- Tỉnh Thừa Thiên Huế."},{"address":"Số 1068 đường Nguyễn Tất Thành, phường Phú Bài, thị xã Hương Thủy, tỉnh Thừa Thiên Huế"},{"address":"Số 11 Lý Thường Kiệt, phường Phú Nhuận, thành phố Huế, tỉnh Thừa Thiên Huế"},{"address":"Số 225 Đường 30/4, Khu phố 1, Phường 1, Thành phố Tây Ninh, Tỉnh Tây Ninh "},{"address":"Số 45 đường Nguyễn Văn Linh, khu phố 3, thị trấn Tân Biên, huyện Tân Biên, tỉnh Tây Ninh"},{"address":"Số 95 Trần Văn Trà, khu phố 2, thị trấn Tân Châu, huyện Tân Châu, tỉnh Tây Ninh"},{"address":"Số 195 đường Xuyên Á, Khu phố Nội Ô B, thị trấn Gò Dầu, huyện Gò Dầu, tỉnh Tây Ninh"},{"address":"Số 116 đường Nam Kỳ Khởi Nghĩa, phường 1, thành phố Mỹ Tho, tỉnh Tiền Giang"},{"address":"Tầng trệt, tầng 2 tòa nhà công ty Cổ phần Dược phẩm CALAPHARCO, Quốc lộ 1, phường 4, thị xã Cai Lậy, tỉnh Tiền Giang."},{"address":"Thửa đất số 2100 và 2101, tờ bản đồ số 11, Khu phố 3, phường 2, thành phố Gò Công, tỉnh Tiền Giang"},{"address":"Số TRV-PG2-05, TRV-PG2-05A, TRV-PG2-06, khóm 3, phường 2, thành phố Trà Vinh, tỉnh Trà Vinh."},{"address":"Tổ 2, phường Hương Sơn, thành phố Thái Nguyên, tỉnh Thái Nguyên"},{"address":"Tầng 1, Công trình Chợ Thái, phường Trưng Vương, thành phố  Thái Nguyên- tỉnh Thái Nguyên."},{"address":"Tổ dân phố 2, phường Ba Hàng, thị xã Phổ Yên, Tỉnh Thái Nguyên"},{"address":"Tầng 1, tầng 2 tòa nhà số 679 đường Lương Ngọc Quyến, tổ 22, phường Phan Đình Phùng, thành phố Thái Nguyên, tỉnh Thái Nguyên"},{"address":"Số 86 - 88 đường Bạch Đằng, phường Phước Trung, thành phố Bà Rịa, tỉnh Bà Rịa – Vũng Tàu"},{"address":"Số 81 Nguyễn Thái Học, phường 7, thành phố Vũng Tàu, tỉnh Bà Rịa - Vũng Tàu"},{"address":"Thửa đất 250, tờ bản đồ số 102, thị trấn Ngãi Giao, huyện Châu Đức, Tỉnh Bà Rịa -Vũng Tàu"},{"address":"Số 478 đường 30/4, phường Rạch Dừa, thành phố  Vũng Tàu, Tỉnh Bà Rịa -Vũng Tàu."},{"address":"Số 280, 282 đường Độc Lập, phường Phú Mỹ, tỉnh Bà Rịa Vũng Tàu"},{"address":"Số 48, Tổ 6, Ấp Lò Vôi, Xã Phước Hưng, Huyện Long Điền, Tỉnh Bà Rịa – Vũng Tàu "},{"address":"Số 1D - 1E đường Hoàng Thái Hiếu, phường 1, thành phố Vĩnh Long, tỉnh Vĩnh Long"},{"address":"Số 79A - 79B, đường Nguyễn Văn Thảnh, tổ 6, Khóm 2, phường Cái Vồn, thị xã Bình Minh, tỉnh Vĩnh Long"},{"address":"Một phần tầng 1,tòa nhà  viettel Vĩnh phúc ,  KĐT chùa Hà Tiên, thành phố Vĩnh Yên- tỉnh Vĩnh Phúc."},{"address":"Số 65, đường Trần Hưng Đạo, phường Hùng Vương, thành phố Phúc Yên, tỉnh Vĩnh Phúc "},{"address":"Một phần tầng 1 tòa nhà Kết Hiền, số 211 đường Dương Tĩnh, Thị trấn Yên Lạc, huyện Yên Lạc, tỉnh Vĩnh Phúc"},{"address":"Số 02, đường Đinh Tiên Hoàng, tổ 8, phường  Đồng  Tâm,  thành  phố  Yên Bái, tỉnh Yên Bái"}]