[{"address":"319 phố Hồng Tiến, chung cư HC Golden, phường Bồ Đề, quận Long Biên, TP Hà Nội"},{"address":"Tòa nhà The Golden Armor, B6 Giảng Võ, quận Ba Đình, thành phố Hà Nội"},{"address":"Tầng 1 và tầng 3 tòa nhà VIREX số 33 Bà Triệu, phường Hàng Bài, quận Hoàn Kiếm, thanh phố Hà Nội."},{"address":"Căn Shophouse SH-15, Tòa nhà Century Tower, số 458 đường Minh Khai, phường Vĩnh Tuy, quận Hai Bà Trưng, thành phố Hà Nội"},{"address":"165 phố Bà Triệu, phường Lê Đại Hành, quận Hai Bà Trưng, thành phố Hà Nội"},{"address":"Tầng 1+2 số 536 phố Trần Khát Chân, phường Phố Huế, quận Hai Bà Trưng, thành Phố Hà Nội."},{"address":"102-104 phố Lạc Trung, phường Vĩnh Tuy, quận Hai Bà Trưng, thành phố Hà Nội."},{"address":"Tầng 1 và tầng lửng, số 166 Phố Huế, phường Ngô Thị Nhậm, quận Hai Bà Trưng, thành phố Hà Nội."},{"address":"57 Quang Trung, phường Nguyễn Du, quân Hai Bà Trưng, thành phố Hà Nội."},{"address":"Số 39 phố Phan Chu Trinh, phường Phan Chu Trinh, quận Hoàn Kiếm, thành phố Hà Nội."},{"address":"Số 116 Vũ Trọng Phụng, phường Thanh Xuân Trung, quận Thanh Xuân, thành phố Hà Nội."},{"address":"Số 49 phố Kim Đồng, phường Giáp Bát, quận Hoàng Mai, thành phố Hà Nội."},{"address":"Tầng 1 và tầng 2, nhà số 70 phố  Vương Thừa Vũ, phường Khương Trung, quận Thanh Xuân, thành phố Hà Nội."},{"address":"Nhà ô số 3, Dãy A, Lô 5, Khu đô thị mới Định Công, phường Định Công, quận Hoàng Mai, thành phố Hà Nội."},{"address":"Lô TT6 dãy M3-Ô số 9A Bắc Linh Đàm, phường Đại Kim, quận Hoàng Mai, thành phố Hà Nội."},{"address":"Số 68 Đường Hồ Điều Hòa, Đền Lừ 2, phường Hoàng Văn Thụ, quận Hoàng Mai, thành phố Hà Nội (Địa chỉ giấy tờ: Số 12 lô C, dự án Khu nhà ở Ao Ông Hải, Hoàng Mai, Hà Nội)"},{"address":"Số 262 phố Vọng, phường Phương Liệt, quận Thanh Xuân, thành phố Hà Nội"},{"address":"Ki-ốt số 02, tầng 1, chung cư nhà Nơ 6A, khu bán đảo Linh Đàm, quận Hoàng Mai, thành phố Hà Nội."},{"address":"Số 71 Hai Bà Trưng, phường Cửa Nam, quận Hoàn Kiếm, thành phố Hà Nội."},{"address":"Số 101 Văn Cao, phường Liễu Giai, quận Ba Đình, thành phố Hà Nội."},{"address":"Toàn bộ diện tích tầng 1, tầng 2 của ngôi nhà 7 tầng tại số nhà 561 Kim Mã, phường Ngọc Khánh, quận Ba Đình, thành phố Hà Nội."},{"address":"Một phần diện tích tầng 1, 249A đường Thụy Khuê, phường Thụy Khuê, quận Tây Hồ, thành phố Hà Nội"},{"address":"Toàn bộ diện tích tầng lửng của ngôi nhà tại địa chỉ số 557, 559A đường Hoàng Hoa Thám, phường Vĩnh Phúc, quận Ba Đình, thành phố Hà Nội."},{"address":"Số 48 Phùng Hưng, phường Hàng Bông, quận Hoàn Kiếm, thành phố Hà Nội"},{"address":"Toàn bộ diện tích tầng 1 và tầng 2 của ngôi nhà 7 tầng tại địa chỉ số 06 Hàng Trống, phường Hàng Trống, quận Hoàn Kiếm, thành phố Hà Nội. "},{"address":"Số 06, tòa nhà N03-T3, khu đoàn ngoại giao, phường Xuân Tảo, quận Bắc Từ Liêm, thành phố Hà Nội"},{"address":"Tầng 1, số nhà 48 Nguyễn Thiếp, phường Đồng Xuân, quận Hoàn Kiếm, thành phố Hà Nội."},{"address":"Số 30 phố Đường Thành, phường Cửa Đông, quận Hoàn Kiếm, thành phố Hà Nội."},{"address":"Tầng 1+2, số 16 Nguyễn Trường Tộ, phường Nguyễn Trung Trực, quận Ba Đình, thành phố Hà Nội."},{"address":"Số 10 Hàng Vôi, phường Lý Thái Tổ, quận Hoàn Kiếm, thành phố Hà Nội"},{"address":"Tầng 1, số 35 Hàng Chiếu, phường Đồng Xuân, quận Hoàn Kiếm, thành phố Hà Nội"},{"address":"Số 47A Huỳnh Thúc Kháng, phường Láng Hạ, quận Đống Đa, thành phố Hà Nội"},{"address":"Kios số 3 và 4, tầng 1, tòa nhà B4 Kim Liên, phường Kim Liên, quận Đống Đa, thành phố Hà Nội"},{"address":"Số 83 phố Hào Nam, phường Ô Chợ Dừa, quận Đống Đa, thành phố Hà Nội"},{"address":"Số 07, đường Chùa Bộc, phường Quang Trung, quận Đống Đa, thành phố Hà Nội."},{"address":"Tầng 1, tòa tháp A, tòa nhà Sky Tower, 88 Láng Hạ, quận Đống Đa, thành phố Hà Nội"},{"address":"Thửa CUTM6-15/16/17 Dự án làng nghề dệt lụa Vạn Phúc, phường Vạn Phúc, quận Hà Đông, TP Hà Nội"},{"address":"Số 65 phố Hoàng Cầu, phường Ô Chợ Dừa, quận Đống Đa, thành phố Hà Nội"},{"address":"Số 95 Nguyễn Chí Thanh, phường Láng Thượng, quận Đống Đa, thành phố Hà Nội."},{"address":"Số 54A đường Nguyễn Chí Thanh, phường Láng Thượng, quận Đống Đa, thành phố Hà Nội."},{"address":"Số 110 Thái Thịnh, phường Trung Liệt, quận Đống Đa, thành phố Hà Nội."},{"address":"Tầng 1, Tòa nhà A, Nguyễn Tuân, quận Thanh Xuân, thành phố Hà Nội."},{"address":"Số 47 Nguyễn Tuân, phường Thanh Xuân Trung, quận Thanh Xuân, thành phố Hà Nội"},{"address":"Số 70 Vũ Phạm Hàm, phường Yên Hòa, quận Cầu Giấy, thành phố Hà Nội."},{"address":"Một phần mặt bằng tại tầng 1, tòa nhà Machinco – số 10 Trần Phú, phường Mộ Lao, quận Hà Đông, TP Hà Nội"},{"address":"Số 6, biệt thự 8, khu đô thị mới Xa La, phường Phúc La, quận Hà Đông, thành phố Hà Nội"},{"address":"Địa chỉ theo hợp đồng: Khối Trần Phú 1, phường Văn Quán, Hà Đông, Hà Nội (Số 60 đường Nguyễn Khuyến, phường Văn Quán, quận Hà Đông, thành phố Hà Nội)"},{"address":"Căn hộ số 102 nhà CT2, khu nhà ở Văn Khê, quận Hà Đông, thành phố Hà Nội"},{"address":"Một phần mặt bằng tầng hầm và toàn bộ mặt bằng tầng 1,2,3 tòa nhà 108 Lê Trọng Tấn, phường Khương Mai, quận Thanh Xuân, thành phố Hà Nội."},{"address":"Ki ốt số SH24, SH25, tầng 1+2, khu hỗn hợp dich vụ kết hợp chung cư cao tầng H-CT2 thuộc dự án đầu tư xây dựng khu nhà ở Hi Brand tại địa chỉ: Khu đô thị mới Văn Phú, phường Phú La, quận Hà Đông, thành phố Hà Nội"},{"address":"Một phần tầng 1, Số 23 đường Lê Văn Lương, tòa nhà StarCity, phường Nhân Chính, quận Thanh Xuân, thành phố Hà Nội."},{"address":"Tầng 1 và tầng 5 số 87 phố Trần Thái Tông, phường Dịch Vọng, quận Cầu Giấy, thành phố Hà Nội."},{"address":"Tầng 1&2 của ngôi nhà tại tổ 27 cụm 4 phường Xuân La, quận Tây Hồ, thành phố Hà Nội (cũ Số 668, đường Lạc Long Quân, phường Nhật Tân, Tây Hồ, HN)"},{"address":"R4B - Goldmark City,136 Hồ Tùng Mậu, phường Phú Diễn, quận Bắc Từ Liêm, thành phố Hà Nội"},{"address":"Tổ 34 cụm 5 phường Xuân La, Xuân Đỉnh, Tây Hồ, HN (Số 38 Xuân La, quận Tây Hồ)"},{"address":"Số 43 đường Nguyễn Văn Huyên, tổ 22, phường Quan Hoa, quận Cầu Giấy, thành phố Hà Nội (Cũ Số 253 Cầu Giấy, phường Dịch Vọng, Cầu Giấy, HN)"},{"address":"Phòng 101-201, B1 DN14, khu đất số 2,khu đô thị Nghĩa Đô-Dịch Vọng, phường Quan Hoa, Cầu Giấy, HN"},{"address":"Số 119 Phan Văn Trường, P. Dịch Vọng Hậu, quận Cầu Giấy, HN"},{"address":"căn B1-01 Vinhomes Gardenia, phường Hàm Nghi, quận Nam Từ Liêm, thành phố Hà Nội"},{"address":"Kiot số 5, chung cư CT4, Mỹ Đình, quận Nam Từ Liêm, thành phố Hà Nội."},{"address":"Một phần tầng 1 và tầng 4 của tòa nhà Thương mại tại địa chỉ số 6 Trưng Vương, phường Lê Lợi, thị xã Sơn Tây, thành phố Hà Nội."},{"address":"Số 36C đường Hoàng Quốc Việt, phường Nghĩa Đô, quận Cầu Giấy, thành phố Hà Nội"},{"address":"Số 550 đường Nguyễn Văn Cừ, phường Gia Thụy, quận Long Biên, thành phố Hà Nội."},{"address":"Số 79 Ngô Gia Tự, phường Đức Giang, quận Long Biên, thành phố Hà Nội"},{"address":"Số 407+409 Hà Huy Tập, thị trấn Yên Viên, huyện Gia Lâm, thành phố Hà Nội"},{"address":"Căn hộ 106&108, nhà K11, khu đô thị mới Việt Hưng, phường Giang Biên, quận Long Biên, thành phố Hà Nội."},{"address":"Số 1A phố Chợ Phù Lỗ, xã Phù Lỗ, huyện Sóc Sơn, thành phố Hà Nội. "},{"address":"Thôn 7, xã Ninh Hiệp, huyện Gia Lâm, thành phố Hà Nội"},{"address":"Vị trí số 1-W05K5-1, nhà Ga T2 Cảng Hàng không quốc tế Nội Bài, xã Phú Cường, huyện Sóc Sơn, thành phố Hà Nội."},{"address":"Số 167 Ngọc Lâm,phường Ngọc Lâm, quận Long Biên, thành phố Hà Nội\n(cũ là 170 Trần Duy Hưng, Q Cầu Giấy, HN )"},{"address":"Tổ 6, thị trấn Đông Anh, huyện Đông Anh, thành phố Hà Nội."},{"address":"Số 124 đường Nguyễn Thiện Thuật, phường Bần Yên Nhân, thị xã Mỹ Hào, tỉnh Hưng Yên"},{"address":"B11-B13 lô B (TT Thương mại) đường Nội Bộ, tổ 1, phường 03, thành phố Bạc Liêu, tỉnh Bạc Liêu"},{"address":"Tầng 1, Tòa nhà TNR, số 180-192 Nguyễn Công Trứ, quận 1, thành phố Hồ Chí Minh"},{"address":"Căn A6, A7, A8 Khu A, Dự án Saigon Villas Hill, số 99 đường Lê Văn Việt, phường Tăng Nhơn Phú A, TP.Thủ Đức, TP.Hồ Chí Minh"},{"address":"Số 166 Khánh Hội, phường 6, quận 4, thành phố Hồ Chí Minh."},{"address":"Gian hàng số L1-23-24-25, Tầng 1, Khu trung tâm thương mại Pearl Center, Tòa nhà Thảo Điền Pearl, số 12 đường Quốc Hương, Phường Thảo Điền, Thành phố Thủ Đức, Thành phố Hồ Chí Minh"},{"address":"Một phần diện tích phía trước tầng trệt, lầu 1 căn nhà tại địa chỉ 176 D1, phường 25, quận Bình Thạnh, thành phố Hồ Chí Minh."},{"address":"Số 330 Nguyễn Thị Thập, khu phố 1, phường Tân Quy, quận 7, thành phố Hồ Chí Minh"},{"address":"Một phần diện tích phía trước tầng trệt tòa nhà Bitexco Nam Long Office Building, số 63A đường Võ Văn Tần, phường 6, quận 3, thành phố Hồ Chí Minh."},{"address":"Số 1028 Nguyễn Văn Linh (khu Sky Garden 1-R1-1), khu phố 3 phường Tân Phong, quận 7, thành phố Hồ Chí Minh."},{"address":"Số 153 Đặng Văn Bi, KP5, phường Trường Thọ, thành phố Thủ Đức, thành phố Hồ Chí Minh"},{"address":"Số 194 Xô Viết Nghệ Tĩnh, phường 21, quận Bình Thạnh, thành phố Hồ Chí Minh "},{"address":"Số 305 Nguyễn Sơn, phường Phú Thạnh, quận Tân Phú, thành phố Hồ Chí Minh."},{"address":"Tầng 1 - 3, Tòa nhà Văn phòng 3 Bees Tower, số 281 Nguyễn Văn Trỗi, phường 10, quận Phú Nhuận, thành phố Hồ Chí Minh"},{"address":"Số 267 Quang Trung, phường 10, quận Gò Vấp, thành phố Hồ Chí Minh"},{"address":"Số 70-72 đường Bàu Cát, phường 14, quận Tân Bình, Thành phố Hồ Chí Minh"},{"address":"Số 440 - 442 đường Lạc Long Quân, phường 5, quận 11, TP HCM"},{"address":"Khu A, Tòa nhà Waseco, số 10 đường Phổ Quang, phường 2, quận Tân Bình, thành phố Hồ Chí Minh"},{"address":"Số 101 Đường Trần Quốc Hoàn, phường 4, quận Tân Bình, thành phố Hồ Chí Minh."},{"address":"Toàn bộ diện tích tầng trệt và tầng lửng nhà ở tại địa chỉ số 511 đường Huỳnh Tấn Phát, phường Tân Thuận Đông, quận 7, thành phố Hồ Chí Minh"},{"address":"Toàn bộ nhà ở số 226 Lê Trọng Tấn, phường Tây Thạnh, quận Tân Phú, thành phố Hồ Chí Minh."},{"address":"Số 367-369 Sư Vạn Hạnh, phường 12, quận 10, thành phố Hồ Chí Minh"},{"address":"Số 51 - 53 Nguyễn Thị Nhỏ, phường 2, quận 6, thành phố Hồ Chí Minh."},{"address":"Số 26 đường số 1, khu phố 3, phường Bình Trị Đông B, quận Bình Tân, thành phố Hồ Chí Minh."},{"address":"Một phần tầng 1 và trệt số 357 Nguyễn Tri Phương, phường 5, quận 10, thành phố Hồ Chí Minh."},{"address":"Tầng trệt số 180 đường Lê Lai, Phường Bến Thành, Quận 1, Thành phố Hồ Chí Minh."},{"address":"Một phần căn nhà số 294-294A đường Lãnh Binh Thăng, phường 11, quận 11, thành phố Hồ Chí Minh."},{"address":"457C Lê Đại Hành, phường 11, quận 11, thành phố Hồ Chí Minh"},{"address":"Tòa nhà TTTM TNL Plaza The Gold View, tại số 346 Bến Vân Đồn, phường 1, quận 4, thành phố Hồ Chí Minh"},{"address":"Một phần tầng trệt tòa nhà Cao ốc văn phòng HĐTC số 36 Bùi Thị Xuân, phường Bến Thành, quận 1, thành phố Hồ Chí Minh"},{"address":"Một phần tầng trệt và một phần tầng lửng số 29 Tôn Đức Thắng, phường Bến Nghé, quận 1, thành phố Hồ Chí Minh "},{"address":"Số 49A, đường Phan Đăng Lưu, phường 17, quận Phú Nhuận, thành phố Hồ Chí Minh"},{"address":"Toàn bộ diện tích số 123 đường Đinh Tiên Hoàng, phường 03, quận Bình Thạnh, thành phố Hồ Chí Minh."},{"address":"Số 343A Nguyễn Oanh, phường 17, quận Gò Vấp, thành phố Hồ Chí Minh"},{"address":"Số 518 đường Nguyễn Thị Minh Khai, phường 2, quận 3, thành phố Hồ Chí Minh"},{"address":"Số 169-171 Cách Mạng Tháng Tám, phường 5, quận 3, thành phố Hồ Chí Minh "},{"address":"Số 209-211-213 đường Đinh Bộ Lĩnh, phường 26, quận Bình Thạnh, Thành phố Hồ Chí Minh"},{"address":"Một phần diện tích ngôi nhà tại địa chỉ số 385 và một phần diện tích ngôi nhà tại địa chỉ số 577/X10 Tô Hiến Thành, phường 14, quận 10, thành phố Hồ Chí Minh."},{"address":"Toàn bộ căn nhà số 176 Phạm Văn Hai, phường 3, quận Tân Bình, thành phố Hồ Chí Minh."},{"address":"Số 707 đường Cách Mạng Tháng Tám, phường 6, quận Tân Bình, thành phố Hồ Chí Minh."},{"address":"45 Hiệp Bình, KP6, Phường Hiệp Bình Phước, Thủ Đức, Tp. Hồ Chí Minh"},{"address":"Số 207-209 Trường Chinh, phường Tân Thới Nhất, quận 12, thành phố Hồ Chí Minh "},{"address":"Một phần tầng trệt số 67 Cộng Hòa, phường 4, quận Tân Bình, thành phố Hồ Chí Minh "},{"address":"Số 1314 đường Ba Tháng Hai, phường 2, quận 11, thành phố Hồ Chí Minh"},{"address":"Đường Lê Hồng Phong, phường Quyết Thắng, thành phố Kon Tum, tỉnh Kon Tum"},{"address":"Số 362 Đại lộ Bình Dương, phường Phú Lợi, Thành phố Thủ Dầu Một, tỉnh Bình Dương"},{"address":"Số 313/2 đường Thích Quảng Đức, phường Phú Cường, thành phố Thủ Dầu Một, tỉnh Bình Dương."},{"address":"Ô 22 lô J 56, KTĐC Mỹ Phước 3 phường Thới Hòa, thị xã Bến Cát Tỉnh Bình Dương."},{"address":"Số 541 khu phố Nguyễn Trãi, phường Lái Thiêu, thị xã Thuận An, tỉnh Bình Dương"},{"address":"Số 250 Thống Nhất, khu phố 4, phường Phú Hà, thành phố Phan Rang - Tháp Chàm, tỉnh Ninh Thuận"},{"address":"Số 8 Nguyễn Văn Cừ, phường Trần Phú, thành phố Bắc Giang, tỉnh Bắc Giang"},{"address":"Số 227 phố Thanh Xuân, thị trấn Đồi Ngô, huyện Lục Nam, tỉnh Bắc Giang."},{"address":"Số 276 Trần Phú, phường Đông Ngàn, thị xã Từ Sơn, tỉnh Bắc Ninh."},{"address":"Kios số 31 và 32, Km số 10, quốc lộ 18, thị trấn Phố Mới, huyện Quế Võ, tỉnh Bắc Ninh"},{"address":"Số 72 Mai Xuân Thưởng, phường Lê Hồng Phong, thành phố Quy Nhơn, tỉnh Bình Định."},{"address":"Số 115 Lê Hồng Phong, phường Trần Phú, thành phố Quy Nhơn, tỉnh Bình Định."},{"address":"Số 51-53-55 đường Võ Văn Kiệt, phường Phu Thủy, thành phố Phan Thiết, tỉnh Bình Thuận."},{"address":"số 42-44-46 Nguyễn An Ninh, phường Tân An, quận Ninh Kiều, TP Cần Thơ"},{"address":"Số 304 đường Cách mạng Tháng Tám, phường An Thới, quận Bình Thuỷ,  thành phố Cần Thơ"},{"address":"Số 188A đường 3/2, phường Hưng Lợi, quận Ninh Kiều, thành phố Cần Thơ"},{"address":"Lô B7, Khu Trung tâm Thương mại Thốt Nốt, phường Thốt Nốt, quận Thốt Nốt, thành phố Cần Thơ"},{"address":"Số 89-91 Trần Hưng Đạo, phường An Phú, quận Ninh Kiều, thành phố Cần Thơ."},{"address":"Số 183 đường 26/03, khu vực 3, phường Châu Văn Liêm, quận Ô Môn, thành phố Cần Thơ."},{"address":"Số 12A Hoàng Thái Hiếu, phường 1, thành phố Vĩnh Long, tỉnh Vĩnh Long"},{"address":"Số 15 Hùng Vương, Phường Tự An, TP Buôn Ma Thuột"},{"address":"Số 02 đường Điện Biên Phủ, thành phố Buôn Ma Thuột, tỉnh Đăk Lăk"},{"address":"Số 224 Điện Biên Phủ, quận Thanh Khê, thành phố  Đà Nẵng"},{"address":"Số 331 – 333 đường Nguyễn Hữu Thọ, Phường Hòa Thuận Tây, Quận Hải Châu, TP Đà Nẵng"},{"address":"Số 173A đường Nguyễn Lương Bằng, phường Hòa Khánh Bắc, quận Liên Chiểu, thành phố Đà Nẵng"},{"address":"Số 317 Hoàng Diệu, quận Hải Châu, thành phố Đà Nẵng"},{"address":"Số 105 Ông Ích Khiêm, phường Thanh Bình, quận Hải Châu, thành phố Đà Nẵng"},{"address":"Số 40A Hùng Vương, phường Ia Kring, thành phố Pleiku, tỉnh Gia Lai"},{"address":"Số 3/12 & 3/12A đường Đồng Khởi, phường Tam Hiệp, thành phố Biên Hòa, tỉnh Đồng Nai"},{"address":"Số 100/497 Đường Phạm Văn Thuận, P. Tân Mai, TP. Biên Hòa, Đồng Nai"},{"address":"Số 97/7 Khu phố 5B, phường Tân Biên, thành phố Biên Hòa, tỉnh Đồng Nai."},{"address":"Thửa đất số 193, tờ bản đồ số 45, phường Phú Khương, thành phố Bến Tre, tỉnh Bến Tre"},{"address":"Số 104 Trần Phú, phường Quang Trung, thành phố Phủ Lý, tỉnh Hà Nam "},{"address":"Số 74-76 đường Châu Cầu, phường Lương Khánh Thiện, thành phố Phủ Lý, tỉnh Hà Nam."},{"address":"Tòa nhà viễn thông Hà Tĩnh, Số 06, đường Trần Phú, phường Bắc Hà, thành phố Hà Tĩnh, tĩnh Hà Tĩnh"},{"address":"Lô 69.25, lô 69.26 khu đô thị phía Tây, phường Tân Bình, TP Hải Dương, tỉnh Hải Dương"},{"address":"Số 5A phố Nguyễn Thái Học 1, phường Sao Đỏ, thành phố Chí Linh, tỉnh Hải Dương."},{"address":"Số 25/N09, khu dân cư phía Tây, xã Phương Hưng, huyện Gia Lộc, tỉnh Hải Dương"},{"address":"Số 101 đường Trần Hưng Đạo, thị trấn Ninh Giang, huyện Ninh Giang, tỉnh Hải Dương."},{"address":"Số 677 Đại lộ Lê Thanh Nghị, phường Hải Tân, thành phố Hải Dương, tỉnh Hải Dương "},{"address":"Số 9 đường Nguyễn Tri Phương, quận Hồng Bàng, thành phố Hải Phòng "},{"address":"Số 341 đường Tô Hiệu, phường Hồ Nam, quận Lê Chân, thành phố Hải Phòng "},{"address":"Số 282 đường Đà Nẵng, phường Vạn Mỹ, quận Ngô Quyền, thành phố Hải Phòng"},{"address":"Toàn bộ diện tích tầng 1 và tầng 2 của ngôi nhà có địa chỉ tại số 296 Lạch Tray, phường Kênh Dương, quận Lê Chân, thành phố Hải Phòng"},{"address":"Số 60 Phan Bội Châu, quận Hồng Bàng, thành phố Hải Phòng"},{"address":"Tầng 1 và tầng 2 của ngôi nhà 03 tầng tại số 30P5+6 tầng 1+P9,10 tầng 2+P14+P15 tầng 3 phố Hai Bà Trưng, phường An Biên, quận Lê Chân, thành phố Hải Phòng"},{"address":"Số 192-194 Văn Cao, phường Đằng Giang, quận Ngô Quyền, thành phố Hải Phòng"},{"address":"Số 234, đường Trần Nguyên Hãn, phường Trần Nguyên Hãn, quận Lê Chân, TP Hải Phòng"},{"address":"Tòa nhà TNL Plaza Lạng Sơn, thôn Tân Lập, xã Mai Pha, Thành phố Lạng Sơn, tỉnh Lạng Sơn"},{"address":"Số 14B Lý Thường Kiệt, phường Vĩnh Ninh, thành phố Huế, tỉnh Thừa Thiên Huế"},{"address":"Số 75 Trường Chinh, phường Xuân Phú, thành phố Huế, tỉnh Thừa Thiên Huế."},{"address":"Khách sạn Sojo và thương mại dịch vụ Lào Cai, đường An Dương Vương, đường Hồng Hà, phường Cốc Lếu, thành phố Lào Cai"},{"address":"Số 75-76-77 đường Lạc Hồng, khu phố 4, phường Vĩnh Lạc, thành phố Rạch Giá, tỉnh Kiên Giang."},{"address":"76A Quang Trung, phường Lộc Thọ, thành phố Nha Trang, tỉnh Khánh Hòa"},{"address":"Số 2040 Đại lộ Hùng Vương, phường Cam Lộc, thành phố Cam Ranh, tỉnh Khánh Hòa"},{"address":"Số 169 và 212 đường Dã Tượng, phường Vĩnh Nguyên, thành phố Nha Trang, tỉnh Khánh Hòa"},{"address":"Số 36 KA Đường 2/4, phường Vĩnh Thọ, thành phố Nha Trang, tỉnh Khánh Hòa"},{"address":"Số 51 Lê Thành Phương, phường Phương Sài, thành phố Nha Trang, tỉnh Khánh Hòa"},{"address":"Lô PG1-03 và Lô PG1-05A số 26 đường Lê Thánh Tôn, phường Nghĩa Chánh, thành phố Quảng Ngãi, tỉnh Quảng Ngãi"},{"address":"Khu TĐC, phường Tân Phú, thị xã Đồng Xoài, tỉnh Bình Phước"},{"address":"Số 74-76 Lê Lợi, phường 02, thành phố Trà Vinh, tỉnh Trà Vinh"},{"address":"Lô 23-24A đường số 3 (Trương Văn Bang), phường 2, thành phố Tân An, tỉnh Long An"},{"address":"Tổ dân phố số 1, thị trấn Yên Định, huyện Hải Hậu, tỉnh Nam Định."},{"address":"Số 66 đường Non Côi, thị trấn Gôi, Vụ Bản, tỉnh Nam Định"},{"address":"Số 35 Đường Giải Phóng, phường Cửa Bắc, thành phố Nam Định"},{"address":"Số 06 đường Lê Đại Hành, phường Thanh Bình, thành phố Ninh Bình"},{"address":"Tổ 11, phường Bắc Sơn, thành phố Tam Điệp, tỉnh Ninh Bình."},{"address":"Tòa nhà Bưu điện tỉnh Nghệ An, Số 2 Nguyễn Thị Minh Khai, phường Hưng Bình, thành phố Vinh, tỉnh Nghệ An"},{"address":"Tòa nhà số 146 đường Nguyễn Sỹ Sách, phường Hưng Phúc, thành phố Vinh, tỉnh Nghệ An."},{"address":"Số 86 đường Thái Phiên, phường Hồng Sơn, thành phố Vinh, tỉnh Nghệ An"},{"address":"Nhà tại lô đất A-17, khu dân cư Golden City 10, đường Mai Hắc Đế, phường Quán Bàu, Thành phố Vinh, tỉnh Nghệ An  "},{"address":"Số 2183 Đại lộ Hùng Vương, phường Gia Cẩm, thành phố Việt Trì, tỉnh Phú Thọ"},{"address":"Khu 1, thị trấn Hùng Sơn, huyện Lâm Thao, tỉnh Phú Thọ"},{"address":"Số 1347 đường Hùng Vương, phường Tiên Cát, thành phố Việt Trì, tỉnh Phú Thọ"},{"address":"Số 5 Quang Trung, phường Đồng Hải, thành phố Đồng Hới, tỉnh Quảng Bình."},{"address":"Số 415 Phan Chu Trinh, phường Phước Hòa, thành phố Tam Kỳ, tỉnh Quảng Nam."},{"address":"Trung tâm dịch vụ văn hóa tổng hợp Tổ 26, khu 2b, đường 25/4, phường Bạch Đằng, thành phố Hạ Long, tỉnh Quảng Ninh"},{"address":"Tòa nhà City Complex, Tổ 4, khu 10, phường Hồng Hải, thành phố Hạ Long, tỉnh Quảng Ninh"},{"address":"Thửa đất số 180 tờ bản đồ số 41, phường Quang Trung, thành phố Uông Bí, tỉnh Quảng Ninh."},{"address":"Thửa đất số 83,84 tờ bản đồ số 93 tại địa chỉ tổ 8 khu 9A, phường Bãi Cháy, thành phố Hạ Long, tỉnh Quảng Ninh (Số 660, đường Hạ Long, tổ 8, khu 9A, phường Bãi Cháy, thành phố Hạ Long, tỉnh Quảng Ninh)"},{"address":"Số nhà 194, tổ 1, khu 3B, phường Giếng Đáy, thành phố Hạ Long, tỉnh Quảng Ninh"},{"address":"Khách sạn Bưu điện Hạ Long, ngã ba Vườn Đào, phường Bãi Cháy, thành phố Hạ Long, tỉnh Quảng Ninh."},{"address":"Số 158 Trần Phú, Tổ 30B, phường Cẩm Tây, thị xã Cẩm Phả, tỉnh Quảng Ninh"},{"address":"Số 432 Lý Thường Kiệt, phường Cửa Ông, thị xã Cẩm Phả, tỉnh Quảng Ninh "},{"address":"Khu 7, thị trấn Cái Rồng, huyện Vân Đồn, tỉnh Quảng Ninh "},{"address":"PGI34 và PGI35 thuộc Dự án Tổ hợp Trung tâm thương mại, khách sạn tiêu chuẩn 5 sao và nhà phố Shophouse Tây Ninh đường 30 tháng 4, phường 3, thành phố Tây Ninh, tỉnh Tây Ninh"},{"address":"Số 69A7-69A8-69A9, 69 Nguyễn Trãi, Phường 7, Thành phố Mỹ Tho, Tiền Giang"},{"address":"Ấp Rẫy, thị trấn Tân Hiệp, huyện Châu Thành, tỉnh Tiền Giang"},{"address":"Tòa nhà TNL Plaza Thái Bình - Số 7 đường Quang Trung, phường Quang Trung, thành phố Thái Bình, tỉnh Thái Bình"},{"address":"Số 63 đường Nguyễn Thái Sơn, thị trấn Quỳnh Côi, huyện Quỳnh Phụ, tỉnh Thái Bình"},{"address":"Lô số 78 dự án khu đô thị Kỳ Bá, thành phố Thái Bình, tỉnh Thái Bình"},{"address":"Số 675 Lương Ngọc Quyến,  phường Phan Đình Phùng, thành phố Thái Nguyên "},{"address":"Tầng 1 ngôi nhà có địa chỉ tại tổ 9, phường Trưng Vương, thành phố Thái Nguyên (nay là số nhà 46B đường Bến Tượng, phường Trưng Vương, thành phố Thái Nguyên, tỉnh Thái Nguyên)"},{"address":"Lô 02-03 Khu nhà liền kề Phan Chu Trinh, phường Điện Biên, thành phố Thanh Hoá, tỉnh Thanh Hóa. "},{"address":"Số 356 Nguyễn Huệ, Phú Sơn, thị xã Bỉm Sơn, tỉnh Thanh Hóa"},{"address":"Số 239 đường Trường Thi, phường Trường Thi, thành phố Thanh Hóa, tỉnh Thanh Hóa"},{"address":"Số 371 đường Mê Linh, phường Khai Quang, thành phố Vĩnh Yên, tỉnh Vĩnh Phúc"},{"address":"Số 23, đường Trần Hưng Đạo, phường Trưng Trắc, thị xã Phúc Yên, tỉnh Vĩnh Phúc"},{"address":"Số 02 đường Ngô Quyền, thành phố Vĩnh Yên, tỉnh Vĩnh Phúc"},{"address":"Số 55-57 Nam Kỳ Khởi Nghĩa, TP. Vũng Tàu"},{"address":"Số 572 đường 30/04, phường 10, thành phố Vũng Tàu, tỉnh Bà Rịa Vũng Tàu"},{"address":"28-30 Nguyễn Hữu Thọ, phường Phước Trung, thị xã Bà Rịa, tỉnh Bà Rịa - Vũng Tàu "},{"address":"Số 15H2 Nguyễn Thái Học, phường 7, thành phố Vũng Tàu, tỉnh Bà Rịa – Vũng Tàu"},{"address":"Số 109D Lê Hồng Phong, phường 7, thành phố Vũng Tàu, tỉnh Bà Rịa Vũng Tàu"},{"address":"552 Cách Mạng Tháng 8, phường Phước Trung, thành phố Bà Rịa, tỉnh Bà Rịa – Vũng Tàu"},{"address":"Số 108 tổ 4, ấp Hòa Long 1, thị trấn An Châu, huyện Châu Thành, tỉnh An Giang"},{"address":"Số 85 Trần Hưng Đạo, Ấp Thị, thị trấn Chợ Mới, huyện Chợ Mới, tỉnh An Giang"},{"address":"Số 248 đường Trần Hưng Đạo, phường Mỹ Xuyên, thành phố Long Xuyên, tỉnh An Giang"},{"address":"số 187, Ấp Thị 2, Thị trấn Mỹ Luông, Huyện Chợ Mới, Tỉnh An Giang"},{"address":"số 349 Nguyễn Huệ, ấp Bắc Sơn, thị trấn Núi Sập, huyện Thoại Sơn, tỉnh An Giang."},{"address":"Số 31 đường Trần Hưng Đạo, khóm 2, thị trấn Tri Tôn, huyện Tri Tôn Tỉnh An Giang."},{"address":"Lô 05, đường số 6, ấp Vĩnh Lộc, xã Vĩnh Bình, huyện Châu Thành, tỉnh An Giang"},{"address":"Số 262/2 Hùng Vương, phường Mỹ Long, thành phố Long Xuyên, tỉnh An Giang."},{"address":"Số 259 Nguyễn Thị Hạnh, ấp Tân Hiệp A, thị trấn Óc Eo, huyện Thoại Sơn, tỉnh An Giang."},{"address":"Đường Trưng Nữ Vương (nối dài), phường Châu Phú B, thành phố Châu Đốc, tỉnh An Giang."},{"address":"Quốc lộ 91, tổ 10, khóm Xuân Hòa, thị trấn Tịnh Biên, huyện Tịnh Biên, tỉnh An Giang."},{"address":"Số 1+5C, đường Hai Bà Trưng, khóm Long Thạnh A, phường Long Thạnh, thị xã Tân Châu, tỉnh An Giang."},{"address":"Thị trấn Phú Mỹ, huyện Phú Tân, tỉnh An Giang"},{"address":"Số 646, Quốc Lộ 91, thị trấn Cái Dầu, huyện Châu Phú, tỉnh An Giang"},{"address":"Số 92 Thoại Ngọc Hầu, ấp An Thịnh, thị trấn An Phú, huyện An Phú, tỉnh An Giang"},{"address":"Số 1456 Ấp Đồng Ky, xã Quốc Thái, huyện An Phú, tỉnh An Giang"},{"address":"Số 425 Thủ Khoa Huân, khóm Châu Long 7, phường Châu Phú B, thành phố Châu Đốc, tỉnh An Giang."},{"address":"Số 279 Nguyễn Sinh Sắc, khóm 2, phường 2, thành phố Sa Đéc, tỉnh Đồng Tháp"},{"address":"Số 495A, quốc lộ 80, thị trấn Lai Vung, huyện Lai Vung, tỉnh Đồng Tháp"},{"address":"Số 304 khóm Bình Thạnh 1, thị trấn Lấp Vò, huyện Lấp Vò, tỉnh Đồng Tháp."},{"address":"Số 168 Đường 2 Tháng 9, Khóm 2, thị trấn Tràm Chim, huyện Tam Nông, tỉnh Đồng Tháp"},{"address":"Số 188-190 và căn nhà 192A liền kề nhau, đường Lý Thường Kiệt, phường 6, thành phố Cà Mau, tỉnh Cà Mau."},{"address":"Số 13 lô D chợ Mới Bình Chánh, Quốc lộ 1, ấp 4, xã Bình Chánh, huyện Bình Chánh, thành phố Hồ Chí Minh"},{"address":"Số 274, 276 Ngô Gia Tự, phường Tiền An, thành phố Bắc Ninh."},{"address":"Số 541 Quán Toan, phường Quán Toan, quận Hồng Bàng, thành phố Hải Phòng."},{"address":"Số nhà 168, đường Lê Thánh Tông, phường Bạch Đằng, thành phố Hạ Long, tỉnh Quảng Ninh"},{"address":"Số 135-145 Phan Đình Phùng, Phường 2, Thành phố Đà Lạt, tỉnh Lâm Đồng"},{"address":"Số 27C đường Điện Biên Phủ, phường Minh Khai, quận Hồng Bàng, thành phố Hải Phòng"},{"address":"Số 119 + 119B + 120 + 121 đường Nguyễn Đức Cảnh, phường Cát Dài, quận Lê Chân, thành phố Hải Phòng"},{"address":"Tòa nhà số 69 phố Quán Thánh, phường Quán Thánh, quận Ba Đình, thành phố Hà Nội."},{"address":"Số 36-38 Nguyễn Huệ, khóm 1, phường Mỹ Long, thành phố Long Xuyên, tỉnh An Giang."},{"address":"Số 87 đường Hùng Vương, thị trấn Liễu Đề, huyện Nghĩa Hưng, tỉnh Nam Định"},{"address":"Số 119 đường Tố Hữu, phường Nam Lý, thành phố Đồng Hới, tỉnh Quảng Bình."},{"address":"Khu phố 1, Phường Ba Đồn, Thị xã Ba Đồn, Tỉnh Quảng Bình"},{"address":"Một phần diện tích tầng trệt số 472 - 474 Trần Hưng Đạo, phường 2, quận 5, thành phố Hồ Chí Minh."},{"address":"Số 371-373 Lê Lợi, Phường 5, thành phố Tuy Hòa, tỉnh Phú Yên"},{"address":"Số 16a, Nguyễn Công Trứ, Khu vực 1, Phường 1, TP Vị Thanh, tỉnh Hậu Giang"},{"address":"Số 142 đường Đội Cấn, tầng 2 tòa nhà văn phòng Chi nhánh Tổng Công ty Giấy Việt Nam tại Hà Nội, phường Đội Cấn, quận Ba Đình, thành phố Hà Nội"},{"address":"Lô A33-A34, Khu B3-1, Khu Dân cư, khách sạn và TMDV, đường 2 Tháng 9, phường Bình Thuận, quận Hải Châu, thành phố Đà Nẵng"},{"address":"Số 245-247 đường Nguyễn Hữu Thọ, thị trấn Bến Lức, huyện Bến Lức, tỉnh Long An."},{"address":"Tầng 01, 02 Tòa nhà TNL Plaza Nam Định - Số 272 đường Trần Hưng Đạo, phường Cửa Bắc, thành phố Nam Định, tỉnh Nam Định"},{"address":"278 đường Hòa Bình, phường Hiệp Tân, quận Tân Phú, thành phố Hồ Chí Minh"},{"address":"Số 01 đường Hoàng Văn Thụ, phường Phan Đình Phùng, thành phố Thái Nguyên, tỉnh Thái Nguyên"},{"address":"Số 374 Nguyễn Hữu Tiến, thị trấn Đồng Văn, huyện Duy Tiên, thành phố Hà Nam"},{"address":"Trưng Nữ Vương (nối dài), phường Châu Phú B, thành phố Châu Đốc, tỉnh An Giang."},{"address":"Số 1+5C, đường Hai Bà Trưng, khóm Long Thạnh A, phường Long Thạnh, thị xã Tân Châu, tỉnh An Giang."},{"address":"Quốc lộ 91, tổ 10, khóm Xuân Hòa, thị trấn Tịnh Biên, huyện Tịnh Biên, tỉnh An Giang."},{"address":"Số 646, Quốc lộ 91, TT. Cái Dầu, huyện Châu Phú, tỉnh An Giang"},{"address":"MSB An Giang, số 36-38 Nguyễn Huệ, khóm 1, phường Mỹ Long, thành phố Long Xuyên, tỉnh An Giang"},{"address":"85 Trần Hưng Đạo, Ấp Thị, TT Chợ Mới, Tỉnh An Giang"},{"address":"108 tổ 4, ấp Hòa Long 1, thị trấn An Châu, huyện Châu Thành, tỉnh An Giang"},{"address":"Số 187, Ấp Thị 2, Thị trấn Mỹ Luông, Chợ Mới, Tỉnh An Giang"},{"address":"349 Nguyễn Huệ, Ấp Bắc Sơn, TT Núi Sập, Huyện Thoại Sơn, Tỉnh An Giang."},{"address":"31 Trần Hưng Đạo, Thị Trấn Tri Tôn, Tỉnh An Giang."},{"address":"Lô 5, đường số 6, ấp Vĩnh Lộc, xã Vĩnh Bình, huyện Châu Thành, tỉnh An Giang"},{"address":"Số 259 Nguyễn Thị Hạnh, Ấp Tân Hiệp A, Thị trấn Óc Eo, Huyện Thoại Sơn, Tỉnh An Giang."},{"address":"Số 55-57 Nam Kỳ Khởi Nghĩa, TP. Vũng Tàu"},{"address":"Số 572 đường 30/04, phường Rạch Dừa, thành phố Vũng Tàu, tỉnh Bà Rịa Vũng Tàu"},{"address":"Tại tầng 1, số 15H2 Nguyễn Thái Học, phường 7, thành phố Vũng Tàu, tỉnh Bà Rịa – Vũng Tàu"},{"address":"28-30 Nguyễn Hữu Thọ, phường Phước Trung, thị xã Bà Rịa, tỉnh Bà Rịa - Vũng Tàu "},{"address":"B11-B13 lô B (TT Thương mại) đường Nội Bộ, tổ 1, phường 03, thành phố Bạc Liêu, tỉnh Bạc Liêu"},{"address":"Số 8 Nguyễn Văn Cừ, phường Trần Phú, thành phố Bắc Giang, tỉnh Bắc Giang"},{"address":"Số 227 phố Thanh Xuân, thị trấn Đồi Ngô, huyện Lục Nam, tỉnh Bắc Giang."},{"address":"Cụm công nghiệp Đồng Đình, xã Cao Thượng, huyện Tân Yên, Bắc Giang"},{"address":"Số 274, 276 Ngô Gia Tự, phường Tiền An, thành phố Bắc Ninh."},{"address":"Số 276 Trần Phú, phường Đông Ngàn, thị xã Từ Sơn, tỉnh Bắc Ninh."},{"address":"Công ty TNHH SI FLEX VIỆT NAM, Lô A, KCN Quang Châu, xã Quang Châu, huyện Việt Yên, Bắc Giang"},{"address":"Kios số 31 và 32, Km số 10, quốc lộ 18, thị trấn Phố Mới, huyện Quế Võ, tỉnh Bắc Ninh"},{"address":"Cụm Công nghiệp đa nghề Đông Thọ, Xã Đông Thọ, Huyện Yên Phong, tỉnh Bắc Ninh"},{"address":"Thửa đất số 193, tờ bản đồ số 45, phường Phú Khương, thành phố Bến Tre, tỉnh Bến Tre"},{"address":"Số 313/2 đường Thích Quảng Đức, phường Phú Cường, thành phố Thủ Dầu Một, tỉnh Bình Dương."},{"address":"Ô 22 lô J56, Khu TĐC Mỹ Phước 3, phường Thới Hòa, thị xã Bến Cát tỉnh Bình Dương."},{"address":"Trường Nguyễn Khuyến cơ sở 4, A26B đường A3, Khu Liên Hiệp CN-DV Đô Thị Bình Dương, P. Phú Hòa, TP Thủ Dầu Một, Bình Dương."},{"address":"Số 12 VSIP II đường số 7, KCN Việt Nam-Singapore II, Khu liên hợp Công nghiệp - Dịch vụ - Đô thị Bình Dương, phường Hòa Phú, thành phố Thủ Dầu Một, tỉnh Bình Dương."},{"address":"Số 541 khu phố Nguyễn Trãi, phường Lái Thiêu, thị xã Thuận An, tỉnh Bình Dương"},{"address":"Số 72 Mai Xuân Thưởng, phường Lê Hồng Phong, thành phố Quy Nhơn, tỉnh Bình Định."},{"address":"Khu TĐC, phường Tân Phú, thị xã Đồng Xoài, tỉnh Bình Phước"},{"address":" Số 51 - 53 - 55 đường Võ Văn Kiệt, phường Phú Thủy, thành phố Phan Thiết, tỉnh Bình Thuận"},{"address":"Số 188-190 và căn nhà 192A liền kề nhau, đường Lý Thường Kiệt, phường 6, thành phố Cà Mau, tỉnh Cà Mau."},{"address":"Số 42-44-46 Nguyễn An Ninh, phường Tân An, quận Ninh Kiều, thành phố Cần Thơ"},{"address":"Số 188A đường 3 tháng 2, phường Hưng Lợi, quận Ninh Kiều, thành phố Cần Thơ"},{"address":"Số 304 đường Cách Mạng Tháng 8, phường An Thới, quận Bình Thuỷ,  thành phố Cần Thơ"},{"address":"Số 02 Hòa Bình, P.An Hội, Q. Ninh Kiều, TP Cần Thơ"},{"address":"Số 112A3 Trần Phú, Phường Cái Khế, quận Ninh Kiều, Tp. Cần Thơ"},{"address":"Số 331 và 333 Nguyễn Hữu Thọ, phường Hòa Cường Bắc, quận Hải Châu, thành phố Đà Nẵng"},{"address":"Số 224 Điện Biên Phủ, quận Thanh Khê, thành phố  Đà Nẵng"},{"address":"Số 04 đường Hùng Vương, phường Hải Châu 1, quận Hải Châu, thành phố Đà Nẵng"},{"address":"Số 105 Ông Ích Khiêm, phường Thanh Bình, quận Hải Châu, thành phố Đà Nẵng"},{"address":"Số 105 Ngô Quyền, phường Tân Lợi, thành phố Buôn Ma Thuột, tỉnh Đắk Lắk"},{"address":"Công ty Gỗ Lạng, 131 Phan Huy Chú, P. Khánh Xuân, Tp. Buôn Mê Thuột, tỉnh Đắk Lắk"},{"address":"Số 100/497 Đường Phạm Văn Thuận, phường Tân Mai, thành phố Biên Hòa, tỉnh Đồng Nai"},{"address":"Số 3/12 & 3/12A đường Đồng Khởi, phường Tam Hiệp, thành phố Biên Hòa, tỉnh Đồng Nai"},{"address":"Số 97/7, Khu phố 5A, phường Tân Biên, thành phố Biên Hòa, tỉnh Đồng Nai."},{"address":"Khu Trung tâm dịch vụ Công nghiệp Amata, đường Amata, KCN Amata, P. Long Bình, TP Biên Hòa, Đồng Nai"},{"address":"Lô số 09, KCN Giang Điền, huyện Trảng Bom, tỉnh Đồng Nai, Việt Nam (Công ty TNHH Great Kingdom Giang Điền)."},{"address":"Số 279 Nguyễn Sinh Sắc, khóm 2, phường 2, thành phố Sa Đéc, tỉnh Đồng Tháp"},{"address":"Số 495A, quốc lộ 80, thị trấn Lai Vung, huyện Lai Vung, tỉnh Đồng Tháp"},{"address":"Số 304 khóm Bình Thạnh 1, thị trấn Lấp Vò, huyện Lấp Vò, tỉnh Đồng Tháp."},{"address":"Số 40A Hùng Vương, phường Ia Kring, thành phố Pleiku, tỉnh Gia Lai"},{"address":"Số 76 đường Châu Cầu, phường Lương Khánh Thiện, thành phố Phủ Lý, tỉnh Hà Nam."},{"address":"Số 104 Trần Phú, phường Quang Trung, thành phố Phủ Lý, tỉnh Hà Nam "},{"address":"Số 176 Nguyễn Hữu Tiến, thị trấn Đồng Văn, huyện Duy Tiên, tỉnh Hà Nam"},{"address":"Khu công nghiệp Đồng Văn II, huyện Duy Tiên, tỉnh Hà Nam"},{"address":"Cty TNHH Seyang Coporation Việt Nam, lô số 54, cụm tiểu thủ công nghiệp làng nghề, xã Nhật Tân, huyện Kim Bảng, tỉnh Hà Nam."},{"address":"UBND xã Thanh Lưu, huyện Thanh Liêm, tỉnh Hà Nam"},{"address":"Số 71 Hai Bà Trưng, phường Cửa Nam, quận Hoàn Kiếm, thành phố Hà Nội."},{"address":"Cty TNHH MTV thuốc lá Thăng Long, Lô CN1, km 18, Đại lộ Thăng Long, KCN Thạch Thất Quốc Oai, TT Quốc Oai, thành phố Hà Nội"},{"address":"Số 249A Thụy Khuê, phường Thụy Khuê, quận Tây Hồ, thành phố Hà Nội"},{"address":"Số 06 Hàng Trống, phường Hàng Trống, quận Hoàn Kiếm, thành phố Hà Nội. "},{"address":"Tòa nhà The Golden Armor, B6 Giảng Võ, quận Ba Đình, thành phố Hà Nội"},{"address":"Vị trí C1, đường chính, khu công nghiệp Thạch Thất – Quốc Oai, thôn Ngô Sài, thị trấn Quốc Oai, huyện Quốc Oai, thành phố Hà Nội."},{"address":"40 Tràng Thi, Quận Hoàn Kiếm, TP Hà Nội"},{"address":"Số 10 đường Trần Phú, phường Mộ Lao, quận Hà Đông, TP Hà Nội"},{"address":"Số 6, biệt thự 8, khu đô thị mới Xa La, phường Phúc La, quận Hà Đông, thành phố Hà Nội"},{"address":"Ki ốt số SH24, SH25 tòa nhà K2, chung cư K-Park, Khu đô thị mới Văn Phú, Phường Phú La, Quận Hà Đông, Thành Phố Hà Nội"},{"address":"Căn hộ số 102 nhà CT2, khu nhà ở Văn Khê, Phường La Khê, quận Hà Đông, thành phố Hà Nội"},{"address":"Số 47 Nguyễn Tuân, P.Thanh Xuân Trung, Q.Thanh Xuân, Hà Nội (Dự án TNR GoldSeason)."},{"address":"Trường Ban Mai, KĐT Văn Quán, quận Hà Đông, thành phố Hà Nội"},{"address":"108 Lê Trọng Tấn, phường Khương Mai, quận Thanh Xuân, thành phố Hà Nội."},{"address":"Số 83 phố Hào Nam, phường Ô Chợ Dừa, quận Đống Đa, thành phố Hà Nội"},{"address":"Số 47A Huỳnh Thúc Kháng, phường Láng Hạ, quận Đống Đa, thành phố Hà Nội"},{"address":"Số 07, đường Chùa Bộc, phường Quang Trung, quận Đống Đa, thành phố Hà Nội."},{"address":"Tòa nhà Sky Tower, 88 Láng Hạ, quận Đống Đa, thành phố Hà Nội"},{"address":"Số 95 Nguyễn Chí Thanh, phường Láng Thượng, quận Đống Đa, thành phố Hà Nội."},{"address":"Số 110 Thái Thịnh, phường Trung Liệt, quận Đống Đa, thành phố Hà Nội."},{"address":"Kios số 3 và 4, tầng 1, tòa nhà B4 Kim Liên, phường Kim Liên, quận Đống Đa, thành phố Hà Nội"},{"address":"Số 87 phố Trần Thái Tông, phường Dịch Vọng, quận Cầu Giấy, thành phố Hà Nội."},{"address":"Số 43 đường Nguyễn Văn Huyên, tổ 22, phường Quan Hoa, quận Cầu Giấy, thành phố Hà Nội."},{"address":"Số 06 Trưng Vương, phường Lê Lợi, thị xã Sơn Tây, thành phố Hà Nội."},{"address":"Phòng 101-201, B1 DN14, khu đất số 2,khu đô thị Nghĩa Đô-Dịch Vọng, phường Quan Hoa, Cầu Giấy, HN"},{"address":"Số 36C đường Hoàng Quốc Việt, phường Nghĩa Đô, quận Cầu Giấy, thành phố Hà Nội"},{"address":"Số 119 Phan Văn Trường, tổ 21, P. Dịch Vọng Hậu, quận Cầu Giấy, Hà Nội"},{"address":"Tổ 34 cụm 5 phường Xuân La, Xuân Đỉnh, Tây Hồ, HN (Số 38 Xuân La, quận Tây Hồ)"},{"address":"MSB Mỹ Đình, B1-01, dự án khu chức năng đô thị thành phố Xanh, Vinhome Gardenia, phường Cầu Diễn, quận Nam Từ Liêm, Thành phố Hà Nội"},{"address":"Kiot số B5, chung cư CT4, Mỹ Đình, quận Nam Từ Liêm, thành phố Hà Nội."},{"address":"Công ty cổ phần may Sơn Hà, 208 Lê Lợi, thị xã Sơn Tây, TP. Hà Nội "},{"address":"Tòa nhà DETECH, số 8 Tôn Thất Thuyết, Mỹ Đình 2, Nam Từ Liêm, Hà Nội"},{"address":"Sảnh B, tòa Ruby số 4, khu đô thị Gold Mark City, 136 Hồ Tùng Mậu, Bắc Từ Liêm, Hà Nội."},{"address":"Số 70 phố  Vương Thừa Vũ, phường Khương Trung, quận Thanh Xuân, thành phố Hà Nội."},{"address":"Lô TT6 dãy M3-Ô số 9A Bắc Linh Đàm, phường Đại Kim, quận Hoàng Mai, thành phố Hà Nội."},{"address":"Số 12 lô C, dự án Khu nhà ở Ao Ông Hải, phường Hoàng Văn Thụ, quận Hoàng Mai, Hà Nội."},{"address":"Ki-ốt số 02 tại tầng 1, chung cư nhà Nơ 6A, khu bán đảo Linh Đàm, phường Hoàng Liệt, quận Hoàng Mai, thành phố Hà Nội."},{"address":"Siêu thị Việt Ý, Tòa nhà CT12A, Khu đô thị mới Kim Văn-Kim Lũ, phường Đại Kim, quận Hoàng Mai, thành phố Hà Nội."},{"address":"Shophouse SH-15-03 tầng tòa nhà Century - Tower số 458 đường Minh Khai, phường Vĩnh Tuy, quận Hai Bà Trưng, thành phố Hà Nội"},{"address":"Tòa nhà HH1A, KĐT Linh Đàm, phường Hoàng Liệt, quận Hoàng Mai, thành phố Hà Nội."},{"address":"Số 166 Phố Huế, phường Ngô Thị Nhậm, quận Hai Bà Trưng, thành phố Hà Nội."},{"address":"Số 102 phố Lạc Trung, phường Vĩnh Tuy, quận Hai Bà Trưng, thành phố Hà Nội."},{"address":"Số 15-16-17 khu Shophouse Tố Hữu (Thửa CUTM6-15/16/17 Dự án Làng nghề lụa Vạn Phúc, phường Vạn Phúc, quận Hà Đông, TP Hà Nội)"},{"address":"165 phố Bà Triệu, phường Lê Đại Hành, quận Hai Bà Trưng, thành phố Hà Nội"},{"address":"Số 33 Bà Triệu, phường Hàng Bài, quận Hoàn Kiếm, thanh phố Hà Nội."},{"address":"Số 407+409 Hà Huy Tập, thị trấn Yên Viên, huyện Gia Lâm, thành phố Hà Nội"},{"address":"Khu vực sảnh đón A2, Tầng 1, nhà Ga T2 Cảng Hàng không quốc tế Nội Bài, xã Phú Cường, huyện Sóc Sơn, thành phố Hà Nội."},{"address":"Căn hộ 106&108, nhà K11, khu đô thị mới Việt Hưng, phường Giang Biên, quận Long Biên, thành phố Hà Nội."},{"address":"Tổ 6, thị trấn Đông Anh, huyện Đông Anh, thành phố Hà Nội."},{"address":"Bưu Điện Trung Tâm 5, 147 Ngô Gia Tự, phường Đức Giang, quận Long Biên, thành phố Hà Nội."},{"address":"Số 550 đường Nguyễn Văn Cừ, phường Gia Thụy, quận Long Biên, thành phố Hà Nội."},{"address":"Tầng 1, số 167 Ngọc Lâm, phường Ngọc Lâm, quận Long Biên, thành phố Hà Nội."},{"address":"Số 06 đường Trần Phú, phường Bắc Hà, thành phố Hà Tĩnh, tĩnh Hà Tĩnh"},{"address":"493 Trường Chinh, phường Tân Bình, TP Hải Dương (Thửa đất số 120 lô 69.26, thửa đất số 121 lô 69.25 khu Đô thị phía Tây, phường Tân Bình, thành phố Hải Dương, tỉnh Hải Dương)"},{"address":"Công ty TNHH May mặc Quốc tế Phú Nguyên, QL37, Đồng Lạc, Nam sách, Hải Dương"},{"address":"Số 677 Đại lộ Lê Thanh Nghị, phường Hải Tân, thành phố Hải Dương, tỉnh Hải Dương "},{"address":"Số 5A, phố Nguyễn Thái Học 1, Phường Sao Đỏ, Thành phố Chí Linh, Tỉnh Hải Dương."},{"address":"Cổng số 2, KCN Nam Sách, phường Ái Quốc, thành phố Hải Dương, tỉnh Hải Dương."},{"address":"Khu công nghiệp Phúc Điền, xã Cẩm Điền, huyện Cẩm Giàng, tỉnh Hải Dương"},{"address":"Cổng số 1, KCN Tân Trường, xã Tân Trường, huyện Cẩm Giàng, tỉnh Hải Dương;"},{"address":"Công ty TNHH J.PLUS.VINA, Khu Chiều Sành, Thôn Mỹ Ân, Xã Văn Tố, Huyện Tứ Kỳ, Tỉnh Hải Dương"},{"address":"Số 341 đường Tô Hiệu, phường Hồ Nam, quận Lê Chân, thành phố Hải Phòng "},{"address":"Số 282 đường Đà Nẵng, phường Vạn Mỹ, quận Ngô Quyền, thành phố Hải Phòng"},{"address":"Số 296 Lạch Tray, phường Kênh Dương, quận Lê Chân, thành phố Hải Phòng"},{"address":"Số 479 Hùng Vương, tổ dân số 5/4, phường Quán Toán, quận Hồng Bàng, thành phố Hải Phòng"},{"address":"Số 60 Phan Bội Châu, quận Hồng Bàng, thành phố Hải Phòng"},{"address":"Công ty TNHH ĐT TM Sản xuất Vĩnh Hòa, thôn Nam Am, xã Tam Cường, huyện Vĩnh Bảo, Hải Phòng."},{"address":"Số 9 đường Nguyễn Tri Phương, quận Hồng Bàng, thành phố Hải Phòng "},{"address":"Công ty TNHH Regina Miracle Việt Nam (Nhà máy C), Số 9 đường Đông Tây, Khu đô thị, công nghiệp và dịch vụ VSIP Hải Phòng, xã Dương Quan, huyện Thủy Nguyên, thành phố Hải Phòng."},{"address":"Công ty TNHH Regina Miracle Việt Nam (Nhà máy E), Số 9 đường Đông Tây, Khu đô thị, công nghiệp và dịch vụ VSIP Hải Phòng, xã Dương Quan, huyện Thủy Nguyên, thành phố Hải Phòng."},{"address":"Số 192-194 Văn Cao, phường Đằng Giang, quận Ngô Quyền, thành phố Hải Phòng"},{"address":"Số 30P5+6 phố Hai Bà Trưng, phường An Biên, quận Lê Chân, thành phố Hải Phòng"},{"address":"Lô 06 số 44 đường Lê Lai, phường Lạc Viên, quận Ngô Quyền, thành phố Hải Phòng"},{"address":"Số 234 đường Trần Nguyên Hãn, phường Trần Nguyên Hãn, quận Lê Chân, TP Hải Phòng"},{"address":"Số 8A đường Trần Phú, P. Máy Tơ, Q.Ngô Quyền, Tp. Hải Phòng"},{"address":"Số 3 đường Lê Thánh Tông, P.Máy Tơ, Q.Ngô Quyền, Tp. Hải Phòng.(Cabin ATM tại hàng rào, sát mặt đường)"},{"address":"Công ty TNHH Regina Miracle Việt Nam (Nhà máy A), Số 9 đường Đông Tây, Khu Đô thị, công nghiệp và dịch vụ VSIP Hải Phòng, xã Dương Quan, huyện Thủy Nguyên, thành phố Hải Phòng."},{"address":"Tòa nhà TNL Hậu Giang, ngã ba Nguyễn Công Trứ - Châu Văn Liêm, phường 1, thành phố Vị Thanh, tỉnh Hậu Giang"},{"address":"Tầng 1 khu vực L1-23-24-25 TTTM Pearl Center, 12 Quốc Hương, phường Thảo Điền, tp.Thủ Đức, thành phố Hồ Chí Minh"},{"address":"Số 176 đường D1, phường 25, quận Bình Thạnh, thành phố Hồ Chí Minh."},{"address":"Số 99 đường Lê Văn Việt, phường Tăng Phú Nhơn A, TP Thủ Đức, Tp.Hồ Chí Minh"},{"address":"Số 194 Xô Viết Nghệ Tĩnh, phường 21, quận Bình Thạnh, thành phố Hồ Chí Minh \n "},{"address":"Số 330 đường Nguyễn Thị Thập, Khu phố 1, P.Tân Quy, Quận 7, Tp.Hồ Chí Minh"},{"address":"TNR The GoldView, số 346 Bến Vân Đồn, phường 1, quận 4, TP.Hồ Chí Minh."},{"address":"Số 1028 Nguyễn Văn Linh (khu Sky Garden 1-R1-1), khu phố 3 phường Tân Phong, quận 7, thành phố Hồ Chí Minh."},{"address":"Số 180-192 Nguyễn Công Trứ, quận 1, thành phố Hồ Chí Minh"},{"address":"Số 153 đường Đặng Văn Bi, khu phố 5 , phường Trường Thọ, quận Thủ Đức, thành phố Hồ Chí Minh."},{"address":"Số 224 Thành Thái, phường 14, quận 10. thành phố Hồ Chí Minh"},{"address":"Số 26 đường số 1, khu phố 3, phường Bình Trị Đông B, quận Bình Tân, thành phố Hồ Chí Minh."},{"address":"Số 45 Hiệp Bình, phường Hiệp Bình Phước, TP. Thủ Đức, TP. Hồ Chí Minh"},{"address":"Số 169 - 171 Cách Mạng Tháng Tám, phường 5, Quận 3, TP.Hồ Chí Minh \n"},{"address":"Số 518 đường Nguyễn Thị Minh Khai, phường 2, quận 3, thành phố Hồ Chí Minh"},{"address":"Số 29 Tôn Đức Thắng, phường Bến Nghé, quận 1, thành phố Hồ Chí Minh \n"},{"address":"Lô Z03-B-04-05-06-07 Đường số 13, Khu Chế Xuất Tân Thuận, Quận 7, Tp. HCM."},{"address":"Một phần diện tích ngôi nhà tại địa chỉ số 385 và một phần diện tích ngôi nhà tại địa chỉ số 577/X10 Tô Hiến Thành, phường 14, quận 10, thành phố Hồ Chí Minh."},{"address":"Cao ốc văn phòng 3 Bees Tower, số 281 Nguyễn Văn Trỗi, phường 10, quận Phú Nhuận, TP Hồ Chí Minh"},{"address":"Số 267 đường Quang Trung, phường 10, quận Gò Vấp, thành phố Hồ Chí Minh"},{"address":"Số 10 đường Phổ Quang, phường 2, quận Tân Bình, thành phố Hồ Chí Minh"},{"address":"511 đường Huỳnh Tấn Phát, P.Tân Thuận Đông, Q.7, TP.HCM."},{"address":"Số 209 – 211 – 213 Đinh Bộ Lĩnh, phường 26, quận Bình Thạnh, TP Hồ Chí Minh"},{"address":"Công ty Sài Gòn Food: Lô C24-C24B/II, C25/II, Đường 2F, KCN Vĩnh Lộc, xã Vĩnh Lộc A, huyện Bình Chánh, Tp.Hồ Chí Minh"},{"address":"Cảng hàng không quốc tế Tân Sơn Nhất, Ga Quốc Nội, phường 2, quận Tân Bình, thành phố Hồ Chí Minh "},{"address":"8/6B, Ấp Chánh 2 - Xã Tân Xuân, Huyện Hóc Môn, Tp.HCM "},{"address":"Số 68 đường N1, phường Sơn Kỳ, quận Tân Phú, thành phố Hồ Chí Minh."},{"address":"327 QL 13, Khu phố 5, P. Hiệp Bình Phước, Q. Thủ Đức, TP. Hồ Chí Minh "},{"address":"Số 124 đường Nguyễn Thiện Thuật, phường Bần Yên Nhân, thị xã Mỹ Hào, tỉnh Hưng Yên"},{"address":"Đường Lê Hồng Phong, phường Quyết Thắng, thành phố Kon Tum, tỉnh Kon Tum"},{"address":"Số 51 Lê Thành Phương, phường Phương Sài, thành phố Nha Trang, tỉnh Khánh Hòa"},{"address":"Số 36 KA Đường 2/4, phường Vĩnh Thọ, thành phố Nha Trang, tỉnh Khánh Hòa"},{"address":"76A Quang Trung, phường Lộc Thọ, thành phố Nha Trang, tỉnh Khánh Hòa"},{"address":"Số 2040 Đại lộ Hùng Vương, phường Cam Lộc, thành phố Cam Ranh, tỉnh Khánh Hòa"},{"address":"Số 212 đường Dã Tượng, phường Vĩnh Nguyên, thành phố Nha Trang, tỉnh Khánh Hòa"},{"address":"Quốc lộ 1A, xã Suối Hiệp, huyện Diên Khánh, tỉnh Khánh Hòa (Nhà máy nước giải khát cao cấp Yến Sào)"},{"address":"Quốc lộ 1, thôn Mỹ Thanh, xã Cam Thịnh Đông, thành phố Cam Ranh, tỉnh Khánh Hòa (Nhà máy nước giải khát cao cấp Yến Sào Cam Ranh)"},{"address":"Tòa nhà TNL Plaza Lạng Sơn, thôn Tân Lập, xã Mai Pha, Thành phố Lạng Sơn, Tỉnh Lạng Sơn."},{"address":"Khách sạn Sojo và thương mại dịch vụ Lào Cai, đường An Dương Vương, đường Hồng Hà, phường Cốc Lếu, thành phố Lào Cai"},{"address":"123 đường Nguyễn Hữu Thọ, Khu phố 3, thị trấn Bến Lức, huyện Bến Lức, tỉnh Long An."},{"address":"Công ty Cổ phần Đầu tư Xây dựng Hạ tầng Hòa Bình, ấp 7, xã Nhị Thành, huyện Thủ Thừa, tỉnh Long An."},{"address":"Công ty TNHH DT Xuân Trường, xã Xuân Trung, huyện Xuân Trường, tỉnh Nam Định"},{"address":"Số 62 phố Đoài, thị trấn Liễu Đề, huyện Nghĩa Hưng, tỉnh Nam Định "},{"address":"Tổ dân phố số 1, thị trấn Yên Định, huyện Hải Hậu, tỉnh Nam Định."},{"address":"Số 116 Đường Giải Phóng, phường Cửa Bắc, thành phố Nam Định"},{"address":"Số 66 đường Non Côi, thị trấn Gôi, Vụ Bản, tỉnh Nam Định"},{"address":"Số 272 đường Trần Hưng Đạo, phường Bà Triệu, thành phố Nam Định, tỉnh Nam Định"},{"address":"UBND xã Trung Thành, Quốc Lộ 38B, Huyện Vụ Bản, tỉnh Nam Định"},{"address":"UBND xã Thành Lợi, H.Vụ Bản, Nam Định"},{"address":"UBND xã Yên Cường, H.Ý Yên, Nam Định"},{"address":"P.Giáo dục đào tạo thị trấn Lâm, H. Ý Yên, tỉnh Nam Định"},{"address":"UBND Xã Giao Châu, đường quốc Lộ 37B, xóm Lạc Thuần, xã Giao Châu, huyện Giao Thủy, tỉnh Nam Định"},{"address":"Viện Kiểm sát nhân dân huyện Giao Thủy, đường 489, khu 4B, thị trấn Ngô Đồng, huyện Giao Thủy, tỉnh Nam Định"},{"address":"UBND xã Yên Đồng, huyện Ý Yên, tỉnh Nam Định"},{"address":"UBND xã Trực Nội, Huyện Trực Ninh, Tỉnh Nam Định"},{"address":"Lô 1 đường D1 khu công nghiệp Bảo Minh, xã Liên Minh, huyện Vụ Bản, tỉnh Nam Định"},{"address":"Thôn Nguyễn Đào, xã Hải Tân, huyện Hải Hậu, tỉnh Nam Định, Việt Nam (Công ty TNHH Viet Power)"},{"address":"Công ty TNHH may YSS, Lô D6 KCN Mỹ Trung, xã Mỹ Trung, huyện Mỹ Lộc, tỉnh Nam Định"},{"address":"Số 99 đường Trần Hưng Đạo, phố 10, phường Đông Thành, TP Ninh Bình, tỉnh Ninh Bình"},{"address":"Tổ 11, phường Bắc Sơn, thành phố Tam Điệp, tỉnh Ninh Bình."},{"address":"Số 250 Thống Nhất, khu phố 4, phường Phú Hà, thành phố Phan Rang - Tháp Chàm, tỉnh Ninh Thuận"},{"address":"Công ty TNHH Hi-Tex, cụm công nghiệp xã Nghĩa Mỹ, thị xã Thái Hòa, tỉnh Nghệ An."},{"address":"Bưu điện tỉnh Nghệ An, số 2 Nguyễn Thị Minh Khai, phường Hưng Bình, thành phố Vinh, tỉnh Nghệ An"},{"address":"Số 2183 Đại lộ Hùng Vương, phường Gia Cẩm, thành phố Việt Trì, tỉnh Phú Thọ"},{"address":"Khu Cầu Bưởi, thị trấn Hùng Sơn, huyện Lâm Thao, tỉnh Phú Thọ"},{"address":"Số 938, đường Hùng Vương, phường Thọ Sơn, Thành phố Việt Trì, tỉnh Phú Thọ"},{"address":"Công ty TNHH Tairyong Việt Nam, lô 8, KCN Thụy Vân, thành phố Việt Trì, tỉnh Phú Thọ"},{"address":"Số 371 - 373 Lê Lợi, phường 5, thành phố Tuy Hòa, tỉnh Phú Yên"},{"address":"Số 119 đường Tố Hữu, phường Nam Lý, thành phố Đồng Hới, tỉnh Quảng Bình."},{"address":"Công ty CP Prime Đại Lộc, Cụm Công nghiệp Đại Quang, xã Đại Quang, huyện Đại Lộc, Quảng Nam"},{"address":"MSB Quảng Nam - Khách sạn Sojo và Thương mại Dịch vụ Tam Kỳ, số 15-17 đường Nguyễn Du, phường An Mỹ, thành phố Tam Kỳ, tỉnh Quảng Nam"},{"address":"Bệnh viện Sản Nhi tỉnh Quảng Ninh, P.Đại Yên, TP.Hạ Long, tỉnh Quảng Ninh"},{"address":"ĐH Hạ Long, 258 Bạch Đằng, P. Nam Khê, TP Uông Bí, tỉnh QN"},{"address":"Số 131 đường 25/4, Tổ 26, khu 2B, phường Bạch Đằng, thành phố Hạ Long, tỉnh Quảng Ninh"},{"address":"Số 412 đường Quang Trung, phường Quang Trung, thành phố Uông Bí, tỉnh Quảng Ninh"},{"address":"Tòa nhà City Complex, Tổ 4, khu 10, phường Hồng Hải, thành phố Hạ Long, tỉnh Quảng Ninh"},{"address":"Khách sạn Bưu điện Hạ Long, ngã ba Vườn Đào, phường Bãi Cháy, thành phố Hạ Long, tỉnh Quảng Ninh."},{"address":"Số 660, đường Hạ Long, Tổ 8, khu 9A, phường Bãi Cháy, thành phố Hạ Long, tỉnh Quảng Ninh. "},{"address":"Số nhà 194, tổ 1, khu 3B, phường Giếng Đáy, thành phố Hạ Long, tỉnh Quảng Ninh"},{"address":"Khu 7, thị trấn Cái Rồng, huyện Vân Đồn, tỉnh Quảng Ninh "},{"address":"Số 158 Trần Phú, Tổ 30B, phường Cẩm Tây, thành phố Cẩm Phả, tỉnh Quảng Ninh"},{"address":"Số 432 đường Lý Thường Kiệt, phường Cửa Ông, thành phố Cẩm Phả, tỉnh Quảng Ninh "},{"address":"Số 26 đường Lê Thánh Tôn, phường Nghĩa Chánh, thành phố Quảng Ngãi, tỉnh Quảng Ngãi"},{"address":"Số PG1-34 và PG1-35 thuộc Dự án Tổ hợp Trung tâm thương mại, Khách sạn tiêu chuẩn 5 sao và nhà phố Shophouse Tây Ninh tại đường 30/4, phường 3, thành phố Tây Ninh, tỉnh Tây Ninh"},{"address":"Công ty Cao su An Cố, Ấp Trâm Vàng, xã Thanh Phước, huyện Gò Dầu, tỉnh Tây Ninh."},{"address":"Số 69A7-69A8-69A9, 69 Nguyễn Trãi, Phường 7, Thành phố Mỹ Tho, Tiền Giang"},{"address":"Công ty TNHH Long Uyên, 999 tỉnh lộ 864 ấp Tây, xã Kim Sơn, H. Châu Thành, Tiền Giang"},{"address":"Công ty TNHH Plummy Garment Việt Nam, Lô CN - 2, cụm CN Hưng Nhân, TT Hưng Nhân, huyện Hưng Hà, tỉnh Thái Bình"},{"address":"Lô số 78, thuộc dự án khu đô thị Kỳ Bá, thành phố Thái Bình, tỉnh Thái Bình"},{"address":"Số 7 đường Quang Trung, phường Quang Trung, thành phố Thái Bình, tỉnh Thái Bình"},{"address":"Công ty TNHH Giày Victory, Lô C, Lô D Cụm Công Nghiệp, Thị Trấn Vũ Thư, Huyện Vũ Thư, Tỉnh Thái Bình."},{"address":"Công ty TNHH quốc tế Molatex, Khu công nghiệp Phúc Khánh, Phường Phúc Khánh, TP Thái Bình."},{"address":"Công ty TNHH Young Jin Hi-tech Việt Nam, KCN Điềm Thụy, xã Điềm Thụy, huyện Phú Bình, tỉnh Thái Nguyên"},{"address":"Số 25 đường Hoàng Văn Thụ, phường Phan Đình Phùng, thành phố Thái Nguyên, tỉnh Thái Nguyên"},{"address":"Số 675 Lương Ngọc Quyến,  phường Phan Đình Phùng, thành phố Thái Nguyên "},{"address":"Lô 02-03 Khu nhà liền kề Phan Chu Trinh, phường Điện Biên, thành phố Thanh Hoá, tỉnh Thanh Hóa. "},{"address":"Số 14B Lý Thường Kiệt, phường Vĩnh Ninh, thành phố Huế, tỉnh Thừa Thiên Huế"},{"address":"Số 74-76 Lê Lợi, phường 02, thành phố Trà Vinh, tỉnh Trà Vinh"},{"address":"Số 12A Hoàng Thái Hiếu, phường 1, thành phố Vĩnh Long, tỉnh Vĩnh Long"},{"address":"Số 02 đường Ngô Quyền, thành phố Vĩnh Yên, tỉnh Vĩnh Phúc"},{"address":"Số 371 đường Mê Linh, phường Khai Quang, thành phố Vĩnh Yên, tỉnh Vĩnh Phúc"},{"address":"Số 23, đường Trần Hưng Đạo, phường Trưng Trắc, thị xã Phúc Yên, tỉnh Vĩnh Phúc"},{"address":"UBND xã Yên Trị, huyện Ý Yên, tỉnh Nam Định"},{"address":"Công ty TNHH may Thiên Sơn, thôn Tam Đa, xã Tam Đa, huyện Phù Cừ, tỉnh Hưng Yên"},{"address":"Tòa nhà Sojo Buôn Ma Thuột, số 15 đường Hùng Vương, phường Tự An, thành phố Buôn Ma Thuột, tỉnh Đăk Lăk"},{"address":"Tầng 1, Tòa nhà A, 190 Nguyễn Tuân, quận Thanh Xuân, thành phố Hà Nội"},{"address":"Khu nhà ở 319 Bồ Đề, tổ 10, phường Bồ Đề, quận Long Biên, TP Hà Nội"},{"address":"Số 367-369 Sư Vạn Hạnh, phường 12, quận 10, thành phố Hồ Chí Minh"},{"address":"Số 70 – 72 Bàu Cát, phường 14, quận Tân Bình, Tp. Hồ Chí Minh"},{"address":"Số 317 Hoàng Diệu, quận Hải Châu, thành phố Đà Nẵng"},{"address":"Số 173A Nguyễn Lương Bằng, phường Hòa Khánh Bắc, quận Liên Chiểu, thành phố Đà Nẵng"},{"address":"22-1, 22-2, 22-3 Tranh Xuyên, Xã Đồng Tâm, huyện Ninh Giang, tỉnh Hải Dương"},{"address":"Sảnh tòa nhà Gold Silk Complex: 430 Cầu Am, Phường Vạn Phúc, Hà Đông, Hà Nội"},{"address":"Trạm Y Tế Xã Đại Thắng, xã Đại Thắng, Huyện Vụ Bản, Tỉnh Nam Định"},{"address":"Tòa nhà Bưu Điện tỉnh Hải Dương, Số 1 Đại lộ Hồ Chí Minh, phường Nguyễn Trãi, thành phố Hải Dương, tỉnh Hải Dương"},{"address":"119+119B+120+121 Nguyễn Đức Cảnh, Phường Cát Dài, Quận Lê Chân, Thành phố Hải Phòng"},{"address":"119+119B+120+121 Nguyễn Đức Cảnh, Phường Cát Dài, Quận Lê Chân, Thành phố Hải Phòng"},{"address":"Tòa nhà Hapulico Complex: số 1 Nguyễn Huy Tưởng, Q. Thanh Xuân, Tp. Hà Nội."},{"address":"Số 362 Đại Lộ Bình Dương, thành phố Thủ Dầu Một, tỉnh Bình Dương"},{"address":"186-188 đường Hùng Vương, phường 6, thành phố Tân An, tỉnh Long An"},{"address":"Siêu thị MM Mega Market Bình Phú, Bình Phú, Phường 11, Quận 6, TP.HCM"},{"address":"1541 đường Trần Hưng Đạo, Phường Mỹ Xuyên, TP. Long Xuyên, tỉnh An Giang"},{"address":"Tòa nhà Hapulico Complex: số 1 Nguyễn Huy Tưởng, Q. Thanh Xuân, Tp. Hà Nội"},{"address":"Số 75-76-77 đường Lạc Hồng, khu phố 4, phường Vĩnh Lạc, thành phố Rạch Giá, tỉnh Kiên Giang."},{"address":"Công ty Esprinta, đường 12, KCN Sóng Thần2, Dĩ An, Bình Dương"},{"address":"Số 54A đường Nguyễn Chí Thanh, phường Láng Thượng, quận Đống Đa, thành phố Hà Nội."},{"address":"Số 06, tòa nhà N03-T3, khu Đoàn Ngoại Giao, phường Xuân Tảo, quận Bắc Từ Liêm, thành phố Hà Nội"},{"address":"Số 27C Điện Biên Phủ, Minh Khai, quận Hồng Bàng, thành phố Hải Phòng."},{"address":"135-145 đường Phan Đình Phùng, Phường 2, Thành phố Đà Lạt, Tỉnh Lâm Đồng"},{"address":"Công ty Cổ phần May BGG Yên Thế, TDP Thành Chung, TT Phồn Xương, Huyện Yên Thế, Tỉnh Bắc Giang"},{"address":"Số 05 Quang Trung, phường Đồng Hải, thành phố Đồng Hới, tỉnh Quảng Bình."},{"address":"Số 101 Nguyễn Trãi, phường 2, quận 5, thành phố Hồ Chí Minh"},{"address":"Số 39 Hàng Khay, phường Tràng Tiền, quận Hoàn Kiếm, TP Hà Nội"}]