[{"address":"Số 33 Phố Tràng Thi, Phường Trần Hưng Đạo, Quận Hoàn Kiếm, TP Hà Nội","province":"HÀ NỘI"},{"address":"Số 77 Trần Hưng Đạo - Quận Hoàn Kiếm - TP. Hà Nội","province":"HÀ NỘI"},{"address":"Số 98 Hoàng Quốc Việt, Nghĩa Đô, Cầu Giấy, TP. Hà Nội","province":"HÀ NỘI"},{"address":"Số 71B Hàng Trống, phường Hàng Trống, quận Hoàn Kiếm, TP.Hà Nội","province":"HÀ NỘI"},{"address":"Ngõ 84, Phố Chùa Láng, Quận Đống Đa, TP. Hà Nội","province":"HÀ NỘI"},{"address":"Số 43 Tràng Thi, quận Hoàn Kiếm, thành phố Hà Nội","province":"HÀ NỘI"},{"address":"Số 1 ngõ 80, Chùa Láng, P. Láng Thượng, Q. Đống Đa, Tp. Hà Nội","province":"HÀ NỘI"},{"address":"Số 1 ngõ 80, Chùa Láng, P. Láng Thượng, Q. Đống Đa, Tp. Hà Nội","province":"HÀ NỘI"},{"address":"(Tòa nhà T&T Riverside) 440 Vĩnh Hưng, Hoàng Mai, TP. Hà Nội","province":"HÀ NỘI"},{"address":"Trung tâm hội nghị Quốc Gia- Đại lộ Thăng Long, Từ Liêm, TP. Hà Nội","province":"HÀ NỘI"},{"address":"Tòa nhà công nghệ cao Bưu chính viễn thông, phường Xuân La, quận Tây Hồ, TP. Hà Nội","province":"HÀ NỘI"},{"address":"Số 123E Thụy Khuê, phường Thụy Khuê, quận Tây Hồ, TP. Hà Nội","province":"HÀ NỘI"},{"address":"Số 2A Đại Cồ Việt, phường Lê Đại Hành, Quận Hai Bà Trưng, Thành phố Hà Nội, Việt Nam","province":"HÀ NỘI"},{"address":"Tòa nhà Trung Tâm Hạ Tầng Mạng Miền Bắc- Số 28 ngõ Simco, quận Cầu Giấy, Thành phố Hà Nội","province":"HÀ NỘI"},{"address":"Số 77 Trần Hưng Đạo - Hoàn Kiếm - Hà Nội","province":"HÀ NỘI"},{"address":"Số 81 Trần Hưng Đạo, Quận Hoàn Kiếm, TP.Hà Nội","province":"HÀ NỘI"},{"address":"Số 11 Hàn Thuyên, Hai Bà Trưng, TP.Hà Nội","province":"HÀ NỘI"},{"address":"Số 81 Trần Hưng Đạo, Quận Hoàn Kiếm, TP.Hà Nội","province":"HÀ NỘI"},{"address":"Số 49 Ngô Quyền, Phường Hàng Bài, Quận Hoàn Kiếm, TP. Hà Nội","province":"HÀ NỘI"},{"address":"Tầng 1 nhà số 88 Phạm Ngọc Thạch, Phường Trung Tự, Quận Đống Đa, Thành phố Hà Nội","province":"HÀ NỘI"},{"address":"Số 34 - Giang Văn Minh, Phường Kim Mã, Quận Ba Đình, TP.Hà Nội","province":"HÀ NỘI"},{"address":"Số 335, Đường Hoàng Quốc Việt, P. Nghĩa Tân, Quận Cầu Giấy, TP. Hà Nội.","province":"HÀ NỘI"},{"address":"Số 61 Hàng Cót, phường Hàng Mã, quận Hoàn Kiếm, TP.Hà Nội","province":"HÀ NỘI"},{"address":"Số 352A phố Minh Khai, Phường Vĩnh Tuy, Quận Hai Bà Trưng, TP Hà Nội","province":"HÀ NỘI"},{"address":"Sàn thương mại số 1-08 và 1-09, tầng 1, khối đế tòa W1 và W2, lô đất HH, dự án Tổ hợp công trình Vinhomes Melodia (Vinhomes West Point), đường Phạm Hùng, phường Mễ Trì, quận Nam Từ Liêm, thành phố Hà Nội","province":"HÀ NỘI"},{"address":"Tòa nhà N01 – T3 Khu Đoàn Ngoại Giao, Phường Xuân Tảo, Quận Bắc Từ Liêm, TP HN","province":"HÀ NỘI"},{"address":"Số 62 Phố Hồng Tiến, Phường Bồ Đề, Quận Long Biên, Thành phố Hà Nội","province":"HÀ NỘI"},{"address":"A15 Lô 9 Khu Đô thị mới Định Công, Phường Định Công, Hoàng Mai, TP Hà Nội","province":"HÀ NỘI"},{"address":"Số 64B Minh Khai, Phường Trương Định, Hai Bà Trưng, TP Hà Nội","province":"HÀ NỘI"},{"address":"Tầng 1 tòa nhà 18T2, Khu đô thị mới Trung Hòa Nhân Chính, Phường Nhân Chính, Quận Thanh Xuân, TP Hà Nội","province":"HÀ NỘI"},{"address":"Số 121 phố Lê Thanh Nghị, Phường Đồng Tâm, Quận Hai Bà Trưng, TP. Hà Nội","province":"HÀ NỘI"},{"address":"Tòa nhà South Building, Đường Trần Thủ Độ, Khu đô thị Pháp Vân, Phường Hoàng Liệt, Quận Hoàng Mai, TP Hà Nội","province":"HÀ NỘI"},{"address":"Số 107 Đường Cao Lỗ, Thôn Phan Xá, Xã Uy Nỗ, Huyện Đông Anh, Thành phố Hà Nội, Việt Nam","province":"HÀ NỘI"},{"address":"Số 62 phố Lý Thường Kiệt, phường Trần Hưng Đạo, Quận Hoàn Kiếm, TP. Hà Nội","province":"HÀ NỘI"},{"address":"Số 182 Lạc Trung Phường Vĩnh Tuy, Quận Hai Bà Trưng, TP. Hà Nội","province":"HÀ NỘI"},{"address":"Số 34 Giang Văn Minh, P. Cống Vị, Ba Đình, TP.Hà Nội","province":"HÀ NỘI"},{"address":"Tòa nhà VTN, Số 30 Phạm Hùng, Quận Cầu Giấy, Hà Nội","province":"HÀ NỘI"},{"address":"Số 49 Ngô Quyền, P Hàng Bài, Quận Hoàn Kiếm, TP.Hà Nội","province":"HÀ NỘI"},{"address":"Tòa nhà công nghệ cao Bưu chính viễn thông, phường Xuân La, quận Tây Hồ, TP. Hà Nội","province":"HÀ NỘI"},{"address":"Số 91 Nguyễn Chí Thanh, phường Láng Hạ, quận Đống Đa, TP. Hà Nội","province":"HÀ NỘI"},{"address":"Số 434 phố Xã Đàn, phường Nam Đồng, Quận Đống Đa, TP Hà Nội.","province":"HÀ NỘI"},{"address":"Số 08 A1+A2 Đường Lê Đức Thọ, Mỹ Đình, Bắc Từ Liêm. TP. Hà Nội","province":"HÀ NỘI"},{"address":"150 Trung Kính – Phường Yên Hòa – Quận Cầu Giấy – Hà nội","province":"HÀ NỘI"},{"address":"Số 27 Phố Đào Tấn, Phường Ngọc Khánh,Quận Ba Đình TP Hà Nội","province":"HÀ NỘI"},{"address":"Số 350 Phố Tây Sơn, P. Ngã Tư Sở, Q. Đống Đa, TP.Hà Nội","province":"HÀ NỘI"},{"address":"Thửa 43+44 Khu tập thể Công ty Vật tư tổng hợp, Đường Tô Hiệu, Phường Quang Trung, Q. Hà Đông, TP. Hà Nội.","province":"HÀ NỘI"},{"address":"Căn ML6-32, Shophouse - Vinhomes Green Bay, đường Lương Thế Vinh, Phường Mễ Trì, Quận Nam Từ Liêm, Hà Nội","province":"HÀ NỘI"},{"address":"Số 314, đường Lạc Long Quân, phường Xuân La, quận Tây Hồ, TP.Hà Nội","province":"HÀ NỘI"},{"address":"Số 8 Hàng Hành, phường hàng Trống, quận Hoàn Kiếm, TP.Hà Nội","province":"HÀ NỘI"},{"address":"Số 21 Láng Hạ, phường Thành Công, quận Ba Đình, TP. Hà Nội","province":"HÀ NỘI"},{"address":"Tầng F1, tòa nhà 187 Nguyễn Lương Bằng, phường Quang Trung, quận Đống Đa, TP.Hà Nội","province":"HÀ NỘI"},{"address":"Tổ 32 + 32B Bãi Cát Linh, Phường Cát Linh, Q. Đống Đa, TP. Hà Nội","province":"HÀ NỘI"},{"address":"Số 95 phố Vương Thừa Vũ, phường Khương Mai, quận Thanh Xuân, TP.Hà Nội","province":"HÀ NỘI"},{"address":"116-117-A6, Giảng Võ, phố Trần Huy Liệu, phường Giảng Võ, Ba Đình, TP.Hà Nội","province":"HÀ NỘI"},{"address":"Số 128-130 Phố Yên Lãng, phường Thịnh Quang, quận Đống Đa, thành phố Hà Nội","province":"HÀ NỘI"},{"address":"Tầng 1, chung cư HH1, Meco Complex, Ngõ 102, Đường Trường Chinh, Phường Phương Mai, Quận Đống Đa, TP Hà Nội","province":"HÀ NỘI"},{"address":"Số 21 Láng Hạ, phường Thành Công, Quận Đống Đa, TP.Hà Nội","province":"HÀ NỘI"},{"address":"Số 31 phố Cửa Bắc, phường Trúc Bạch, quận Ba Đình, thành phố Hà Nội","province":"HÀ NỘI"},{"address":"Số 261 đường Phạm Văn Đồng, phường Xuân Đỉnh, quận Bắc Từ Liêm, TP. Hà Nội","province":"HÀ NỘI"},{"address":"Số 71B Hàng Trống, phường Hàng Trống, quận Hoàn Kiếm, TP.Hà Nội","province":"HÀ NỘI"},{"address":"Số 125 D Lò Đúc, Phường Đống Mác, Quận Hai Bà Trưng, Hà Nội.","province":"HÀ NỘI"},{"address":"Số 17B Hàm Long, phường Phan Chu Trinh, quận Hoàn Kiếm, thành phố Hà Nội","province":"HÀ NỘI"},{"address":"Số 165 phố Khâm Thiên, Phường Thổ Quan, Quận Đống Đa, TP Hà Nội","province":"HÀ NỘI"},{"address":"51 Triệu Việt Vương, phường Bùi Thị Xuân, quận Hai Bà Trưng, TP.Hà Nội","province":"HÀ NỘI"},{"address":"2A phố Đại Cổ Việt, phường Lê Đại Hành, quận Hai Bà Trưng, Hà Nội","province":"HÀ NỘI"},{"address":"Số 40 phố Hàng Giấy, phường Đồng Xuân, Quận Hoàn Kiếm, Hà Nội","province":"HÀ NỘI"},{"address":"số 106 -108 nhà K9 Khu đô thị mới Việt Hưng, Giang Biên, Long Biên, TP.Hà Nội","province":"HÀ NỘI"},{"address":"Số 247 Nguyễn Văn Cừ, Ngọc Lâm, Long Biên, Hà Nội","province":"HÀ NỘI"},{"address":"Số 6, đường Cầu Bươu, Xã Tân Triều, Huyện Thanh Trì, Hà Nội","province":"HÀ NỘI"},{"address":"Số 145 phố Yên Phụ, tổ 15, cụm 3, phường Yên Phụ, quận Tây Hồ, TP. Hà Nội","province":"HÀ NỘI"},{"address":"Số 40, phố Hàng Giấy, phường Hàng Giấy, phường Đồng Xuân, quận Hoàn Kiếm, Thành phố Hà Nội","province":"HÀ NỘI"},{"address":"Số 454 Phạm Văn Đồng, Quận Bắc Từ Liêm, Hà Nội","province":"HÀ NỘI"},{"address":"Số 106-108 nhà K9 Khu đô thị mới Việt Hưng, P. Giang Biên, Q.Long Biên, Hà Nội","province":"HÀ NỘI"},{"address":"Tầng 1, Nhà A4, khu đô thị Mỹ Đình I, phường Cầu Diễn, quận Nam Từ Liêm, TP Hà Nội","province":"HÀ NỘI"},{"address":"Căn dịch vụ số 101, Lô C, Khu D5, Nguyễn Phong Sắc, phường Dịch Vọng Hậu, Q.Cầu Giấy, Hà Nội","province":"HÀ NỘI"},{"address":"Số 249, Trần Đăng Ninh, phường Dịch Vọng, quận Cầu Giấy, Hà Nội","province":"HÀ NỘI"},{"address":"Tòa nhà H.I.T.C số 239 Xuân Thủy, phường Dịch Vọng Hậu, quận Cầu Giấy, Hà Nội","province":"HÀ NỘI"},{"address":"Tầng 1, tòa B, Dự án Thống Nhất Complex, số 82 phố Nguyễn Tuân, phường Thanh Xuân Trung, quận Thanh Xuân, thành phố Hà Nội","province":"HÀ NỘI"},{"address":"Tòa nhà H.I.T.C số 239 Xuân Thủy, phường Dịch Vọng Hậu, quận Cầu Giấy, Hà Nội","province":"HÀ NỘI"},{"address":"Tòa nhà Dolphin Plaza, Số 28 Trần Bình, Mỹ Đình, Cầu Giấy, Hà Nội","province":"HÀ NỘI"},{"address":"Số 98 Đường Hoàng Quốc Việt, Phường Nghĩa Đô, Quận Cầu Giấy, TP Hà Nội","province":"HÀ NỘI"},{"address":"Số 14 Nguyễn Khánh Toàn, phường Quan Hoa, quận Cầu Giấy. TP Hà Nội","province":"HÀ NỘI"},{"address":"Số 203 Đường Lạc Long Quân, Phường Nghĩa Đô, Quận Cầu Giấy, TP Hà Nội","province":"HÀ NỘI"},{"address":"Số 314 - 316 Đường Hồ Tùng Mậu, Phường Phú Diễn, Q.Bắc Từ Liêm, TP. Hà Nội","province":"HÀ NỘI"},{"address":"Số 355-357 Phố Đội Cấn, Phường Liễu Giai, quận Ba Đình, thành phố Hà Nội.","province":"HÀ NỘI"},{"address":"Số 266, Phố Đội Cấn, Quận Ba Đình, Hà Nội","province":"HÀ NỘI"},{"address":"Số 190, Thái Hà, phường Trung Liệt, quận Đống Đa, Hà Nội","province":"HÀ NỘI"},{"address":"Lô 8/100 Hoàng Cầu , phường Ô Chợ Dừa, quận Đống Đa, TP Hà Nội","province":"HÀ NỘI"},{"address":"Số 184, Tôn Đức Thắng, phường Hàng Bột, quận Đống Đa, TP. Hà Nội","province":"HÀ NỘI"},{"address":"Số 28 Liễu Giai, phường Cống Vị, Quận Ba Đình, Hà Nội","province":"HÀ NỘI"},{"address":"Số 68 Nguyễn Chí Thanh, Quận Đống Đa, Hà Nội","province":"HÀ NỘI"},{"address":"Số 11 Hàn Thuyên, phường Phạm Đình Hổ, quận Hai Bà Trưng, Hà Nội","province":"HÀ NỘI"},{"address":"số 2 TT6M3 Bắc Linh Đàm, đường Nguyễn Hữu Thọ, phường Đại Kim, quận Hoàng Mai, Hà Nội","province":"HÀ NỘI"},{"address":"Tầng 2 + 3 căn nhà số 361 phố Bạch Mai, tổ 43, phường Bạch Mai, quận Hai Bà Trưng, thành phố Hà Nội","province":"HÀ NỘI"},{"address":"Số 26 Tổ 6, phường Tân Mai, Quận Hoàng Mai, Thành phố Hà Nội","province":"HÀ NỘI"},{"address":"Tầng 1, Tòa nhà trụ sở Công ty TNHH một thành viên đầu tư và xây lắp ACC trực thuộc Bộ quốc phòng Số 210 Phố Lê Trọng Tấn, Quận Thanh Xuân, TP Hà Nội","province":"HÀ NỘI"},{"address":"Số 11 Hàn Thuyên, Hai Bà Trưng, TP.Hà Nội","province":"HÀ NỘI"},{"address":"Tầng 1, Tòa nhà 17T1, Khu đô thị Trung Hòa - Nhân Chính, phường Trung Hòa, quận Cầu Giấy, TP Hà Nội","province":"HÀ NỘI"},{"address":"Tầng 1, tòa nhà G4, chung cư Five Star Garden, số 2 Kim Giang, P. Kim Giang, Q. Thanh Xuân, Hà Nội","province":"HÀ NỘI"},{"address":"Số 23 Lô 12B Khu đô thị Trung Yên, phường Trung Hòa, quận Cầu Giấy, thành phố Hà Nội","province":"HÀ NỘI"},{"address":"Tầng 1, Tòa nhà 17T1, Khu đô thị Trung Hòa - Nhân Chính, P.Trung Hòa, Q.Cầu Giấy, Hà Nội","province":"HÀ NỘI"},{"address":"Số 16-18, đường Nguyễn Khuyến, phường Văn Quán, Quận Hà Đông, Thành phố Hà Nội.","province":"HÀ NỘI"},{"address":"Tầng 1 Tòa nhà Housinco Phùng Khoang, Ô đất CT2, Khu đô thị mới Phùng Khoang, Phường Trung Văn , Quận Nam Từ Liêm, thành phố Hà Nội","province":"HÀ NỘI"},{"address":"Số 110 Thái Thịnh, P.Trung Liệt, Q. Đống Đa, Hà Nội","province":"HÀ NỘI"},{"address":"Tầng 1 Lô C16 - NV5, ô 11 khu C, Khu đô thị Lê Trọng Tấn - Geleximco, Phường Dương Nội, Quận Hà Đông, TP Hà Nội","province":"HÀ NỘI"},{"address":"Tầng 1, lô CT01, tòa nhà TSQ, Khu đô thị Mỗ Lao, phường Mộ Lao, quận Hà Đông, TP.Hà Nội","province":"HÀ NỘI"},{"address":"Số 16-18, đường Nguyễn Khuyến, Phường Văn Quán, Quận Hà Đông, Thành phố Hà Nội","province":"HÀ NỘI"},{"address":"Tầng 1, lô CT01, tòa nhà TSQ, Khu đô thị Mỗ Lao, phường Mộ Lao, quận Hà Đông, TP.Hà Nội","province":"HÀ NỘI"},{"address":"Số 02 Hàng Buồm, Hoàn Kiếm, Hà Nội","province":"HÀ NỘI"},{"address":"Tầng 3, tòa nhà 71B Hàng Trống, phường Hàng Trống, quận Hoàn Kiếm, Hà Nội","province":"HÀ NỘI"},{"address":"Số nhà 465 Hoàng Văn Thụ, P.4, Q.Tân Bình, TP. Hồ Chí Minh","province":"HỒ CHÍ MINH"},{"address":"Số 126 Bàu Cát, phường 14, quận Tân Bình, TP. Hồ Chí Minh","province":"HỒ CHÍ MINH"},{"address":"Tòa nhà Sailing Tower, Số 111A Pasteur, Phường Bến Nghé, Quận 1, TP Hồ Chí Minh","province":"HỒ CHÍ MINH"},{"address":"Số 41-43-45 Pasteur, Phường Nguyễn Thái Bình, Quận 1, TP. HCM.","province":"HỒ CHÍ MINH"},{"address":"Số 18 Châu Văn Liêm, Phường 10, Quận 5, Thành phố Hồ Chí Minh","province":"HỒ CHÍ MINH"},{"address":"159 Xô Viết Nghệ Tĩnh, Phường 17, Quận Bình Thạnh, Thành phố Hồ Chí Minh","province":"HỒ CHÍ MINH"},{"address":"Số 50, Tô Hiến Thành, Phường 15, Quận 10, Thành phố Hồ Chí Minh.","province":"HỒ CHÍ MINH"},{"address":"Số 273 Quang Trung, Phường 10, Quận Gò Vấp, Thành phố Hồ Chí Minh","province":"HỒ CHÍ MINH"},{"address":"Số 204B-204C Nguyễn Thị Định, phường An Phú, Thành phố Thủ Đức, TP.HCM","province":"HỒ CHÍ MINH"},{"address":"Số 871 Lũy Bán Bích, Phường Tân Thành, Quận Tân Phú, TP.HCM","province":"HỒ CHÍ MINH"},{"address":"Toàn bộ căn nhà Số 465 + 483/15A Lê Văn Sỹ, Phường 12, Quận 3, TP Hồ Chí Minh","province":"HỒ CHÍ MINH"},{"address":"Số 65 Vĩnh Viễn, Phường 2, Quận 10, TP. Hồ Chí Minh","province":"HỒ CHÍ MINH"},{"address":"Số 179A Đường Nơ Trang Long, P.12, Quận Bình Thạnh, TP.HCM","province":"HỒ CHÍ MINH"},{"address":"Số 378 Nguyễn Thị Thập, Phường Tân Quy, Quận 7, TP. HCM","province":"HỒ CHÍ MINH"},{"address":"Số 265 Đường Nguyễn Văn Luông, Phường 12, Quận 6, TP.Hồ Chí Minh","province":"HỒ CHÍ MINH"},{"address":"53A Phạm Viết Chánh, Phường Nguyễn Cư Trinh, Quận 1, TP Hồ Chí Minh","province":"HỒ CHÍ MINH"},{"address":"Số 402 Cộng Hòa, P.13, Quận Tân Bình, TP Hồ Chí Minh","province":"HỒ CHÍ MINH"},{"address":"Số 749 Phan Văn Trị, Phường 7, Quận Gò Vấp, Thành phố Hồ Chí Minh, Việt Nam","province":"HỒ CHÍ MINH"},{"address":"Số: 242A đường Bạch Đằng, Phường 24, Quận Bình Thạnh, TP. HCM","province":"HỒ CHÍ MINH"},{"address":"Số 41-43-45 Pasteur, Nguyễn Thái Bình, Quận 1, TP. HCM","province":"HỒ CHÍ MINH"},{"address":"Đài VOH, Số 03 Nguyễn Đình Chiểu, P. Đa Kao, Quận 1 , TP Hồ Chí Minh","province":"HỒ CHÍ MINH"},{"address":"Số 177, Hai Bà Trưng, Phường 6, Quận 3, Thành phố Hồ Chí Minh","province":"HỒ CHÍ MINH"},{"address":"Lô H3, Đường Hoàng Diệu, phường 6, quận 4, TP.Hồ Chí Minh","province":"HỒ CHÍ MINH"},{"address":"Số 54/3/22 Bạch Đằng, phường 2, quận Tân Bình, thành phố Hồ Chí Minh","province":"HỒ CHÍ MINH"},{"address":"Số 25 (D1-11) Đường Nguyễn Văn Linh, Khu phố Mỹ Hưng, Phường Tân Phong, Quận 7, TP.HCM","province":"HỒ CHÍ MINH"},{"address":"Một phần căn nhà Số 517-519 đường Minh Phụng, phường 10, quận 11, thành phố Hồ Chí Minh","province":"HỒ CHÍ MINH"},{"address":"Số 852 Trường Chinh, phường 15, quận Tân Bình, TP. HCM","province":"HỒ CHÍ MINH"},{"address":"Lô H3 Hoàng Diệu, Phường 6, Quận 4, TP Hồ Chí Minh","province":"HỒ CHÍ MINH"},{"address":"Lô H3 Hoàng Diệu, Phường 6, Quận 4, TP Hồ Chí Minh","province":"HỒ CHÍ MINH"},{"address":"Một phần căn nhà Số 517-519 đường Minh Phụng, phường 10, quận 11, thành phố Hồ Chí Minh","province":"HỒ CHÍ MINH"},{"address":"Số 852 Trường Chinh, phường 15, quận Tân Bình","province":"HỒ CHÍ MINH"},{"address":"Số 186 – 188 Lê Thánh Tôn, phường Bến Thành, Quận 1, TP.Hồ Chí Minh","province":"HỒ CHÍ MINH"},{"address":"Số 127 Trần Huy Liệu, phường 12, quận Phú Nhuận, TP. Hồ Chí Minh","province":"HỒ CHÍ MINH"},{"address":"Trung tâm Thương mại Bình Điền, Đại lộ Nguyễn Văn Linh, Khu phố 6, phường 7, quận 8, TP.Hồ Chí Minh","province":"HỒ CHÍ MINH"},{"address":"Số 127 Trần Huy Liệu, phường 12, quận Phú Nhuận, TP. Hồ Chí Minh","province":"HỒ CHÍ MINH"},{"address":"Số 226-228 Trần Thành Ngọ, quận Kiến An, thành phố Hải Phòng","province":"HẢI PHÒNG"},{"address":"(Công ty TNHH May Quốc tế Michelle Vina) - thôn Thắng Lợi, xã An Hưng, Huyện An Dương, Hải Phòng","province":"HẢI PHÒNG"},{"address":"Số 2 lô 16D, đường Lê Hồng Phong, Phường Đường Lâm, Quận Hải An, Thành phố Hải Phòng","province":"HẢI PHÒNG"},{"address":"Số 1D Phố Mới, xã Tân Dương, huyện Thủy Nguyên, thành phố Hải Phòng","province":"HẢI PHÒNG"},{"address":"Tòa nhà DG Tower, số 15 Trần Phú, phường Lương Khánh Thiện, Quận Ngô Quyền, TP. Hải Phòng","province":"HẢI PHÒNG"},{"address":"Số 226-228 phố Trần Thành Ngọ, phường Trần Thành Ngọ, Quận Kiến An, TP Hải Phòng","province":"HẢI PHÒNG"},{"address":"Số 458 đường Lạch Tray, phường Đằng Giang, Quận Ngô Quyền, TP Hải Phòng","province":"HẢI PHÒNG"},{"address":"Số 282 đường Đà Nẵng, phường Vạn Mỹ, quận Ngô Quyền, Thành Phố Hải Phòng.","province":"HẢI PHÒNG"},{"address":"Tầng 1, Tòa nhà 10 tầng Văn phòng cho thuê Việt Úc, số 2, lô 16D, đường Lê Hồng Phong, phường Đằng Lâm, quận Hải An, thành phố Hải Phòng","province":"HẢI PHÒNG"},{"address":"Số 162 đường Hà Nội, phường Quán Toan, quận Hồng Bàng, TP. Hải Phòng","province":"HẢI PHÒNG"},{"address":"Số 303 phố Tô Hiệu, phường Hồ Nam, quận Lê Chân, TP. Hải Phòng","province":"HẢI PHÒNG"},{"address":"Số 125 phố Văn Cao, phường Đằng Giang, quận Ngô Quyền, TP. Hải Phòng","province":"HẢI PHÒNG"},{"address":"Số 332-334 phố Trần Nguyên Hãn, phường Niệm Nghĩa, quận Lê Chân, TP Hải Phòng","province":"HẢI PHÒNG"},{"address":"Tòa nhà DG Tower - Số 15, Trần Phú, phường Bạch Đằng, Quận Ngô Quyền, TP. Hải Phòng","province":"HẢI PHÒNG"},{"address":"Khu 06, thị trấn Tiên Lãng, huyện Tiên Lãng, Thành phố Hải Phòng","province":"HẢI PHÒNG"},{"address":"Số 16 Phố Lãn Ông, phường Phan Bội Châu, Quận Hồng Bàng, TP. Hải Phòng;","province":"HẢI PHÒNG"},{"address":"Số 210 Phố Hàng Kênh, phường Hàng Kênh, quận Lê Chân, TP.Hải Phòng","province":"HẢI PHÒNG"},{"address":"Tầng 1 nhà số 8 Lô 22B, đường Lê Hồng Phong, phường Đông Khê, quận Ngô Quyền, TP.Hải Phòng","province":"HẢI PHÒNG"},{"address":"210 Hàng Kênh, Phường Hàng Kênh, quận Lê Chân, TP Hải Phòng","province":"HẢI PHÒNG"},{"address":"Công ty TNHH P.I.T VINA, Thắng Lợi, Xã An Hưng, Huyện An Dương, Thành phố Hải Phòng","province":"HẢI PHÒNG"},{"address":"Số 180 đường Trường Chinh, Phường Lãm Hà, Quận Kiến An, TP. Hải Phòng","province":"HẢI PHÒNG"},{"address":"(Công ty TNHH May Quốc tế Michelle Vina) - thôn Thắng Lợi, xã An Hưng, Huyện An Dương, Hải Phòng","province":"HẢI PHÒNG"},{"address":"Cụm ATM tại nút giao Lê Đình Dương, Trần Phú, Nguyễn Văn Linh, quận Hải Châu, tp Đà Nẵng","province":"ĐÀ NẴNG"},{"address":"143 Xô Viết Nghệ Tĩnh, Phường Khuê Trung, Quận Cẩm Lệ, Tp Đà Nẵng","province":"ĐÀ NẴNG"},{"address":"Số 731 Tôn Đức Thắng, Phường Hòa Khánh Bắc, Quận Liên Chiểu, Đà Nẵng","province":"ĐÀ NẴNG"},{"address":"Số 193 đường Điện Biên Phủ, Phường Chính Gián, Quận Thanh Khê, TP. Đà Nẵng","province":"ĐÀ NẴNG"},{"address":"Số 02-298, Trường Sa, Quận Ngũ Hành Sơn, Thành phố Đà Nẵng (Cocobay)","province":"ĐÀ NẴNG"},{"address":"Foster - KCN Hòa Cầm, quận Cẩm Lệ, tp Đà Nẵng","province":"ĐÀ NẴNG"},{"address":"PIVINA - KCN Hòa Khánh, quận Liên Chiểu, tp Đà Nẵng","province":"ĐÀ NẴNG"},{"address":"59 Núi Thành, quận Hải Châu, Tp Đà Nẵng","province":"ĐÀ NẴNG"},{"address":"Số 48 Nguyễn Văn Thoại, quận Ngũ Hành Sơn, Tp Đà Nẵng","province":"ĐÀ NẴNG"},{"address":"Số 731 Tôn Đức Thắng, Phường Hòa Khánh Bắc, Quận Liên Chiểu, Đà Nẵng","province":"ĐÀ NẴNG"},{"address":"Số 48 đường Nguyễn Văn Thoại, P. Mỹ An, quận Ngũ Hành Sơn, TP. Đà Nẵng","province":"ĐÀ NẴNG"},{"address":"Số 06 Nguyễn Văn Linh, Phường Nam Dương, Quận Hải Châu, TP. Đà Nẵng","province":"ĐÀ NẴNG"},{"address":"Số 731 Tôn Đức Thắng, Phường Hòa Khánh Bắc, Quận Liên Chiểu, Đà Nẵng","province":"ĐÀ NẴNG"},{"address":"Số 639 đường Điện Biên Phủ, Phường An Khê, Quận Thanh Khê, TP. Đà Nẵng","province":"ĐÀ NẴNG"},{"address":"Số 202 Đống Đa, Phường Thuận Phước, Quận Hải Châu, TP. Đà Nẵng.","province":"ĐÀ NẴNG"},{"address":"Số 59 Núi Thành, phường Hòa Thuận Đông, quận Hải Châu, TP. Đà Nẵng","province":"ĐÀ NẴNG"},{"address":"Số 202 Đống Đa, Phường Thuận Phước, Quận Hải Châu, TP. Đà Nẵng","province":"ĐÀ NẴNG"},{"address":"Số 205-207 Nguyễn Văn Linh, Phường Nam Dương, Quận Hải Châu, Thành phố Đà Nẵng","province":"ĐÀ NẴNG"},{"address":"124 Nguyễn Thị Minh Khai, Phường Hải Châu 1, Quận Hải Châu, Thành phố Đà Nẵng","province":"ĐÀ NẴNG"},{"address":"Số 278 Nguyễn Hữu Thọ, Phường Hòa Cường Bắc, Quận Hải Châu, Thành phố Đà Nẵng","province":"ĐÀ NẴNG"},{"address":"108 Triệu Nữ Vương, Phường Hải Châu II, Quận Hải Châu, Thành phố Đà Nẵng","province":"ĐÀ NẴNG"},{"address":"51 Lê Duẩn, quận Thanh Khê, Thành phố Đà Nẵng","province":"ĐÀ NẴNG"},{"address":"(Khu nghỉ dưỡng và Nhà ở cao cấp Nam An Resort )- Đường Trường Sa, Phường Hòa Hải, Quận Ngũ Hành Sơn, Thành phố Đà Nẵng","province":"ĐÀ NẴNG"},{"address":"Ngã 6, phố Lý Công Uẩn, Phường Kim Tân, TP. Lào Cai","province":"LÀO CAI"},{"address":"033 đường Cốc Lếu, phường Cốc Lếu, TP. Lào Cai, tỉnh Lào Cai","province":"LÀO CAI"},{"address":"Phố Lý Công Uẩn, ngã 6, phường Kim Tân, TP. Lào Cai, tỉnh Lào Cai","province":"LÀO CAI"},{"address":"Số 045, đường Phan Đình Phùng, phường Phố Mới, TP. Lào Cai, tỉnh Lào Cai","province":"LÀO CAI"},{"address":"Số 033, đường Cốc Lếu, phường Cốc Lếu, TP. Lào Cai, tỉnh Lào Cai","province":"LÀO CAI"},{"address":"Số 325 đường Quang Trung, tổ 29, phường Phan Thiết, TP. Tuyên Quang, tỉnh Tuyên Quang","province":"TUYÊN QUANG"},{"address":"Số 138 đường Nguyễn Trãi, tổ 14, phường Tân Quang, thành phố Tuyên Quang, tỉnh Tuyên Quang","province":"TUYÊN QUANG"},{"address":"Số 138, đường Nguyễn Trãi, Tổ 14, Phường Tân Quang, Thành phố Tuyên Quang, Tỉnh Tuyên Quang","province":"TUYÊN QUANG"},{"address":"Số 325 đường Quang Trung, phường Phan Thiết, thành phố Tuyên Quang, tỉnh Tuyên Quang","province":"TUYÊN QUANG"},{"address":"Số 133 đường Lê Lợi, phường Vĩnh Trại, TP Lạng Sơn","province":"LẠNG SƠN"},{"address":"Số 99 đường Chi Lăng, Khu An Ninh, thị trấn Hữu Lũng, huyện Hữu Lũng, tỉnh Lạng Sơn","province":"LẠNG SƠN"},{"address":"Số 133, Đường Lê Lợi, phường Vĩnh Trại, TP. Lạng Sơn, Tỉnh Lạng Sơn","province":"LẠNG SƠN"},{"address":"Cửa hàng Thương mại huyện Hữu Lũng, đường Chi Lăng, Khu An Ninh, thị trấn Hữu Lũng, huyện Hữu Lũng, tỉnh Lạng Sơn","province":"LẠNG SƠN"},{"address":"Số 124 đường Trường Chinh, phường Ba Hàng, thị xã Phổ Yên, tỉnh Thái Nguyên","province":"THÁI NGUYÊN"},{"address":"Số 949 đường Dương Tự Minh, phường Hoàng Văn Thụ, thành phố Thái Nguyên, tỉnh Thái Nguyên","province":"THÁI NGUYÊN"},{"address":"Số 124 đường Trường Chinh, tổ dân phố 5, phường Ba Hàng, thị xã Phổ Yên, Tỉnh Thái Nguyên","province":"THÁI NGUYÊN"},{"address":"Số 949 đường Dương Tự Minh, Tổ 1, Phường Hoàng Văn Thụ, TP Thái Nguyên, Tỉnh Thái Nguyên","province":"THÁI NGUYÊN"},{"address":"Trung tâm thương mại Chợ Minh Cầu, số 2, Đường Minh Cầu, Phường Phan Đình Phùng, Thành phố Thái Nguyên, Tỉnh Thái Nguyên.","province":"THÁI NGUYÊN"},{"address":"Số 2, Đường Minh Cầu, Phường Phan Đình Phùng, Thành Phố Thái Nguyên","province":"THÁI NGUYÊN"},{"address":"Số 375 đường chu Văn Thịnh, phường Chiềng Lề, thành phố Sơn La, tỉnh Sơn La","province":"SƠN LA"},{"address":"Số 375, đường Chu Văn Thịnh, Phường Chiềng Lề, TP. Sơn La, tỉnh Sơn La","province":"SƠN LA"},{"address":"Số 06 đường Kim Ngọc, Thành phố Vĩnh Yên, Tỉnh Vĩnh Phúc","province":"VĨNH PHÚC"},{"address":"Bên phải cổng Cty TNHH DAEWOO APPAREL Việt Nam, lô số 1 khu công nghiệp Khai Quang, TP Vĩnh Yên, Vĩnh Phúc","province":"VĨNH PHÚC"},{"address":"Số 361 đường Mê Linh, phường Liên Bảo, TP. Vĩnh Yên, tỉnh Vĩnh Phúc","province":"VĨNH PHÚC"},{"address":"Số 231 đường Hai Bà Trưng, phường Hùng Vương, thành phố Phúc Yên, tỉnh Vĩnh Phúc","province":"VĨNH PHÚC"},{"address":"Số 361 đường Mê Linh, phường Liên Bảo, TP.Vĩnh Yên, Vĩnh Phúc","province":"VĨNH PHÚC"},{"address":"Số 65, đường Trần Hưng Đạo, thị xã Phúc Yên, Tỉnh Vĩnh Phúc","province":"VĨNH PHÚC"},{"address":"Số 72-74 đường 334, tổ 1, khu 4, thị trấn Cái Rồng, huyện Vân Đồn, tỉnh Quảng Ninh","province":"QUẢNG NINH"},{"address":"Số 1A Trần Phú, phường Quang Trung, TP Cẩm Phả, tỉnh Quảng Ninh","province":"QUẢNG NINH"},{"address":"Khu tập thể 314 Công ty Than Vàng Danh Vinacomin – Phường Vàng Danh, TP Uông Bí, Tỉnh Quảng Ninh","province":"QUẢNG NINH"},{"address":"Tòa nhà CT1 - Khu tập thể Công nhân & Trung tâm thương mại Cầu Sến","province":"QUẢNG NINH"},{"address":"Tổ 1, Khu 6, Mạo Khê, Huyện Đông Triều Quảng Ninh (PGD Mạo Khê)","province":"QUẢNG NINH"},{"address":"Số nhà 305, Tổ 4, khu 4, phường Giếng Đáy, thành phố Hạ Long, tỉnh Quảng Ninh","province":"QUẢNG NINH"},{"address":"488 Trần Phú, TP Cẩm Phả, Tỉnh Quảng Ninh (Chi nhánh)","province":"QUẢNG NINH"},{"address":"Số 64 - 66 đường Trần Hưng Đạo, Phường Trần Hưng Đạo, TP Hạ Long, Tỉnh Quảng Ninh.","province":"QUẢNG NINH"},{"address":"Số 18 đường 25/4, Phường Bạch Đằng, TP Hạ Long, tỉnh Quảng Ninh","province":"QUẢNG NINH"},{"address":"Số 333 Phố Mới, Phường Cửa Ông, TP Cẩm Phả, tỉnh Quảng Ninh.","province":"QUẢNG NINH"},{"address":"Tòa nhà Siêu thị Sông Sinh, Số 513 Quang Trung, Tổ 43A, Khu 12, Phường Quang Trung, TP Uông Bí, tỉnh Quảng Ninh","province":"QUẢNG NINH"},{"address":"Số 182 Nguyễn Văn Cừ, Phường Hồng Hải, TP Hạ Long, tỉnh Quảng Ninh","province":"QUẢNG NINH"},{"address":"Số nhà 72-74 tỉnh lộ 334, Tổ 1, Khu 4, Thị trấn Cái Rồng, Huyện Vân Đồn, Tỉnh Quảng Ninh","province":"QUẢNG NINH"},{"address":"Số 132-134, đường Trần Phú, Phường Cẩm Tây, thành phố Cẩm Phả, tỉnh Quảng Ninh","province":"QUẢNG NINH"},{"address":"Số 466, đường Hạ Long, phường Bãi Cháy, TP Hạ Long, tỉnh Quảng Ninh","province":"QUẢNG NINH"},{"address":"Số 66A Tổ 4, Khu Hoàng Hoa Thám, phường Mạo Khê, Thị xã Đông Triều, Quảng Ninh","province":"QUẢNG NINH"},{"address":"Số 109 Đường Trần Phú, thành phố Móng Cái, tỉnh Quảng Ninh","province":"QUẢNG NINH"},{"address":"Số nhà 286 đường Nguyễn Văn Cừ, Phường Hồng Hà, TP Hạ Long, Tỉnh Quảng Ninh","province":"QUẢNG NINH"},{"address":"Số nhà 68 đường Nguyễn Đức Cảnh, Tổ 1 Khu 5, Phường Quang Hanh, TP Cẩm Phả, Quảng Ninh","province":"QUẢNG NINH"},{"address":"488 Trần Phú, TP Cẩm Phả, Tỉnh Quảng Ninh (Chi nhánh)","province":"QUẢNG NINH"},{"address":"Ô 12 Lô A6, Khu đô thị Monbay (Khu đô thị mới phía Đông hòn Cặp Bè), Phường Hồng Hải, TP. Hạ Long, Tỉnh Quảng Ninh","province":"QUẢNG NINH"},{"address":"Số 444, tổ 30, khu 2, phường Cẩm Phú, thành phố Cẩm Phả, tỉnh Quảng Ninh","province":"QUẢNG NINH"},{"address":"Tòa nhà Sông Sinh, P. Quang Trung, thành phố Uông Bí, Quảng Ninh (PGD Uông Bí)","province":"QUẢNG NINH"},{"address":"Tòa nhà Sông Sinh, P. Quang Trung, thành phố Uông Bí, Quảng Ninh (PGD Uông Bí)","province":"QUẢNG NINH"},{"address":"Tòa nhà B, khu TT Công nhân CT Than Dương Huy Vinacomin – khu 4A P.Quang Hanh, Cẩm Phả, Quảng Ninh","province":"QUẢNG NINH"},{"address":"Trụ sở Công ty TNHH 1 TV Than Dương Huy Vinacomin, Phường Cẩm Thạch, TP. Cẩm Phả, Quảng Ninh","province":"QUẢNG NINH"},{"address":"Bưu điện TP Cẩm Phả - Số 375 Trần Phú, Cẩm Phả, Quảng Ninh","province":"QUẢNG NINH"},{"address":"VP CT Than Khe Chàm- Tổ 3, Khu 6, Phường Mông Dương, Cẩm Phả, Quảng Ninh","province":"QUẢNG NINH"},{"address":"Tổ 1, Khu 6, Mạo Khê, Huyện Đông Triều Quảng Ninh (PGD Mạo Khê)","province":"QUẢNG NINH"},{"address":"Khu TT công nhân, công ty than Quang Hanh, tổ 1 khu 6, Phường Quang Hanh, TP. Cẩm Phả, Quảng Ninh","province":"QUẢNG NINH"},{"address":"VP CTCP Kinh doanh Than - Số 170 Trần Phú, Cẩm Phả, Quảng Ninh","province":"QUẢNG NINH"},{"address":"UBND P. Mông Dương - Tổ 2 Khu 6, Phường Mông Dương, Quảng Ninh","province":"QUẢNG NINH"},{"address":"Nhà thi đấu thể thao tỉnh - Cột 3, Đường Nguyễn Văn Cừ, Hồng Hải, TP Hạ Long, Tỉnh Quảng Ninh","province":"QUẢNG NINH"},{"address":"(ATM Công ty tuyển Than Cửa Ông) Số 728 Lý Thường Kiệt, Phường Cửa Ông, Tp Cẩm Phả, Quảng Ninh","province":"QUẢNG NINH"},{"address":"Tổ 4, Khu 1, Phường Mông Dương, TP Cẩm Phả, Quảng Ninh","province":"QUẢNG NINH"},{"address":"(ATM Nhà hàng Thiên Lý) Số 443 Lý Thường Kiệt, Phường Cửa Ông, Tp Cẩm Phả, Quảng Ninh","province":"QUẢNG NINH"},{"address":"Tổ 4, Khu 1, Phường Mông Dương, TP Cẩm Phả, Quảng Ninh","province":"QUẢNG NINH"},{"address":"(Công ty Than Hà Tu) Tổ 3, khu 6, Phường Hà Tu, Thành Phố Hạ Long, Quảng Ninh","province":"QUẢNG NINH"},{"address":"(Công ty Than Hà Tu) Tổ 3, khu 6, Phường Hà Tu, Thành Phố Hạ Long, Quảng Ninh","province":"QUẢNG NINH"},{"address":"ATM Bưu điện cọc sáu: Số 595 Trần Quốc Tảng, khu 8, phường Cẩm Phú, TP. Cẩm Phả, Tỉnh Quảng Ninh","province":"QUẢNG NINH"},{"address":"ATM Chợ Cẩm Đông: Số 190 Bà Triệu, Phường Cẩm Đông, TP Cẩm Phả, Quảng Ninh","province":"QUẢNG NINH"},{"address":"Số 604 Lý Thường Kiệt, Phường Cửa Ông, Thành phố Cẩm Phả, Quảng Ninh","province":"QUẢNG NINH"},{"address":"Công ty Than Mạo Khê, Khu Vĩnh Xuân, thị trấn Mạo Khê, Huyện Đông Triều, Tỉnh Quảng Ninh","province":"QUẢNG NINH"},{"address":"Công ty Than Mạo Khê, Khu Vĩnh Xuân, thị trấn Mạo Khê, Huyện Đông Triều, Tỉnh Quảng Ninh","province":"QUẢNG NINH"},{"address":"Số 466, đường Hạ Long, phường Bãi Cháy, Thành phố Hạ Long, Quảng Ninh","province":"QUẢNG NINH"},{"address":"(Trung tâm điều hành sản xuất- Công ty Than Núi Béo Vinacomin) Khu 4, Phường Hà Tu, Thành phố Hạ Long, Tỉnh Quảng Ninh","province":"QUẢNG NINH"},{"address":"Số 109, Trần Phú, Phường Trần Phú, Thành phố Móng Cái, Tỉnh Quảng Ninh","province":"QUẢNG NINH"},{"address":"Khu tập thể 314, CTCP than Vàng Danh - Vinacomin, phường Vàng Danh, TP Uông Bí, Quảng Ninh","province":"QUẢNG NINH"},{"address":"ATM Viglacera Tiêu Giao: Tổ 22 – khu 2, phường Hà Khẩu, TP Hạ Long, Quảng Ninh.","province":"QUẢNG NINH"},{"address":"ATM Viglacera Cotto Giếng Đáy: Tổ 3, khu 1, phường Giếng Đáy, TP Hạ Long, Quảng Ninh.","province":"QUẢNG NINH"},{"address":"ATM Viglacera Hoành Bồ: Thôn Bằng Xăm, xã Lê Lợi, huyện Hoành Bồ, Quảng Ninh.","province":"QUẢNG NINH"},{"address":"Số 548 - 550 đường Trần Phú, Phường Cẩm Thủy, TP Cẩm Phả, Tỉnh Quảng Ninh","province":"QUẢNG NINH"},{"address":"Số 191, khu 9, đường Lê Lợi, phường Quảng Yên, thị xã Quảng Yên, tỉnh Quảng Ninh","province":"QUẢNG NINH"},{"address":"Số 18, Đường 25/4, P.Bạch Đằng, TP.Hạ Long, Tỉnh Quảng Ninh","province":"QUẢNG NINH"},{"address":"Yên Dũng Resort & Gold Club - Thôn Bình An, xã Tiền Phong, huyện Yên Dũng, tỉnh Bắc Giang","province":"BẮC GIANG"},{"address":"Phố Chờ, thị trấn Chờ, huyện Yên Phong, tỉnh Bắc Ninh","province":"BẮC NINH"},{"address":"Số 648 đường Ngô Gia Tự, phường Ninh Xá, Thị xã Bắc Ninh, Tỉnh Bắc Ninh","province":"BẮC NINH"},{"address":"Cụm Công nghiệp Táo Đôi, Thị Trấn Thứa, huyện Lương Tài, Bắc Ninh","province":"BẮC NINH"},{"address":"Thửa đất số 122, tờ bản đồ số 44, đường Nguyễn Văn Cừ, Phường Trang Hạ, TX. Từ Sơn, tỉnh Bắc Ninh","province":"BẮC NINH"},{"address":"Ngã 6, phường Đại Phúc, thành phố Bắc Ninh","province":"BẮC NINH"},{"address":"Ngã 6, phường Đại Phúc, thành phố. Bắc Ninh, tỉnh Bắc Ninh","province":"BẮC NINH"},{"address":"Trường TDTT, phường Trang Hạ, thị trấn Từ Sơn - Bắc Ninh","province":"BẮC NINH"},{"address":"Đường Lý Thái Tổ, phường Đông Ngàn, thị xã Từ Sơn, tỉnh Bắc Ninh","province":"BẮC NINH"},{"address":"(Tòa nhà SHB) Đường Lý Thái Tổ, phường Đông Ngàn, thị xã Từ Sơn, tỉnh Bắc Ninh","province":"BẮC NINH"},{"address":"(Trụ sở Chi nhánh Hải Dương) Số 1 thống nhất, phường Lê Thanh Nghị, Thành phố Hải Dương","province":"HẢI DƯƠNG"},{"address":"Số 1 đường Thống Nhất, Phường Lê Thanh Nghị, TP Hải Dương, tỉnh Hải Dương","province":"HẢI DƯƠNG"},{"address":"Đường 196, thị trấn Bần Yên Nhân, huyện Mỹ Hào, tỉnh Hưng Yên","province":"HƯNG YÊN"},{"address":"Thửa đất số 47, tờ bản đồ 21, thị trấn Như Quỳnh, huyện Văn Lâm, tỉnh Hưng Yên","province":"HƯNG YÊN"},{"address":"Số 340 đường 179, khu Dịch Vụ, xã Phụng Công, huyện Văn Giang, tỉnh Hưng Yên","province":"HƯNG YÊN"},{"address":"Thôn Yên Lịch, huyện Khoái Châu, tỉnh Hưng Yên","province":"HƯNG YÊN"},{"address":"Số 340, đường 179, Khu Dịch Vụ, xã Phụng Công, huyện Văn Giang, Tỉnh Hưng Yên","province":"HƯNG YÊN"},{"address":"Số 279 đường Đường Điện Biên, phường Quang Trung, TP. Hưng Yên, tỉnh Hưng Yên","province":"HƯNG YÊN"},{"address":"Đường 196, thị trấn Bần Yên Nhân, huyện Mỹ Hào, tỉnh Hưng Yên","province":"HƯNG YÊN"},{"address":"Thửa đất số 432-435, tờ bản đồ số 4, Quốc lộ 39A, Thôn An Lạc, xã Đồng Tiến, Huyện Khoái Châu, tỉnh Hưng Yên","province":"HƯNG YÊN"},{"address":"Thửa đất số 47, tờ bản đồ số 21, Thị trấn Như Quỳnh, huyện Văn Lâm, tỉnh Hưng Yên","province":"HƯNG YÊN"},{"address":"(PGD Phố Hiến) Số 279 đường Điện Biên, phường Quang Trung, thành phố Hưng Yên","province":"HƯNG YÊN"},{"address":"PG1 – 05, PG1 – 06 Vincom Shophouse Phủ Lý, Đường Biên Hòa, Phường Minh Khai, Thành Phố Phủ Lý, Tỉnh Hà Nam","province":"HÀ NAM"},{"address":"PG1 – 05, PG1 – 06 Vincom Shophouse Phủ Lý, Đường Biên Hòa, Phường Minh Khai, Thành Phố Phủ Lý, Tỉnh Hà Nam","province":"HÀ NAM"},{"address":"(Trụ sở Chi nhánh Nam Định) Số CL14-24,25,26 đường Trần Phú, phường Trần Đăng Ninh, thành phố Nam Định, tỉnh Nam Định","province":"NAM ĐỊNH"},{"address":"Ba lô hợp khối là lô CL14- 24,25,26 đường Trần Phú, TP Nam Định, tỉnh Nam Định","province":"NAM ĐỊNH"},{"address":"Số 17 phố Tiểu Hoàng, thị trấn Tiền Hải, huyện Tiền Hải, tỉnh Thái Bình","province":"THÁI BÌNH"},{"address":"Số 266A, Khu 6, Thị trấn Diêm Điềm, Huyện Thái Thụy, Tỉnh Thái Bình","province":"THÁI BÌNH"},{"address":"Số nhà 17, Phố Tiểu Hoàng, Thị trấn Tiền Hải, Huyện Tiền Hải, Tỉnh Thái Bình","province":"THÁI BÌNH"},{"address":"Số 431 Trần Hưng Đạo, phường Trần Hưng Đạo, thành phố Thái Bình, tỉnh Thái Bình","province":"THÁI BÌNH"},{"address":"Công ty TNHH Leader Winshose - Thôn Dũng Thượng, xã Dũng Nghĩa, huyện Vũ Thư, tỉnh Thái Bình","province":"THÁI BÌNH"},{"address":"(Tòa nhà Viettel Thái Bình)- Số 431, phố Trần Hưng Đạo, phường Trần Hưng Đạo, Thành phố Thái Bình, Tỉnh Thái Bình","province":"THÁI BÌNH"},{"address":"Thôn Tuân Cáo, xã Ninh Thắng, Huyện Hoa Lư, Ninh Bình","province":"NINH BÌNH"},{"address":"Đường Đinh Điền, phường Đông Thành, thành phố Ninh Bình, tỉnh Ninh Bình","province":"NINH BÌNH"},{"address":"Số nhà 16, đường Trần Phú, phường Bắc Sơn, thành phố Tam Điệp, tỉnh Ninh Bình","province":"NINH BÌNH"},{"address":"Số 16, Đường Trần Phú, Phường Bắc Sơn, Thành phố Tam Điệp, Tỉnh Ninh Bình","province":"NINH BÌNH"},{"address":"Số 16, đường Trần Phú, Phường Bắc Sơn, Thành phố Tam Điệp, tỉnh Ninh Bình","province":"NINH BÌNH"},{"address":"Số 55 đường Trần Hưng Đạo, phường Đông Thành, thành phố Ninh Bình, tỉnh Ninh Bình","province":"NINH BÌNH"},{"address":"(Chi nhánh SHB Ninh Bình) - Số 57, Trần Hưng Đạo, phường Đông Thành, Thành phố Ninh Bình, Tỉnh Ninh Bình","province":"NINH BÌNH"},{"address":"(Công ty TNHH Ivory ) Thôn 4, xã Thọ Vực, huyện Triệu Sơn, tỉnh Thanh Hóa","province":"THANH HOÁ"},{"address":"Số 347, đường Lê Hoàn, phường Ba Đình, Thành phố Thanh Hóa, Tỉnh Thanh Hóa","province":"THANH HOÁ"},{"address":"Đại lộ Lê Lợi, Phường Đông Hương, Thành phố Thanh Hóa, Tỉnh Thanh Hóa","province":"THANH HOÁ"},{"address":"Trung tâm thương mại Thanh Hóa, số 27 - 29 đường Lê Lợi, P. Lam Sơn, Tp. Thanh Hóa, tỉnh Thanh Hóa.","province":"THANH HOÁ"},{"address":"Số 228 đường Nguyễn Trãi, phường Ba Đình, thành phố Thanh Hóa, tỉnh Thanh Hóa.","province":"THANH HOÁ"},{"address":"Số 27-29 Đường Lê Lợi, P.Lam Sơn, Tp.Thanh Hóa","province":"THANH HOÁ"},{"address":"Công ty TNHH May mặc xuất khẩu APPARELTECH Vĩnh Lộc, Xã Vĩnh Long, Huyện Vĩnh Lộc- Tỉnh Thanh Hóa","province":"THANH HOÁ"},{"address":"Công ty TNHH May mặc xuất khẩu APPARELTECH Vĩnh Lộc, Xã Vĩnh Long, Huyện Vĩnh Lộc- Tỉnh Thanh Hóa","province":"THANH HOÁ"},{"address":"Công ty TNHH May mặc xuất khẩu APPARELTECH Vĩnh Lộc, Xã Vĩnh Long, Huyện Vĩnh Lộc- Tỉnh Thanh Hóa","province":"THANH HOÁ"},{"address":"Số 228, Đường Nguyễn Trãi, Phường Ba Đình, Tp Thanh Hóa, Tỉnh Thanh Hóa","province":"THANH HOÁ"},{"address":"Thửa đất số 52, Tờ bản đồ số 17, Đại lộ Lê Lợi, Phường Đông Hương, Thành phố Thanh Hóa","province":"THANH HOÁ"},{"address":"(Công ty TNHH TS VINA), Xã Định Liên, Huyện Yên Định, Tỉnh Thanh Hóa","province":"THANH HOÁ"},{"address":"Số 175 Trần Phú, Phường Ba Đình, Thành phố Thanh Hóa","province":"THANH HOÁ"},{"address":"(PGD Diễn Châu) Khối 5 Thị trấn Diễn Châu, Nghệ An","province":"NGHỆ AN"},{"address":"Khối 250, phường Quang Tiến, thị xã Thái Hòa, Nghệ An","province":"NGHỆ AN"},{"address":"Chung cư Tecco Tower số 215 đường Lê Lợi, Phường Lê Lợi, Thành phố Vinh, Tỉnh Nghệ An","province":"NGHỆ AN"},{"address":"Số 9 Hồ Tùng Mậu, phường Hưng Bình, thành phố Vinh, Nghệ An","province":"NGHỆ AN"},{"address":"Khối 250, phường Quang Tiến, Thị xã Thái Hòa, Nghệ An","province":"NGHỆ AN"},{"address":"Khối 5, thị trấn Diễn Châu, huyện Diễn Châu, Nghệ An","province":"NGHỆ AN"},{"address":"Số 73 Đại lộ Lê Nin, Phường Hà Huy Tập, Thành phố Vinh, tỉnh Nghệ An","province":"NGHỆ AN"},{"address":"Khối 1, TT Cầu Giát, huyện Quỳnh Lưu, Nghệ An","province":"NGHỆ AN"},{"address":"Khối 7, TT Đô Lương, huyện Đô Lương, Nghệ An","province":"NGHỆ AN"},{"address":"K.4 TT Quán Hành - Nghi Lộc - Nghệ An","province":"NGHỆ AN"},{"address":"(PGD- SHB Hưng Dũng) Số 169 đường Nguyễn Phong Sắc, TP Vinh, Nghệ An","province":"NGHỆ AN"},{"address":"(Công ty TNHH Nam Sung ViNa) Cụm CN Tháp Hồng Kỷ- Huyện Diễn Châu- Tỉnh Nghệ An","province":"NGHỆ AN"},{"address":"Chung Cư Tecco Tower 215 đường Lê Lợi, phường Lê Lợi, thành phố Vinh, tỉnh Nghệ An","province":"NGHỆ AN"},{"address":"Số 52 đường Phan Đình Phùng, phường Nam Hà, thành phố Hà Tĩnh, tỉnh Hà Tĩnh","province":"HÀ TĨNH"},{"address":"Số 110 C Nguyễn Tất Thành, Phường Phú Bài, Thị xã Hương Thủy, Tỉnh Thừa Thiên Huế","province":"THỪA THIÊN HUẾ"},{"address":"Số 59, đường Hùng Vương, phường Phú Hội, thành phố Huế, tỉnh Thừa Thiên Huế","province":"THỪA THIÊN HUẾ"},{"address":"Số 28 đường Lý Thường Kiệt, phường Vĩnh Ninh, TP. Huế, tỉnh Thừa Thiên Huế","province":"THỪA THIÊN HUẾ"},{"address":"Số 46 Mai Thúc Loan, phường Thuận Lộc, thành phố Huế","province":"THỪA THIÊN HUẾ"},{"address":"Số 28 Lý Thường Kiệt, thành phố Huế","province":"THỪA THIÊN HUẾ"},{"address":"Số 409 đường Phan Bội Châu, phường Tân Thạnh, thành phố Tam Kỳ, tỉnh Quảng Nam","province":"QUẢNG NAM"},{"address":"Số 130 Nguyễn Trường Tộ, phường Cẩm Phô, Thành phố Hội An, tỉnh Quảng Nam.","province":"QUẢNG NAM"},{"address":"Tổ 3, khối phố 1, Thị trấn Vĩnh Điện, huyện Điện Bàn, tỉnh Quảng Nam","province":"QUẢNG NAM"},{"address":"Số 130 Nguyễn Trường Tộ, Phường Cẩm Phô, Hội An","province":"QUẢNG NAM"},{"address":"Số 215 đường Phan Bội Châu, phường Tân Thạnh, thành phố Tam Kỳ, tỉnh Quảng Nam","province":"QUẢNG NAM"},{"address":"Số 02 Quang Trung, Thành phố Quảng Ngãi, Tỉnh Quảng Ngãi","province":"QUẢNG NGÃI"},{"address":"Số 236 đường Phạm Văn Đồng, Thị Trấn Châu Ổ, Huyện Bình Sơn, Tỉnh Quảng Ngãi","province":"QUẢNG NGÃI"},{"address":"Số 236 đường Phạm Văn Đồng, Thị Trấn Châu Ổ, Huyện Bình Sơn, Tỉnh Quảng Ngãi","province":"QUẢNG NGÃI"},{"address":"Khu Công nghiệp Tịnh Phong, xã Tịnh Phong, huyện Sơn Tịnh, tỉnh Quảng Ngãi","province":"QUẢNG NGÃI"},{"address":"Số 252-254-256 Đường Hùng Vương, phường Trần Phú, thành phố Quảng Ngãi, tỉnh Quảng Ngãi","province":"QUẢNG NGÃI"},{"address":"Lô góc A47, Lô A48 khu dân cự Đông Bàn Thành, phường Đập Đá, thị xã An Nhơn, tỉnh Bình Định","province":"BÌNH ĐỊNH"},{"address":"Lô góc A47, Lô A48 khu dân cự Đông Bàn Thành, phường Đập Đá, thị xã An Nhơn, tỉnh Bình Định","province":"BÌNH ĐỊNH"},{"address":"85 Mai Xuân Thưởng, TP Quy Nhơn, Tỉnh Bình Định","province":"BÌNH ĐỊNH"},{"address":"Số 85 Mai Xuân Thưởng, TP Quy Nhơn, Tỉnh Bình Định","province":"BÌNH ĐỊNH"},{"address":"Số 9 Phan Đình Phùng, tổ dân phố 2, Thị trấn Đắk Đoa, tỉnh Gia Lai","province":"GIA LAI"},{"address":"Số 87 Hoàng Văn Thụ, phường Diên Hồng, thành phố TP. Pleiku, Tỉnh Gia Lai","province":"GIA LAI"},{"address":"Số 572, Phạm Văn Đồng, phường Đống Đa, thành phố Pleiku, tỉnh Gia Lai","province":"GIA LAI"},{"address":"Số 842 đường Hùng Vương, Tổ 2 thị trấn Chư Sê, Huyện Chư Sê Gia Lai","province":"GIA LAI"},{"address":"Số 87 Đường Hoàng Văn Thụ, phường Diên Hồng, TP Pleiku, Tỉnh GiaLai","province":"GIA LAI"},{"address":"18A Nguyễn Tất Thành, Phường Tự An, Thành phố Buôn Ma Thuật, tỉnh Đăk Lăk","province":"ĐĂK LĂK"},{"address":"Số 90A, Đường Trần Phú, Phường Thành Công, Thành phố Buôn Ma Thuột, tỉnh Đắk Lắk","province":"ĐĂK LĂK"},{"address":"Số 28A đường 2/4 Vĩnh Phước Nha Trang, Khánh Hòa","province":"KHÁNH HOÀ"},{"address":"Số 5 Hùng Vương, phường Lộc Thọ, Nha Trang, Khánh Hòa","province":"KHÁNH HOÀ"},{"address":"70 Trần Phú, phường Lộc Thọ, tp Nha Trang, tỉnh Khánh Hòa","province":"KHÁNH HOÀ"},{"address":"Số 175 -177 đường Thống Nhất, phường Phương Sài, thành phố Nhà Trang, tỉnh Khánh Hòa","province":"KHÁNH HOÀ"},{"address":"Số 28A Đường 2/4, Phường Vĩnh Phước, TP Nha Trang, T. Khánh Hòa","province":"KHÁNH HOÀ"},{"address":"Số 238 đường Nguyễn Thị Ngọc Oanh, Phường Ninh Hiệp, Thị xã Ninh Hòa, Tỉnh Khánh Hòa","province":"KHÁNH HOÀ"},{"address":"Số 339 Hùng Vương, Thị trấn Vạn Giã, Huyện Vạn Ninh, Tỉnh Khánh Hoà","province":"KHÁNH HOÀ"},{"address":"Số 126, đường 22/8, P. Cam Thuận, TP. Cam Ranh, tỉnh Khánh Hòa","province":"KHÁNH HOÀ"},{"address":"(Trụ sở Viễn Thông Khánh Hòa) Số 50 đường Lê Thánh Tôn, Lộc Thọ Nha Trang, Khánh Hòa","province":"KHÁNH HOÀ"},{"address":"135-145 Phan Đình Phùng, phường 2, TP. Đà Lạt, tỉnh Lâm Đồng.","province":"LÂM ĐỒNG"},{"address":"Số 454 – 456 Quốc lộ 20, Thị trấn Liên Nghĩa, Huyện Đức Trọng, Tỉnh Lâm Đồng","province":"LÂM ĐỒNG"},{"address":"Số 451-453 Trần Phú, phường Lộc Sơn, TP. Bảo Lộc, tỉnh Lâm Đồng","province":"LÂM ĐỒNG"},{"address":"(Bệnh viện Đa khoa Lâm Đồng) Số 04 Phan Ngọc Thạch, Phường 6, Thành phố Đà Lạt, Tỉnh Lâm Đồng","province":"LÂM ĐỒNG"},{"address":"(River Prince Hotel) số 135-145 Đường Phan Đình Phùng, Phường 2, Thành Phố Đà Lạt, Tỉnh Lâm Đồng","province":"LÂM ĐỒNG"},{"address":"Số 451-453 Trần Phú, phường Lộc Sơn, Thành phố Bảo Lộc, Tỉnh Lâm Đồng","province":"LÂM ĐỒNG"},{"address":"Số 454-456, Quốc lộ 20, Thị trấn Liên Nghĩa, Huyện Đức Trọng, Tỉnh Lâm Đồng","province":"LÂM ĐỒNG"},{"address":"Số 79 Quốc lộ 14, Khu Tân Hưng, Thị trấn Đức Phong, Huyện Bù Đăng, tỉnh Bình Phước","province":"BÌNH PHƯỚC"},{"address":"Đường Nguyễn Huệ, Khu phố 1, Phường Hưng Long, Thị xã Chơn Thành, Huyện Chơn Thành, Tỉnh Bình Phước","province":"BÌNH PHƯỚC"},{"address":"Số 147, Đường Hùng Vương, Phường Tân Bình, Thành phố Đồng Xoài, tỉnh Bình Phước","province":"BÌNH PHƯỚC"},{"address":"Khu phố 5, Phường Long Phước, Thị xã Phước Long, Tỉnh Bình Phước","province":"BÌNH PHƯỚC"},{"address":"Số 147 đường Hùng Vương, Phường Tân Bình, Thị Xã Đồng Xoài, Tỉnh Bình Phước","province":"BÌNH PHƯỚC"},{"address":"Số 405, đường ĐT 741, Khu phố 6, Phường Long Phước, Thị xã Phước Long, Tỉnh Bình Phước","province":"BÌNH PHƯỚC"},{"address":"Số 1428 Phú Riềng Đỏ, thị xã Đồng Xoài, tỉnh Bình Phước","province":"BÌNH PHƯỚC"},{"address":"Số 181 Hùng Vương, Khu phố 1, phường Mỹ Phước, thị xã Bến Cát, tỉnh Bình Dương","province":"BÌNH DƯƠNG"},{"address":"(Công ty Thành Thắng) Ấp Bá Chi, Tân Hiệp, Tân Uyên, Bình Dương","province":"BÌNH DƯƠNG"},{"address":"Ô 20 – 21, Lô I, Khu C2&C4, Đường Lý Thái Tổ, Khu đô thị mới Bình Dương, P.Hòa Phú, Tp.Thủ Dầu Một, Bình Dương","province":"BÌNH DƯƠNG"},{"address":"Số 53, Đường Truông Tre, khu phố Nhị Đồng 2, Phường Dĩ An, TX. Dĩ An, Tỉnh Bình Dương.","province":"BÌNH DƯƠNG"},{"address":"Công ty Frama, Xã An Điền, H.Bến Cát, tỉnh Bình Dương","province":"BÌNH DƯƠNG"},{"address":"Số 12 Đường Nguyễn Văn Tiết, Khu phố Bình Hòa, Phường Lái Thiêu, Thành phố Thuận An, Tỉnh Bình Dương","province":"BÌNH DƯƠNG"},{"address":"Số 69/3 Khu phố 1, Ấp 1, Phường Tân Định, Thị xã Bến Cát, Tỉnh Bình Dương","province":"BÌNH DƯƠNG"},{"address":"Số 135 Khu phố 1, TT Phước Vĩnh, H. Phú Giáo, Tỉnh Bình Dương","province":"BÌNH DƯƠNG"},{"address":"Số 481 Đại lộ Bình Dương, khu phố 01, phường Phú Cường, TP. Thủ Dầu Một, Tỉnh Bình Dương.","province":"BÌNH DƯƠNG"},{"address":"Số 13 đường Hùng Vương, phường Phú Cường, TP. Thủ Dầu Một, Bình Dương","province":"BÌNH DƯƠNG"},{"address":"Số 137-137A đường Lê Trọng Tấn, khu phố Bình Đường 2, phường An Bình, thành phố Dĩ An, tỉnh Bình Dương","province":"BÌNH DƯƠNG"},{"address":"Số 181 đường Hùng Vương, KP1, thị trấn Mỹ Phước, huyện Bến Cát, tỉnh Bình Dương","province":"BÌNH DƯƠNG"},{"address":"Đường ĐT746, tổ 3, khu phố Bình Hòa, phường Tân Phước Khánh, thị xã Tân Uyên, tỉnh Bình Dương, Việt Nam","province":"BÌNH DƯƠNG"},{"address":"Số 481 Đại lộ Bình Dương, Khu phố 1, phường Phú Cường, Tp Thủ Dầu Một, tỉnh Bình Dương.","province":"BÌNH DƯƠNG"},{"address":"Công ty Thành Thắng, Ấp Ba Chi, Tân Hiệp, Tân Uyên, Bình Dương","province":"BÌNH DƯƠNG"},{"address":"Công ty UNIQUE, Khu phố Bình Thuận, Phường Thuận Giao, Thị xã Thuận An, Tỉnh Bình Dương.","province":"BÌNH DƯƠNG"},{"address":"Ô 24-25-26, Lô H, Khu C2&C4, Khu đô thị mới Bình Dương, P.Hoà Phú, TP.Thủ Dầu Một, Tỉnh Bình Dương","province":"BÌNH DƯƠNG"},{"address":"Số 53, Đường Dĩ An – Truông Tre, khu phố Nhị Đồng 2, phường Dĩ An, Thị xã Dĩ An, tỉnh Bình Dương.","province":"BÌNH DƯƠNG"},{"address":"Số 53, Đường Dĩ An – Truông Tre, khu phố Nhị Đồng 2, phường Dĩ An, Thị xã Dĩ An, tỉnh Bình Dương.","province":"BÌNH DƯƠNG"},{"address":"221 Hùng Vương, khu phố 4, Phường Long Hoa, Thị xã Hòa Thành, Tỉnh Tây Ninh","province":"TÂY NINH"},{"address":"Số 409 đường 30 tháng 04 , khu phố 1, phường 1, Thành phố Tây Ninh, tỉnh Tây Ninh.","province":"TÂY NINH"},{"address":"Số 409 đường 30 tháng 04 , khu phố 1, phường 1, Thành phố Tây Ninh, tỉnh Tây Ninh.","province":"TÂY NINH"},{"address":"211-213-215 Võ Văn Kiệt, Phường Phú Thủy, TP Phan Thiết, Bình Thuận","province":"BÌNH THUẬN"},{"address":"Số 10 Huỳnh Văn Nghệ, KP1, phường Bửu Long, Biên Hòa, Đồng Nai","province":"ĐỒNG NAI"},{"address":"Số 10,11 Nguyễn Ái Quốc, KP8 phường Tân Phong, Biên Hòa, Đồng Nai","province":"ĐỒNG NAI"},{"address":"Cụm CN Thạnh Phú, xã Thiện Tân, huyện Vĩnh Cửu, Đồng Nai","province":"ĐỒNG NAI"},{"address":"Số 10-11, đường Nguyễn Ái Quốc, KP 8, phường Tân Phong, TP. Biên Hoà, tỉnh Đồng Nai","province":"ĐỒNG NAI"},{"address":"Số 297, đường Lê Duẩn, Tổ 7, Khu Phước Hải, Thị trấn Long Thành, Huyện Long Thành, Tỉnh Đồng Nai","province":"ĐỒNG NAI"},{"address":"Số 2424, quốc lộ 1A, khu III, ấp Thanh Hóa, xã Hố Nai 3, H. Trảng Bom, tỉnh Đồng Nai","province":"ĐỒNG NAI"},{"address":"Số 276, đường Phạm Văn Thuận, khu phố 4, phường Tam Hiệp, TP. Biên Hoà, tỉnh Đồng Nai","province":"ĐỒNG NAI"},{"address":"Số 28/5 Quốc lộ 1A, khu phố 1, phường Tân Biên, TP. Biên Hoà, tỉnh Đồng Nai","province":"ĐỒNG NAI"},{"address":"Số 93/38, đường Đồng Khởi, phường Tân Phong, TP. Biên Hòa, Đồng Nai","province":"ĐỒNG NAI"},{"address":"Số 146 đường Bùi Văn Hòa, KP11, P. An Bình, TP. Biên Hòa, Đồng Nai","province":"ĐỒNG NAI"},{"address":"Số 15-17, đường 30/4, phường Thanh Bình, thành phố Biên Hòa, tỉnh Đồng Nai","province":"ĐỒNG NAI"},{"address":"Số 1/5B, ấp Tây Kim, xã Gia kiệm, huyện Thống Nhất, tỉnh Đồng Nai","province":"ĐỒNG NAI"},{"address":"93/48/1B Đồng Khởi, KP8, Phường Tân Phong, Tp Biên Hòa, Đồng Nai","province":"ĐỒNG NAI"},{"address":"Số 197/2 Phạm Văn Thuận, KP4, Phường Tam Hiệp, Thành phố Biên Hòa, Tỉnh Đồng Nai","province":"ĐỒNG NAI"},{"address":"Số 20A đường Đồng Khởi, Xã Thiện Tân, Huyện Vĩnh Cửu, Tỉnh Đồng Nai","province":"ĐỒNG NAI"},{"address":"Cụm Công Nghiệp Thạnh phú, Ấp Ông Hường, Xã Thiện Tân, Huyện Vĩnh Cửu, Tỉnh Đồng Nai","province":"ĐỒNG NAI"},{"address":"Lô C Đường số 01, KCN Tân Kim, xã Tân Kim, Cần Giuộc, Long An","province":"LONG AN"},{"address":"Số 74, Nguyễn Huệ, Phường 1, Thành phố Tân An, Tỉnh Long An","province":"LONG AN"},{"address":"Số 135-137 Hùng Vương, P2, Tân An , Tỉnh Long An","province":"LONG AN"},{"address":"Ấp Chánh, xã Đức Lập Hạ, huyện Đức Hòa, tỉnh Long An","province":"LONG AN"},{"address":"Công ty TNHH Formosa Taffeta Việt Nam - Ấp 1 Nhựt Chánh, Bến Lức, Long An","province":"LONG AN"},{"address":"Số 135-137 Đường Hùng Vương, Phường 2, thành phố Tân An, tỉnh Long An","province":"LONG AN"},{"address":"Số 135-137 Hùng Vương, phường 2, thành phố Tân An, tỉnh Long An","province":"LONG AN"},{"address":"Tỉnh lộ 830, Xã Lương Bình, Huyện Bến Lức, Tỉnh Long An","province":"LONG AN"},{"address":"Công ty TNHH Shillabags - Ấp Chánh, xã Đức Lập Hạ, huyện Đức Hòa, tỉnh Long An","province":"LONG AN"},{"address":"Công ty TNHH Shillabags - Ấp Chánh, xã Đức Lập Hạ, huyện Đức Hòa, tỉnh Long An","province":"LONG AN"},{"address":"Công ty TNHH Shillabags - Ấp Chánh, xã Đức Lập Hạ, huyện Đức Hòa, tỉnh Long An","province":"LONG AN"},{"address":"Số 193-195 đường Hùng Vương, phường 2, thành phố Cao Lãnh, tỉnh Đồng Tháp","province":"ĐỒNG THÁP"},{"address":"Số 246 - 248 đường Hùng Vương, Phường 1, Thành phố Sa Đéc, Tỉnh Đồng Tháp","province":"ĐỒNG THÁP"},{"address":"Số 110 đường Võ Văn Kiệt, Phường An Thạnh, Thị xã Hồng Ngự, Tỉnh Đồng Tháp","province":"ĐỒNG THÁP"},{"address":"Số 193- 195 đường Hùng Vương, phường 2, Thành phố Cao Lãnh, Tỉnh Đồng Tháp","province":"ĐỒNG THÁP"},{"address":"Số 79 Trần Hưng Đạo, Phường Mỹ Xuyên, Tp. Long Xuyên, tỉnh An Giang","province":"AN GIANG"},{"address":"Số 1293 Trần Hưng Đạo, Phường Mỹ Bình, Tp. Long Xuyên, tỉnh An Giang","province":"AN GIANG"},{"address":"Số 7-9 Đường Quang Trung, Phường Châu Phú A, Tp. Châu Đốc, tỉnh An Giang","province":"AN GIANG"},{"address":"Số 1852, Trần Hưng Đạo, phường Mỹ Quý, Tp. Long Xuyên, tỉnh An Giang","province":"AN GIANG"},{"address":"Số 1293 Trần Hưng Đạo, Phường Mỹ Bình, Tp. Long Xuyên, tỉnh An Giang","province":"AN GIANG"},{"address":"Số 7-9, đường Quang Trung, Phường Châu Phú A, Thành Phố Châu Đốc, Tỉnh An Giang","province":"AN GIANG"},{"address":"Số 1852, Trần Hưng Đạo, phường Mỹ Quý, Tp. Long Xuyên, tỉnh An Giang","province":"AN GIANG"},{"address":"Số 79 Trần Hưng Đạo, Phường Mỹ Xuyên, Tp. Long Xuyên, tỉnh An Giang","province":"AN GIANG"},{"address":"Số 89 Trần Hưng Đạo, Thị trấn Ngãi Giao, Huyện Châu Đức, Tỉnh Bà Rịa – Vũng Tàu","province":"BÀ RỊA-VŨNG TÀU"},{"address":"Ô 2/19 đường Võ Thị Sáu, Thị trấn Phước Hải, Huyện Đất Đỏ, Tỉnh Bà Rịa – Vũng Tàu","province":"BÀ RỊA-VŨNG TÀU"},{"address":"12G3 Khu Trung Tâm Thương mại, đường Nguyễn Thái Học, phường 7, Tp Vũng Tàu, Tỉnh Bà Rịa Vũng Tàu","province":"BÀ RỊA-VŨNG TÀU"},{"address":"Số 106 quốc lộ 55, thị trấn Phước Bửu, Huyện Xuyên Mộc, Bà Rịa Vũng Tàu","province":"BÀ RỊA-VŨNG TÀU"},{"address":"Trung tâm thương mại Lam Sơn Square, số 09 Lê Lợi, phường 1, Thành Phố Vũng Tàu, Tỉnh Bà Rịa - Vũng Tàu.","province":"BÀ RỊA-VŨNG TÀU"},{"address":"Số 12G3 Khu Trung tâm thương mại Đường Nguyễn Thái Học, phường 7, thành phố Vũng Tàu, Tỉnh Bà Rịa - Vũng Tàu","province":"BÀ RỊA-VŨNG TÀU"},{"address":"Số 106 Quốc lộ 55, thị trấn Phước Bửu, huyện Xuyên Mộc, tỉnh Bà Rịa Vũng Tầu","province":"BÀ RỊA-VŨNG TÀU"},{"address":"Góc đường 3/2 và đường Thi Sách, phường 8, TP Vũng Tầu.","province":"BÀ RỊA-VŨNG TÀU"},{"address":"Ấp chợ mới, xã Long Hòa, thị trấn Gò Công, Tiền Giang","province":"TIỀN GIANG"},{"address":"Số 4/3B, Đường Lý Tự Trọng, Khu phố 1, Phường 1, Thị xã Gò Công, Tỉnh Tiền Giang","province":"TIỀN GIANG"},{"address":"Số 63 quốc lộ 1A, Khu phố 2, phường 1, Thị xã Cai Lậy, Huyện Cai Lậy, Tỉnh Tiền Giang","province":"TIỀN GIANG"},{"address":"Số 224A, Nam Kỳ Khởi Nghĩa, phường 7, thành phố Mỹ Tho, tỉnh Tiền Giang","province":"TIỀN GIANG"},{"address":"Số 210 Nam Kỳ Khởi Nghĩa, Phường 7, Thành phố Mỹ Tho, Tiền Giang","province":"TIỀN GIANG"},{"address":"Siêu thị điện máy Nguyễn Kim Tiền Giang- Số 212 Ấp Bắc, Khu phố 3, Phường 10, Thành phố Mỹ Tho, Tỉnh Tiền Giang","province":"TIỀN GIANG"},{"address":"Lô C10 – 50 + 51 đường 3/2, phường Vĩnh Lạc, TP. Rạch Giá, tỉnh Kiên Giang","province":"KIÊN GIANG"},{"address":"Số 53 Quốc lộ 80, Khu Phố B, Thị Trấn Tân Hiệp, Huyện Tân Hiệp, Tỉnh Kiên Giang","province":"KIÊN GIANG"},{"address":"Lô L04 - 07 đường Mai Thị Hồng Hạnh, Phường Rạch Sỏi, thành phố Rạch Giá, Tỉnh Kiên Giang","province":"KIÊN GIANG"},{"address":"Lô C10 – 50 + 51 đường 3/2, phường Vĩnh Lạc, TP. Rạch Giá, tỉnh Kiên Giang","province":"KIÊN GIANG"},{"address":"Số 53 Quốc lộ 80, Khóm B, Thị Trấn Tân Hiệp, Huyện Tân Hiệp, Tỉnh Kiên Giang","province":"KIÊN GIANG"},{"address":"Số 154 đường 30 tháng 4, Phường An Phú, Quận Ninh Kiều, TP Cần Thơ","province":"CẦN THƠ"},{"address":"Số 341- 342 ấp Thị Tứ, Thị Trấn Phong Điền, huyện Phong Điền, TP. Cần Thơ","province":"CẦN THƠ"},{"address":"Số 291 đường 30 tháng 4, Phường Xuân Khánh, Quận Ninh Kiều, TP Cần Thơ","province":"CẦN THƠ"},{"address":"Số 16-18, Đại lộ Hòa Bình, Phường An Cư, quận Ninh Kiều, TP. Cần Thơ","province":"CẦN THƠ"},{"address":"Số 42/9 đường Lê Hồng Phong, phường Bình Thủy, quận Bình Thủy, TP. Cần Thơ","province":"CẦN THƠ"},{"address":"Số 42A Phan Đình Phùng, phường Tân An, quận Ninh Kiều, TP. Cần Thơ","province":"CẦN THƠ"},{"address":"2881 Quốc lộ 80, ấp Phụng Quới A, thị trấn Thạnh An, huyện Vĩnh Thạnh, TP. Cần Thơ.","province":"CẦN THƠ"},{"address":"42 đường Trần Hưng Đạo, P. An Nghiệp, Q. Ninh Kiều, TP. Cần Thơ.","province":"CẦN THƠ"},{"address":"Số 293 Quốc lộ 91, Khu vực Long Thạnh 1, phường Thốt Nốt, quận Thốt Nốt, thành phố Cần Thơ","province":"CẦN THƠ"},{"address":"Số 179 Nguyễn Văn Cừ, Phường An Hòa, Quận Ninh Kiều, TP Cần Thơ","province":"CẦN THƠ"},{"address":"Số 138 đường 3/2, P. Hưng Lợi, Q. Ninh Kiều, Cần Thơ","province":"CẦN THƠ"},{"address":"Công ty Bình An FishCo - Lô 217, khu công nghiệp Trà Nóc, P.Phước Thới, Q.Ô Môn, TP Cần Thơ","province":"CẦN THƠ"},{"address":"Lô 30A 3B, đường số 1, Khu Công nghiệp Trà Nóc I, phường Trà Nóc, Quận Bình Thủy, Thành phố Cần Thơ","province":"CẦN THƠ"},{"address":"Số 341-342, ấp Thị Tứ, Thị Trấn Phong Điền, Huyện Phong Điền, TP. Cần Thơ","province":"CẦN THƠ"},{"address":"Số 42/9, Lê Hồng Phong, Phường Bình Thủy, Quận Bình Thủy, Thành phố Cần Thơ","province":"CẦN THƠ"},{"address":"Lô PG1-05 và PG1-06 Khu nhà phố Shophouse Vincom Vĩnh Long, Đường Phạm Thái Bường, Phường 4, Thành phố Vĩnh Long, Tỉnh Vĩnh Long","province":"VĨNH LONG"},{"address":"PG 01-05, PG 01-06 khu nhà phố Shophouse Vincom Vĩnh Long, đường Phạm Thái Bường, phường 4, TP. Vĩnh Long, tỉnh Vĩnh Long","province":"VĨNH LONG"},{"address":"Số 378 Lê Duẩn, Khóm 5, Phường 9, Thành phố Sóc Trăng, Tỉnh Sóc Trăng","province":"SÓC TRĂNG"},{"address":"Số 08 đường 30/4, Ấp An Ninh 1, Thị trấn Kế Sách, Tỉnh Sóc Trăng","province":"SÓC TRĂNG"},{"address":"Số 2 Trần Hưng Đạo, phường 2, thành phố Sóc Trăng, tỉnh Sóc Trăng","province":"SÓC TRĂNG"},{"address":"Số 02 Trần Hưng Đạo, Phường 2, Thành phố Sóc Trăng, Tỉnh Sóc Trăng","province":"SÓC TRĂNG"},{"address":"Số 132A, đường Nguyễn Tất Thành, Phường 8, TP. Cà Mau","province":"CÀ MAU"},{"address":"Số 56 Nguyễn Hữu Lễ, Phường 2, Thành phố Cà Mau, Tỉnh Cà Mau","province":"CÀ MAU"},{"address":"Số 132A, đường Nguyễn Tất Thành, phường 8, thành phố Cà Mau, tỉnh Cà Mau","province":"CÀ MAU"},{"address":"336, 337, 338 Chợ mới Pakse, bản Phonekung, huyện Pakse, tỉnh Champask, Cộng hòa dân chủ nhân dân Lào.","province":"Champasack"},{"address":"Số 107, đại lộ Norodom, phường Boeng Reang, quận Don Penh, Phnom Penh, Cambodia","province":"Phnompenh"},{"address":"Số 161CD, đường Nehru, phường Phsar Depo I, quận Toul Kouk, Phnom Penh, Cambodia","province":"Phnompenh"},{"address":"Làng Stoeung Sen, xã Kampong Krobao, thành phố Stoeung Sen, tỉnh Kampong Thom, Cambodia","province":"Phnompenh"},{"address":"Số 250-252, đường Russie, phường Cacap, quận Por Senchey, Phnom Penh, Cambodia","province":"Phnompenh"},{"address":"Số 59A, đường 289, phường Boeung Kak 2, quận Toul Kouk, Phnom Penh, Cambodia","province":"Phnompenh"},{"address":"Đường Sisavangvong, tổ 25, bản Lattanalangsy Neua, Thành phố Kaysone Phomvihan, Savannaket, CHDCND Lào","province":"Vientiane"},{"address":"Tổ 01 đường Lanexang, bản Hatsady, Huyện Chanthabuly, Thủ đô Viêng Chăn, Cộng hòa dân chủ nhân dân Lào.","province":"Vientiane"}]