[{"address":"27 Nguyễn Chí Thanh, Q.Ba Đình, Hà Nội"},{"address":"152 Nguyễn Thái Học, phường Kim Mã, quận Ba Đình, TP.Hà Nội"},{"address":"Số 164A Đội Cấn, phường Đội Cấn, quận Ba Đình, TP.Hà Nội"},{"address":"Tầng 1 Tòa nhà Doji Tower, Số 5 Lê Duẩn, phường Cửa Nam, quận Ba Đình, TP.Hà Nội"},{"address":"Số 57B Núi Trúc, phường Kim Mã, quận Ba Đình, TP.Hà Nội"},{"address":"Số 131 Hoàng Hoa Thám, phường Ngọc Hà, quận Ba Đình, TP.Hà Nội"},{"address":"Số 22 ngõ 6 đường Vĩnh Phúc, phường Vĩnh Phúc, quận Ba Đình, TP.Hà Nội"},{"address":"Số 63 Cửa Bắc, phường Trúc Bạch, quận Ba Đình, TP.Hà Nội"},{"address":"Số 140 Đốc Ngữ, phường Vĩnh Phúc, quận Ba Đình, TP.Hà Nội"},{"address":"Số 155 Đội Cấn, phường Đội Cấn, quận Ba Đình, TP.Hà Nội"},{"address":"Tầng 1 Tòa nhà FPT, P. Duy Tân, Dịch Vọng Hậu, Cầu Giấy, Hà Nội"},{"address":"Tầng 1 nhà B5, Chung cư Green Star, số 234 Phạm Văn Đồng, phường Cổ Nhuế, quận Bắc Từ Liêm, TP.Hà Nội"},{"address":"Chung cư A5, Làng quốc tế Thăng Long, đường Trần Đăng Ninh, phường Dịch Vọng, quận Cầu Giấy, TP.Hà Nội"},{"address":"Số 15 Đông Quan, phường Quan Hoa, quận Cầu Giấy, TP.Hà Nội"},{"address":"Số 190 Hoàng Công Chất, phường Cầu Diễn, quận Bắc Từ Liêm, TP.Hà Nội"},{"address":"Số 32 Hoàng Quốc Việt, phường Nghĩa Đô, quận Cầu Giấy, TP.Hà Nội"},{"address":"Số 191 Yên Hòa, phường Yên Hòa, quận Cầu Giấy, TP.Hà Nội"},{"address":"Tòa nhà Detech số 08 Tôn Thất Thuyết, phường Dịch Vọng Hậu, quận Cầu Giấy, TP.Hà Nội"},{"address":"Số 89 Cổ Nhuế, phường Cổ Nhuế, quận Bắc Từ Liêm, TP.Hà Nội"},{"address":"Số 61 Trần Cung, phường Nghĩa Tân, quận Cầu Giấy, TP.Hà Nội"},{"address":"Số 55 Lê Văn Hiến, phường Đức Thắng, quận Bắc Từ Liêm, TP.Hà Nội"},{"address":"Số 35 Doãn Kế Thiện, phường Mai Dịch, quận Cầu Giấy, TP.Hà Nội"},{"address":"Tầng 1 Chung cư CT3 Bộ Công An, đường Phạm Văn Đồng, phường Cổ Nhuế 2, quận Bắc Từ Liêm, TP.Hà Nội"},{"address":"Số 110 Nguyễn Khánh Toàn, phường Quan Hoa, quận Cầu Giấy, TP.Hà Nội"},{"address":"Số 137 Phan Văn Trường, phường Dịch Vọng Hậu, quận Cầu Giấy, TP.Hà Nội"},{"address":"Số 110 Trung Kính, phường Yên Hòa, Quận Cầu Giấy, TP Hà Nội"},{"address":"61 Lạc Long Quân, quận Cầu Giấy, TP Hà Nội"},{"address":"Tòa S3, chung cư Sunshine City, đường Phạm Văn Đồng, phường Đông Ngạc, quận Bắc Từ Liêm, TP.Hà Nội"},{"address":"Chung cư Horizon Tower N03 T3 T4, Xuân Đỉnh, Bắc Từ Liêm, Hà Nội 100000, Vietnam"},{"address":"Lô E2 đường Dương Đình Nghệ, phường Yên Hòa, quận Cầu Giấy, TP.Hà Nội"},{"address":"Sảnh Tòa nhà FPT Tower, số 10 Phạm Văn Bạch, phường Dịch Vọng, quận Cầu Giấy, TP.Hà Nội"},{"address":"Số 45 Dương Quảng Hàm, phường Quan Hoa, quận Cầu Giấy, TP.Hà Nội"},{"address":"Số 86 Mai Dịch, phường Mai Dịch, quận Cầu Giấy, TP.Hà Nội"},{"address":"Tầng 1, tòa nhà 24T1, Khu đô thị mới Trung Hòa &ndash; Nhân Chính, phường Trung Hoà, quận Cầu Giấy, TP.Hà Nội"},{"address":"Chung cư Euro Window RiverPark, Shophouse P208, Đông Hội, Đông Anh, Hà Nội, Vietnam"},{"address":"Số 242 Xã Đàn, phường Ô Chợ Dừa, quận Đống Đa, TP.Hà Nội"},{"address":"Số 95 Hoàng Cầu, Ô Chợ Dừa, Đống Đa, Hà Nội"},{"address":"Số 44 Khâm Thiên, phường Khâm Thiên, quận Đống Đa, TP.Hà Nội"},{"address":"Số 41A Thái Thịnh, phường Ngã Tư Sở, quận Đống Đa, TP.Hà Nội"},{"address":"Số 70 Khương Thượng, phường Khương Thượng, quận Đống Đa, TP.Hà Nội"},{"address":"Số 146 Hào Nam, phường Cát Linh, quận Đống Đa, TP.Hà Nội"},{"address":"Số 177 Chùa Láng, phường Chùa Láng, quận Đống Đa, TP.Hà Nội"},{"address":"Số 17 Thành Công, phường Thành Công, quận Đống Đa, TP.Hà Nội"},{"address":"Số 416 Đê La Thành, phường Ô Chợ Dừa, quận Đống Đa, TP.Hà Nội"},{"address":"Số 28 Nguyên Hồng, phường Láng Hạ, quận Đống Đa, TP.Hà Nội"},{"address":"Số 42 Ngô Xuân Quảng, thị trấn Trâu Quỳ, huyện Gia Lâm, TP.Hà Nội"},{"address":"Tòa CT7J, Khu đô thị Dương Nội, đường Lê Văn Lương kéo dài, phường Yên Nghĩa, quận Hà Đông, TP.Hà Nội"},{"address":"Lô số 6 BT12, khu đô thị Xa La, phường Phúc La, quận Hà Đông, TP.Hà Nội"},{"address":"Số 44 Nguyễn Khuyến, phường Văn Quán, quận Hà Đông, TP.Hà Nội"},{"address":"Số 61 - LK5A, phố Nguyễn Văn Lộc, Làng Việt Kiều Châu Âu, phường Mộ Lao, quận Hà Đông, TP.Hà Nội"},{"address":"Shophouse số SH08, khu đô thị K Park, đường Lê Trọng Tấn, phường Phúc La, quận Hà Đông, TP.Hà Nội"},{"address":"Kiot số 10 toà V3, khu đô thị The Vesta, phường Phú Lâm, quận Hà Đông, TP.Hà Nội"},{"address":"Sảnh Tương Lai, TTTM Aeon Mall Hà Đông, phường Dương Nội, quận Hà Đông, TP.Hà Nội"},{"address":"Tầng 1, Khối nhà 2 (tháp B), Tòa nhà CC số 7 , 197 Trần Phú, Hà Đông, Hà Nội"},{"address":"Shophouse tòa nhà CT1, chung cư The Pride Hải Phát, đường Tố Hữu, phường La Khê, quận Hà Đông, TP.Hà Nội"},{"address":"Khu nhà ở Ngân Hà Vạn Phúc, phường Vạn Phúc, quận Hà Đông, TP.Hà Nội"},{"address":"Số 336 Quang Trung, phường Quang Trung, quận Hà Đông, TP.Hà Nội"},{"address":"Số 33 Lê Hồng Phong, phường Nguyễn Trãi, quận Hà Đông, TP.Hà Nội"},{"address":"Kios 2S16, TTTM TOPS Hà Đông, đường Vũ Trọng Khánh, phường Mộ Lao, quận Hà Đông, TP.Hà Nội"},{"address":"Shophouse B05, Khu đô thị Times City, số 458 Minh Khai, phường Vĩnh Tuy, quận Hai Bà Trưng, TP.Hà Nội"},{"address":"Số 184 Lò Đúc, phường Đống Mác, quận Hai Bà Trưng, TP.Hà Nội"},{"address":"Số 300-302 Trần Khát Chân, phường Thanh Nhàn, quận Hai Bà Trưng, TP.Hà Nội"},{"address":"Số 218 Lạc Trung, phường Vĩnh Tuy, quận Hai Bà Trưng, TP.Hà Nội"},{"address":"Số 44 Lê Ngọc Hân, phường Phạm Đình Hổ, quận Hai Bà Trưng, TP.Hà Nội"},{"address":"Số 153A Bạch Mai, phường Thanh Nhàn, quận Hai Bà Trưng, TP.Hà Nội"},{"address":"Số 22 Trương Định, phường Trương Định, quận Hai Bà Trưng, TP.Hà Nội"},{"address":"Số 215 Thanh Nhàn, phường Thanh Nhàn, quận Hai Bà Trưng, TP.Hà Nội"},{"address":"Số 235 Phố Vọng, phường Đồng Tâm, quận Hai Bà Trưng, TP.Hà Nội"},{"address":"Kiosk D16 chung cư Imperia Sky Garden, đường Minh Khai, phường Vĩnh Tuy, quận Hai Bà Trưng, TP.Hà Nội"},{"address":"Số 163 Trần Đại Nghĩa, phường Bách Khoa, quận Hai Bà Trưng, TP.Hà Nội"},{"address":"Tầng 1 P05S04, tòa Park Hill 5, KĐT Times City, số 458 Minh Khai, phường Vĩnh Tuy, quận Hai Bà Trưng, TP.Hà Nội"},{"address":"Số 349 Minh Khai, phường Vĩnh Tuy, quận Hai Bà Trưng, TP.Hà Nội"},{"address":"Số 2 Nguyễn Huy Tự, phường Bạch Đằng, quận Hai Bà Trưng, TP.Hà Nội"},{"address":"Số 236 Lê Thanh Nghị, phường Đồng Tâm, quận Hai Bà Trưng, TP.Hà Nội"},{"address":"Kiot số L1-29 chung cư Gemek, đường Lê Trọng Tấn, xã An Khánh, huyện Hoài Đức, TP.Hà Nội"},{"address":"Shophouse chung cư Thăng Long Victory, xã An Khánh, huyện Hoài Đức, TP.Hà Nội"},{"address":"Số 57 Lý Thường Kiệt, phường Trần Hưng Đạo, quận Hoàn Kiếm, TP.Hà Nội"},{"address":"Số 54 P. Bát Sứ, Hàng Bồ, Hoàn Kiếm, Hà Nội"},{"address":"Số 3 Đinh Liệt, phường Hàng Bạc, quận Hoàn Kiếm, TP.Hà Nội"},{"address":"Số 39 Bạch Đằng, phường Chương Dương, quận Hoàn Kiếm, TP.Hà Nội"},{"address":"Số 12-14 Trần Nhật Duật, phường Đồng Xuân, quận Hoàn Kiếm, TP.Hà Nội"},{"address":"Tòa nhà Smile &ndash; Số 1 Nguyễn Cảnh Dị, phường Định Công, quận Hoàng Mai, TP.Hà Nội"},{"address":"Tầng 1 tòa Trung, Chung cư Rice City Linh Đàm, phường Hoàng Liệt, quận Hoàng Mai, TP.Hà Nội"},{"address":"Số 203 phố Định Công Hạ, phường Định Công, quận Hoàng Mai, TP.Hà Nội"},{"address":"Số 112 Định Công, phường Định Công, quận Hoàng Mai, TP.Hà Nội"},{"address":"Tòa nhà Madarin Garden 2, số 99 Tân Mai, phường Tân Mai, quận Hoàng Mai, TP.Hà Nội"},{"address":"Số 109 Nguyễn An Ninh, phường Tương Mai, quận Hoàng Mai, TP.Hà Nội"},{"address":"Kiot số 42 chung cư VP5, khu đô thị Linh Đàm, phường Hoàng Liệt, quận Hoàng Mai, TP.Hà Nội"},{"address":"Số 438 Vĩnh Hưng, phường Vĩnh Hưng, quận Hoàng Mai, TP.Hà Nội"},{"address":"Số 10 ngõ 122 Vĩnh Tuy, phường Vĩnh Tuy, quận Hoàng Mai, TP.Hà Nội"},{"address":"Ki ốt số 2 toà CT12C, khu đô thị Kim Văn Kim Lũ, phường Đại Kim, quận Hoàng Mai, TP.Hà Nội"},{"address":"Kiot số 46, tòa HH4B, chung cư HH Linh Đàm, phường Hoàng Liệt, quận Hoàng Mai, TP.Hà Nội"},{"address":"Số 62A Nguyễn Đức Cảnh, phường Tương Mai, quận Hoàng Mai, TP.Hà Nội"},{"address":"Tầng 1 TTTM Mipec Long Biên, Số 2 đường Long Biên 2, phường Ngọc Thụy, quận Long Biên, TP.Hà Nội"},{"address":"Số 560 Nguyễn Văn Cừ, phường Gia Thụy, quận Long Biên, TP.Hà Nội"},{"address":"Sảnh Đông, Trung tâm Thương mại Aeon Mall Long Biên, số 27 Đ. Cổ Linh, Long Biên, Hà Nội, Việt Nam"},{"address":"Số 46 Trường Lâm, phường Đức Giang, quận Long Biên, TP.Hà Nội"},{"address":"Số 116 Sài Đồng, phường Sài Đồng, quận Long Biên, TP.Hà Nội"},{"address":"Số 102 K10, KĐT Việt Hưng, phường Giang Biên, quận Long Biên, TP.Hà Nội"},{"address":"Số 314 Ngọc Lâm, phường Ngọc Lâm, quận Long Biên, TP.Hà Nội"},{"address":"Toà nhà MD COMPLEX TOWER, số 68 Nguyễn Cơ Thạch, phường Cầu Diễn, quận Nam Từ Liêm, TP.Hà Nội"},{"address":"Số 99 Trần Bình, phường Mỹ Đình 2, quận Nam Từ Liêm, TP.Hà Nội"},{"address":"Số 398 đường Mỹ Đình, phường Mỹ Đình 1, quận Nam Từ Liêm, TP.Hà Nội"},{"address":"Tầng 1 tòa 17T2, khu đô thị Trung Văn, phường Trung Văn, quận Nam Từ Liêm, TP.Hà Nội"},{"address":"Gian hàng kinh doanh số 0115, Nhà hỗn hợp cao tầng HH3 (G3), Chung cư Vinhomes Green Bay, phường Mễ Trì, quận Nam Từ Liêm, TP.Hà Nội"},{"address":"Shophouse số SH21 toà S2.01, khu đô thị Vinhomes Smart City, phường Tây Mỗ, quận Nam Từ Liêm, TP.Hà Nội"},{"address":"Cổng trường Cao đẳng FPT Polytechnic, đường Trịnh Văn Bô, phường Xuân Phương, quận Nam Từ Liêm, TP.Hà Nội"},{"address":"Đ. Phú Hà, P. Ngô Quyền, Sơn Tây, Hà Nội, Vietnam"},{"address":"Số 106 Yên Phụ, phường Yên Phụ, quận Tây Hồ, TP.Hà Nội"},{"address":"Số 307 Xuân Đỉnh, phường Xuân Đỉnh, quận Tây Hồ, TP.Hà Nội"},{"address":"D Eldorado, Toà, số 298 Đ. Võ Chí Công, Xuân La, Tây Hồ, Hà Nội"},{"address":"Số 32 An Dương, phường Yên Phụ, quận Tây Hồ, TP.Hà Nội"},{"address":"Số 357 Ngọc Hồi, xã Ngọc Hồi, huyện Thanh Trì, TP.Hà Nội"},{"address":"Lô S01, Tầng 1, Khu A của Tòa nhà Imperia Garden &ndash; 203 Nguyễn Huy Tưởng, phường Thanh Xuân, quận Thanh Xuân, TP.Hà Nội"},{"address":"Tầng 1 tòa A, Chung cư GoldenLand, số 275 Nguyễn Trãi, phường Thanh Xuân Trung, quận Thanh Xuân, TP.Hà Nội"},{"address":"Số 269 Khương Trung, phường Khương Trung, quận Thanh Xuân, TP.Hà Nội"},{"address":"Số 70 Ngụy Như Kon Tum, phường Nhân Chính, quận Thanh Xuân, TP.Hà Nội"},{"address":"Số 194 Lê Trọng Tấn, phường Khương Mai, quận Thanh Xuân, TP.Hà Nội"},{"address":"Tầng 1, tòa nhà Licogi 13, Khuất Duy Tiến, phường Nhân Chính, quận Thanh Xuân, TP.Hà Nội"},{"address":"Số 106 Triều Khúc, phường Thanh Xuân, quận Thanh Xuân, TP.Hà Nội"},{"address":"Số 48 Vương Thừa Vũ, phường Khương Trung, quận Thanh Xuân, TP.Hà Nội"},{"address":"Số 19/102 Trường Chinh, phường Phương Đình, quận Thanh Xuân, TP.Hà Nội"},{"address":"Số 36 Nguyễn Huy Tưởng, phường Thanh Xuân Trung, quận Thanh Xuân, TP.Hà Nội"},{"address":"Số 105D3 khu tập thể Thanh Xuân Bắc, đường Nguyễn Quý Đức, phường Thanh Xuân Bắc, quận Thanh Xuân, TP.Hà Nội"},{"address":"Số 2 Chùa Bộc, phường Quang Trung, quận Đống Đa, TP.Hà Nội"},{"address":"Cổng khu công nghiệp Nội Bài, huyện Sóc Sơn, TP.Hà Nội"},{"address":"Fville, KCNC Hòa Lạc, Km 29 Đại Lộ Thăng Long, xã Tân Xá, huyện Thạch Thất, TP.Hà Nội"},{"address":"Khu Giáo dục và Đào tạo Khu Công nghệ cao Hòa Lạc Km 29 Đại lộ Thăng Long VN, 29km, CT03, Thạch Hoà, Thạch Thất, Hà Nội"},{"address":"Ki ốt 02 toà HH02B khu đô thị Thanh Hà, xã Cự Khê, huyện Thanh Oai, TP.Hà Nội"},{"address":"Số 82 Điện Biên Phủ, phường Đa Kao, quận 1, TP.Hồ Chí Minh"},{"address":"Số 275a Phạm Ngũ Lão, phường Phạm Ngũ Lão, quận 1, TP.Hồ Chí Minh"},{"address":"Chân tòa nhà Ruby Tower, số 81-83-85 Hàm Nghi, phường Nguyễn Thái Bình, quận 1, TP.Hồ Chí Minh"},{"address":"Số 127C Trần Quang Khải, phường Tân Định, quận 1, TP.Hồ Chí Minh"},{"address":"180 đường Nam Kỳ Khởi Nghĩa, Phường 6, Quận 3, Hồ Chí Minh"},{"address":"Số 19B&amp;19C Kỳ Đồng, phường 9, quận 3, TP.Hồ Chí Minh"},{"address":"Ký túc xá SV Lào, số 122ABC Cách mạng Tháng 8, phường 7, quận 3, TP.Hồ Chí Minh"},{"address":"Số 77B Lý Chính Thắng, phường 8, quận 3, TP.Hồ Chí Minh"},{"address":"Số 778 Nguyễn Đình Chiểu, phường 1, quận 3, TP.Hồ Chí Minh"},{"address":"Số 261 Nguyễn Thượng Hiền, phường 4, quận 3, TP.Hồ Chí Minh"},{"address":"Chung cư Galaxy 9, Số 9 Nguyễn Khoái, phường 1, quận 4, TP.Hồ Chí Minh"},{"address":"Số 121 Khánh Hội, phường 3, quận 4, TP.Hồ Chí Minh"},{"address":"Số 121 Vĩnh Hội, phường 4, quận 4, TP.Hồ Chí Minh"},{"address":"Số 332/1 Nguyễn Tất Thành, phường 13, quận 4, TP.Hồ Chí Minh"},{"address":"Số 100 Đỗ Ngọc Thạnh, phường 14, quận 5, TP.Hồ Chí Minh"},{"address":"Số 74 Trần Bình Trọng, phường 1, quận 5, TP.Hồ Chí Minh"},{"address":"Số 79 Bình Phú, phường 11, quận 6, TP.Hồ Chí Minh"},{"address":"Số A5 đường Bà Hom, phường 13, quận 6, TP.Hồ Chí Minh"},{"address":"Số 32, đường Hậu Giang, phường 2, quận 6, thành phố Hồ Chí Minh, Việt Nam"},{"address":"Số 171 đường số 23, phường 11, quận 6, TP.Hồ Chí Minh"},{"address":"Số 35B Tân Hòa Đông, phường 14, quận 6, TP.Hồ Chí Minh"},{"address":"Số 244B Nguyễn Văn Luông, phường 11, quận 6, TP.Hồ Chí Minh"},{"address":"Lô L 29B-31B-33B, đường Tân Thuận, KCX Tân Thuận, phường Tân Thuận Đông, quận 7, TP.Hồ Chí Minh"},{"address":"Lô thương mại X-01.09, Tòa nhà Sunrise City, số 27 Nguyễn Hữu Thọ, phường Tân Hưng, quận 7, TP.Hồ Chí Minh"},{"address":"Block A5, Chung cư Era Town, phường Phú Mỹ, quận 7, TP.Hồ Chí Minh"},{"address":"Số 78 Hoàng Văn Thái, Khu đô thị PMH, Q.7, HCM"},{"address":"1415 Đ. Nguyễn Văn Linh, Tân Phong, Quận 7, Hồ Chí Minh"},{"address":"Shophouse 1.02, Chung cư An Gia, số 89 Hoàng Quốc Việt, phường Phú Mỹ, quận 7, TP.Hồ Chí Minh"},{"address":"A15 Khu Nhà ở Him Lam 83 Đường D4, P.Tân Hưng, Quận 7, HCM"},{"address":"Kios 1S10-C, TTTM GO! Nguyễn Thị Thập, Lô A, Khu Dân Cư Cityland, 99 Nguyễn Thị Thập,, phường Tân Phú, quận 7, TP.Hồ Chí Minh"},{"address":"924C Đ. Tạ Quang Bửu, Phường 5, Quận 8, Hồ Chí Minh"},{"address":"Shophouse PH64, Chung cư Pegasuite, đường Tạ Quang Bửu, phường 6, quận 8, TP.Hồ Chí Minh"},{"address":"Số 360 Phạm Hùng, phường 5, quận 8, TP.Hồ Chí Minh"},{"address":"Cổng bên Chung cư Diamond Riverside, phường 16, quận 8, TP.Hồ Chí Minh"},{"address":"Số 100 Cao Lỗ, phường 4, quận 8, TP.Hồ Chí Minh"},{"address":"Số 22-22P Nguyễn Thị Tần, phường 2, quận 8, TP.Hồ Chí Minh"},{"address":"Cổng Chung cư Green River, Đ. Phạm Thế Hiển, Phường 6, Quận 8, Hồ Chí Minh, Vietnam"},{"address":"Số 153 Ngô Quyền, phường 6, quận 10, TP.Hồ Chí Minh"},{"address":"Chung cư Rivera Park, phường 14, quận 10, TP.Hồ Chí Minh"},{"address":"Số 84 Vĩnh Viễn, phường 2, quận 10, TP.Hồ Chí Minh"},{"address":"Số 299 Lý Thường Kiệt, phường 15, quận 11, TP.Hồ Chí Minh"},{"address":"Lô 45 Công viên Phần mềm Quang Trung, phường Tân Chánh Hiệp, quận 12, TP.Hồ Chí Minh"},{"address":"Số 6, đường Trường Chinh, phường Tân Thới Nhất, quận 12, thành phố Hồ Chí Minh, Việt Nam "},{"address":"Số 78 Nguyễn Văn Quá, phường Đông Hưng Thuận, quận 12, TP.Hồ Chí Minh"},{"address":"149/4A Lê Văn Khương, Q.12, HCM"},{"address":"Shophouse BS21 chung cư Prosper Plaza, đường Phan Văn Hớn, phường Tân Thới Nhất, quận 12, TP.Hồ Chí Minh"},{"address":"Số 183A đường Đông Bắc, phường Tân Chánh Hiệp, quận 12, TP.Hồ Chí Minh"},{"address":"Số 344 đường Tô Ký, phường Tân Chánh Hiệp, quận 12, TP.Hồ Chí Minh"},{"address":"Số 33H1 Nguyễn Ảnh Thủ, phường Hiệp Thành, quận 12, TP.Hồ Chí Minh"},{"address":"Số 94 Hà Huy Giáp, phường Thạnh Lộc, quận 12, TP.Hồ Chí Minh"},{"address":"Sân Chung cư Happy City, đường Nguyễn Văn Linh, xã Bình Hưng, huyện Bình Chánh, TP.Hồ Chí Minh"},{"address":"TTTM Satra Phạm Hùng-C6/27 Phạm Hùng, Bình Hưng, phường Bình Hưng quận, Bình Chánh, TP. Hồ Chí Minh, Việt Nam"},{"address":"Shophouse A26 Chung cư MOONLIGHT, đường số 7, phường An Lạc A, quận Bình Tân, TP.Hồ Chí Minh"},{"address":"Số 57-63 Trần Văn Giàu, phường Bình Trị Đông B, quận Bình Tân, TP.Hồ Chí Minh"},{"address":"Số 221-223-225 Bạch Đằng, phường 15, quận Bình Thạnh, TP.Hồ Chí Minh"},{"address":"Cửa hàng Circle K, số 17 Đường D5, phường 22, quận Bình Thạnh, TP.Hồ Chí Minh"},{"address":"Số 427 Lê Quang Định, phường 5, quận Bình Thạnh, TP.Hồ Chí Minh"},{"address":"Số 139 Chu Văn An, phường 26, quận Bình Thạnh, TP.Hồ Chí Minh"},{"address":"Số 186 Đ. Phan Văn Trị, Phường 11, Bình Thạnh, Hồ Chí Minh, Vietnam"},{"address":"268 Xô Viết Nghệ Tĩnh, P21, Q.Bình Thạnh, Tp.HCM"},{"address":"Số 163 Hoàng Hoa Thám, phường 6, quận Bình Thạnh, TP.Hồ Chí Minh"},{"address":"Số 268 Xô Viết Nghệ Tĩnh, phường 21, quận Bình Thạnh, TP.Hồ Chí Minh"},{"address":"Số 60 Nguyễn Văn Lạc, phường 19, quận Bình Thạnh, TP.Hồ Chí Minh"},{"address":"Số 132 Bình Quới, phường 27, quận Bình Thạnh, TP.Hồ Chí Minh"},{"address":"Số 25 Nguyễn Văn Thương, phường 25, quận Bình Thạnh, TP.Hồ Chí Minh"},{"address":"Số 253 Bùi Hữu Nghĩa, phường 1, quận Bình Thạnh, TP.Hồ Chí Minh"},{"address":"Số 98a Đặng Thùy Trâm, phường 13, quận Bình Thạnh, TP.Hồ Chí Minh"},{"address":"Cổng Trung tâm thương mại Satra Củ Chi, ấp Thạnh An, huyện Củ Chi, TP.Hồ Chí Minh"},{"address":"Số 50-52 khu phố 2, TL8, TT. Củ Chi, Củ Chi, Hồ Chí Minh, Vietnam"},{"address":"371 Đ. Nguyễn Kiệm, Phường 3, Gò Vấp, Hồ Chí Minh"},{"address":"Số 243 Nguyễn Văn Lượng, phường 17, quận Gò Vấp, TP.Hồ Chí Minh"},{"address":"Chung cư Hà Đô Z751, đường Phan Văn Trị, phường 10, quận Gò Vấp, TP.Hồ Chí Minh"},{"address":"Số 1060 Quang Trung, phường 14, quận Gò Vấp, TP.Hồ Chí Minh"},{"address":"Số 424 Cây Trâm, phường 8, quận Gò Vấp, TP.Hồ Chí Minh"},{"address":"Số 1, đường Quang Trung, phường 10, quận Gò Vấp, thành phố Hồ Chí Minh, Việt Nam"},{"address":"Số 498 Phan Huy Ích, phường 12, quận Gò Vấp, TP.Hồ Chí Minh"},{"address":"Số 481 đường Phan Văn Trị, phường 5, quận Gò Vấp, TP.Hồ Chí Minh"},{"address":"Shophouse Khu C-019 Chung cư Khang Gia, đường số 45, phường 14, quận Gò Vấp, TP.Hồ Chí Minh"},{"address":"Số 13 Đường Lê Văn Thọ, P. 8, Quận Gò Vấp, Tp.HCM"},{"address":"Số 372 Lê Đức Thọ, phường 6, quận Gò Vấp, TP.Hồ Chí Minh"},{"address":"Số 905 Lê Đức Thọ, phường 16, quận Gò Vấp, TP.Hồ Chí Minh"},{"address":"Số 47 Lê Thị Hà, xã Tân Xuân, huyện Hóc Môn, TP.Hồ Chí Minh"},{"address":"Số 31/1 đường Quang Trung, thị trấn Hóc Môn, huyện Hóc Môn, TP.Hồ Chí Minh"},{"address":"Lô B104, CC Hoàng Anh Gia Lai 3, đường Nguyễn Hữu Thọ, xã Phước Kiển, huyện Nhà Bè, TP.Hồ Chí Minh"},{"address":"Số 47 khu dân cư Phú Long, Phân Khu Số 8, Đường Nguyễn Hữu Thọ, Ấp 5, xã Phước Kiển, huyện Nhà Bè, TP.Hồ Chí Minh"},{"address":"Số 214 Đ. Phan Đăng Lưu, Phường 3, Phú Nhuận, Hồ Chí Minh, Vietnam"},{"address":"Số 140 Huỳnh Văn Bánh, Phường 12, Phú Nhuận, Hồ Chí Minh"},{"address":"Số 406 Phan Xích Long, phường 2, quận Phú Nhuận, TP.Hồ Chí Minh"},{"address":"Tầng 1 Chung cư Newton Residence, số 38 Trương Quốc Dung, phường 8, quận Phú Nhuận, TP.Hồ Chí Minh"},{"address":"Số 53 Thích Quảng Đức, phường 4, quận Phú Nhuận, TP.Hồ Chí Minh"},{"address":"Cổng Tòa nhà Trực thăng, 39B Trường Sơn, phường 4, quận Tân Bình, TP.Hồ Chí Minh"},{"address":"Số 320, đường Lê Văn Sỹ, phường 1, quận Tân Bình, thành phố Hồ Chí Minh, Việt Nam"},{"address":"Số 76 Hoàng Hoa Thám, phường 12, quận Tân Bình, TP.Hồ Chí Minh"},{"address":"Số 369 Kinh Dương Vương, phường An Lạc , quận Tân Bình, TP.Hồ Chí Minh"},{"address":"Số 855 Lạc Long Quân, phường 8, quận Tân Bình, TP.Hồ Chí Minh"},{"address":"Số 104 Trường Chinh, phường 12, quận Tân Bình, TP.Hồ Chí Minh"},{"address":"Số 2D Nguyễn Sỹ Sách, phường 15, quận Tân Bình, TP.Hồ Chí Minh"},{"address":"Số 2 Phạm Phú Thứ, phường 11, quận Tân Bình, TP.Hồ Chí Minh"},{"address":"Số 142 Đồng Đen, phường 14, quận Tân Bình, TP.Hồ Chí Minh"},{"address":"Số 66 Trương Công Định, phường 13, quận Tân Bình, TP.Hồ Chí Minh"},{"address":"Số 445, đường Lý Thường Kiệt, phường 8, quận Tân Bình, thành phố Hồ Chí Minh, Việt Nam"},{"address":"Số 88A Ni Sư Huỳnh Liên, phường 10, quận Tân Bình, TP.Hồ Chí Minh"},{"address":"Số 61 Nguyễn Thị Nhỏ, phường 9, quận Tân Bình, TP.Hồ Chí Minh"},{"address":"Lô E1.21, Chung cư Celadon, Đ. Tân Thắng, Phường, Tân Phú, Hồ Chí Minh, Vietnam"},{"address":"Khu 2 Chung cư Richstar, đường Hòa Bình, phường Hiệp Tân, quận Tân Phú, TP.Hồ Chí Minh"},{"address":"Số 115 Tân Sơn Nhì, phường Tân Sơn Nhì, quận Tân Phú, TP.Hồ Chí Minh"},{"address":"Cửa siêu thị Aeon, Tầng trệt TTTM Aeon Mall Tân Phú, số 30 Bờ Bao Tân Thắng, phường Sơn Kỳ, quận Tân Phú, TP.Hồ Chí Minh"},{"address":"Số 19 đường Lê Trọng Tấn, phường Sơn Kỳ, quận Tân Phú, TP.Hồ Chí Minh"},{"address":"Số 177 Tân Hương, phường Tân Quý, quận Tân Phú, TP.Hồ Chí Minh"},{"address":"Số 46 đường Gò Dầu, phường Tân Quý, quận Tân Phú, TP.Hồ Chí Minh"},{"address":"Số 332 đường Nguyễn Sơn, phường Phú Thọ Hòa, quận Tân Phú, TP.Hồ Chí Minh"},{"address":"Số 45 Vườn Lài, phường Phú Thọ Hòa, quận Tân Phú, TP.Hồ Chí Minh"},{"address":"Tầng trệt Âu Cơ Tower, số 659 Âu Cơ, phường Tân Thạnh, quận Tân Phú, TP.Hồ Chí Minh"},{"address":"Kios số 1S17, tầng 1, TTTM Big C Trường Chinh, số 1/1 đường Trường Chinh,, phường Tây Thạnh, quận Tân Phú, TP.Hồ Chí Minh"},{"address":"F-Town, 3 Đ. D1, P, Quận 9, Hồ Chí Minh"},{"address":"Gian hàng A-1-1-2, khu TTTM tòa nhà The CBD Premium Home, số 125 đường Đồng Văn Cống, phường Thạnh Mỹ Lợi, TP. Thủ Đức, TP.Hồ Chí Minh"},{"address":"Cổng trường ĐH Ngân hàng, số 56 Hoàng Diệu 2, phường Linh Chiểu, TP. Thủ Đức, TP.Hồ Chí Minh"},{"address":"Cổng sau Canteen, Công ty Intel, phường Tân Phú, TP. Thủ Đức, TP.Hồ Chí Minh"},{"address":"Cổng chung cư Sunview Town, đường Gò Dưa, phường  Hiệp Bình Phước, TP. Thủ Đức, TP.Hồ Chí Minh"},{"address":"Cổng Khu Du lịch Văn hóa Suối Tiên, số 120 Xa lộ Hà Nội, phường Tân Phú, TP. Thủ Đức, TP.Hồ Chí Minh"},{"address":"Số 440 Liên Phường, phường Phướng Long B, TP. Thủ Đức, TP.Hồ Chí Minh"},{"address":"Tầng trệt Block C2, Chung cư The Art Gia Hòa, 532A Đỗ Xuân Hợp, phường Phươc Long B, TP. Thủ Đức, TP.Hồ Chí Minh"},{"address":"Số 184 Lê Đại Hành, phường 15, quận 11, TP.Hồ Chí Minh"},{"address":"F-Town, 3 Đ. D1, P, Quận 9, Hồ Chí Minh"},{"address":"Số 18 đường 270A (270 Đỗ Xuân Hợp), phường Phước Long A, TP. Thủ Đức, TP.Hồ Chí Minh"},{"address":"Số 278 Tô Ngọc Vân, phường Linh Đông, TP. Thủ Đức, TP.Hồ Chí Minh"},{"address":"ĐH FPT KCNC, P.Long Thạnh Mỹ, Q.9.HCM  "},{"address":"Số 97 Nguyễn Thị Nhung, phường Hiệp Bình Phước, TP. Thủ Đức, TP.Hồ Chí Minh"},{"address":"127A3 Tăng Nhơn Phú, Phước Long B, Quận 9, Hồ Chí Minh, Vietnam"},{"address":"Shophouse D1.01.09.TM, chung cư Safira Khang Điền, phường Phú Hữu, TP. Thủ Đức, TP.Hồ Chí Minh"},{"address":"Số 948 Kha Vạn Cân, phường Trường Thọ, TP. Thủ Đức, TP.Hồ Chí Minh"},{"address":"Tòa S2020-Căn 1S02-KĐT Vinhomes Grand Park, Phường Long Thạnh Mỹ, Quận 9, Tp.HCM"},{"address":"Số 41 Đại lộ 2, phường Phước Bình, TP. Thủ Đức, TP.Hồ Chí Minh"},{"address":"Số 15 Bình Chiểu, phường Bình Chiểu, TP. Thủ Đức, TP.Hồ Chí Minh"},{"address":"Số 698 Nguyễn Duy Trinh, phường Bình Trưng Đông, TP. Thủ Đức, TP.Hồ Chí Minh"},{"address":"Số 33 đường số 3, phường Bình An, TP. Thủ Đức, TP.Hồ Chí Minh"},{"address":"Số 53 Man Thiện, phường Hiệp Phú, TP. Thủ Đức, TP.Hồ Chí Minh"},{"address":"Số 109 Nguyễn Cơ Thạch, phường An Lợi Đông, TP.Thủ Đức, TP.Hồ Chí Minh"},{"address":"Số 132 Linh Trung, phường Linh Trung, TP.Thủ Đức, TP.Hồ Chí Minh"},{"address":"Số 75 &ndash; 77 Nguyễn Thái Bình, phường Nguyễn Thái Bình, quận 1, TP.Hồ Chí Minh"},{"address":"Số 82 Điện Biên Phủ, phường Đa Kao, quận 1, TP.Hồ Chí Minh"},{"address":"Số 275a Phạm Ngũ Lão, phường Phạm Ngũ Lão, quận 1, TP.Hồ Chí Minh"},{"address":"Chân tòa nhà Ruby Tower, số 81-83-85 Hàm Nghi, phường Nguyễn Thái Bình, quận 1, TP.Hồ Chí Minh"},{"address":"Số 127C Trần Quang Khải, phường Tân Định, quận 1, TP.Hồ Chí Minh"},{"address":"Tòa nhà 204 &ndash; 204A Trần Hưng Đạo, phường Mỹ Bình, thành phố Long Xuyên, tỉnh An Giang"},{"address":"Số 23 Hà Hoàng Hổ, phường Mỹ Xuyên, TP.Long Xuyên, tỉnh An Giang"},{"address":"Tầng 1, tầng 4 tòa nhà TNL Plaza Bắc Giang, số 8 Nguyễn Văn Cừ, P, Bắc Giang"},{"address":"83 Đ. Trần Phú, TX. Từ Sơn, Từ Sơn, Bắc Ninh, Vietnam"},{"address":"302 Trần Hưng Đạo, phường Đại Phúc, TP.Bắc Ninh, tỉnh Bắc Ninh"},{"address":"Số 327-329-331 Trần Phú, phường Đình Bảng, TP.Từ Sơn, tỉnh Bắc Ninh"},{"address":"Số 503 Trần Hưng Đạo, phường Lê Hồng Phong, TP.Quy Nhơn, tỉnh Bình Định"},{"address":"Số 200&ndash;202 Phan Bội Châu, phường Trần Hưng Đạo, TP.Quy Nhơn, tỉnh Bình Định"},{"address":"Công ty CP Giày Đại Lộc, Lô G5, Khu B2, Đường D10, Khu công nghiệp Rạch Bắp, xã An Tây, tỉnh Bình Dương"},{"address":"TTTM GO!, Quốc lộ 1K, Đông Hòa, Dĩ An, Bình Dương"},{"address":"Số 273-275 Đại lộ Bình Dương, phường Chánh Nghĩa, TP.Thủ Dầu Một, tỉnh Bình Dương"},{"address":"Số 80c Phú Lợi, phường Phú Hòa, TP.Thủ Dầu Một, tỉnh Bình Dương"},{"address":"Số 266 Tôn Đức Thắng, phường Xuân An, TP.Phan Thiết, tỉnh Bình Thuận"},{"address":"Số 97 Trần Văn Khéo, phường Cái Khế, quận Ninh Kiều, TP.Cần Thơ"},{"address":"Số 135 Trần Hưng Đạo, phường An Phú, quận Ninh Kiều, TP.Cần Thơ"},{"address":"Số 1A đường 30/4, P. Xuân Khánh, Q. Ninh Kiều, TP. Cần Thơ"},{"address":"Sảnh Tòa nhà FPT Complex, Đường Nam Kỳ Khởi Nghĩa, phường Hòa Hải, quận Ngũ Hành Sơn, TP.Đà Nẵng"},{"address":"271 Đ. Nguyễn Văn Linh, Vĩnh Trung, Thanh Khê, Đà Nẵng 550000"},{"address":"Số 475 Hoàng Diệu, phường Hòa Thuận Đông, quận Hải Châu, TP.Đà Nẵng"},{"address":"Số 378 Núi Thành, phường Hòa Cường Bắc, quận Hải Châu, TP.Đà Nẵng"},{"address":"Số 5 Hoàng Văn Thái, phường Hòa Khánh Nam, quận Liên Chiểu, TP.Đà Nẵng"},{"address":"Số 353 Điện Biên Phủ, phường Hòa Khê, quận Thanh Khê, TP.Đà Nẵng"},{"address":"681 Tôn Đức Thắng, Hoà Khánh Nam, Liên Chiểu, Đà Nẵng 550000"},{"address":"Số 178 Quang Trung, phường Thanh Bình, quận Hải Châu, TP.Đà Nẵng"},{"address":"Số 177 Trần Phú, phường Thành Công, TP.Buôn Ma Thuột, tỉnh Đắk Lắk"},{"address":"Số 71-73 Lý Thái Tổ, phường Tân Lợi, TP.Buôn Ma Thuột, tỉnh Đắk Lắk"},{"address":"Số 97 Đường Ba Mươi Tháng Tư, Trung Dũng, Biên Hòa, Đồng Nai"},{"address":"Số 486 Phạm Văn Thuận, phường Tam Hiệp, TP.Biên Hòa, tỉnh Đồng Nai"},{"address":"Số 262 Phạm Văn Thuận, phường Thống Nhất, TP.Biên Hòa, tỉnh Đồng Nai"},{"address":"Số 08 đường Trần Phú, phường Tây Sơn, TP.Pleiku, tỉnh Gia Lai"},{"address":"Số 75 Phạm Ngũ Lão, phường Lê Thanh Nghị, TP.Hải Dương, tỉnh Hải Dương"},{"address":"Chung cư Hoàng Huy Commerce, Tòa nhà H1, Võ Nguyên Giáp, Kênh Dương, Lê Chân, Hải Phòng 180000, Vietnam"},{"address":"Căn SO01 tháp A tòa Diamond Crown Hải Phòng &ndash; lô số 01/8B ngã 4 Cầu Vượt Lê Hồng Phong &ndash; Nguyễn Bỉnh Khiêm, Hải Phòng."},{"address":"Khu ATM, tầng 1 TTTM Aeon Mall Hải Phòng, số 10 đường Võ Nguyên Giáp, phường Dư Hàng Kênh, quận Lê Chân, TP.Hải Phòng"},{"address":"Số 306 Thống Nhất, phường Phương Sơn, TP.Nha Trang, tỉnh Khánh Hòa"},{"address":"Số 48 đường A4, khu đô thị VCN, phường Phước Hải, TP.Nha Trang, tỉnh Khánh Hòa."},{"address":"Số 79 Yersin, phường Phương Sài, TP.Nha Trang, tỉnh Khánh Hòa"},{"address":"Số 87 Nguyễn Trung Trực, thị trấn Dương Đông, huyện Phú Quốc, tỉnh Kiên Giang"},{"address":"Số 154 &ndash; 156 - 158 Trần Phú, phường Vĩnh Thanh Vân, TP.Rạch Giá, tỉnh Kiên Giang"},{"address":"P11-13 đường Phan Thị Ràng, phường An Hòa, TP.Rạch Giá, tỉnh Kiên Giang"},{"address":"Số 127 Đường 3/2, phường 1, TP.Đà Lạt, tỉnh Lâm Đồng"},{"address":"Số 114 Nguyễn Công Trứ, phường 8, TP.Đà Lạt, tỉnh Lâm Đồng"},{"address":" Số 144 Hoàng Liên, phường Cốc Lếu, TP.Lào Cai, tỉnh Lào Cai"},{"address":"Số 251 Nguyễn Hữu Thọ, thị xã Bến Lức, tỉnh Long An"},{"address":"TPBank Vinh đại lộ, 168 V.I. Lê Nin, Nghi Phan, Vinh, Nghệ An, Vietnam"},{"address":"Handico 30, Nghệ An"},{"address":"Số 698A-700 Quang Trung, phường Chánh Lộ, TP.Quảng Ngãi, tỉnh Quảng Ngãi"},{"address":"Cổng chung cư Sapphire Residence, Số 1 Bến Đoan, phường Hồng Gai, TP.Hạ Long, tỉnh Quảng Ninh"},{"address":"70 Hoàng Văn Thụ, phường Hoàng Văn Thụ, TP.Thái Nguyên, tỉnh Thái Nguyên"},{"address":"Số 134 Trường Chinh, phường Ba Hàng, TP.Thị xã Phổ Yên, tỉnh Thái Nguyên"},{"address":"Lô số 13 + 14 Phan Chu Trinh, phường Điện Biên, TP.Thanh Hóa, tỉnh Thanh Hóa"},{"address":"Số 317-321 đường Trần Phú, phường Ba Đình, TP.Thanh Hóa, tỉnh Thanh Hóa"},{"address":"Số 131 Nguyễn Thái Học , phường 7, TP. Vũng Tàu, tỉnh Bà Rịa - Vũng Tàu"},{"address":"Tầng 1 tòa nhà Vũng Tàu Plaza, 207 Lê Hồng Phong, phường 8, TP.Vũng Tàu, tỉnh Bà Rịa - Vũng Tàu"},{"address":"MRA186 Thủy Nguyên, KĐT Ecopark 2, xã Xuân Quan, huyện Văn Giang, tỉnh Hưng Yên"},{"address":"Số 107-109 Đinh Tiên Hoàng, phường Đông Thành, TP.Ninh Bình, tỉnh Ninh Bình"},{"address":"Số 698A và một phần tầng 1 nhà số 700, Quang Trung, phường Chánh Lộ, thành phố Quảng Ngãi, tỉnh Quảng Ngãi "},{"address":"25 Nguyễn Huệ, Vĩnh Ninh, Huế, Thừa Thiên Huế, Vietnam"},{"address":"Số 105 + 107 đường Mê Linh, phường Liên Bảo, thành phố Vĩnh Yên, tỉnh Vĩnh Phúc"},{"address":"L1-06 và L1-13,14,15 tầng 1 chung cư cụm III,IV &ndash; đường 09, khu dân cư Trung Sơn xã Bình Hưng, huyện Bình Chánh TP.Hồ Chí Minh"},{"address":"Số Lô 21-22 Quốc Lộ 14, phường Tân Thiện, TP.Đồng Xoài, tỉnh Bình Phước"},{"address":"Số 1 Đường 3/4, phường 3, TP.Đà Lạt, tỉnh Lâm Đồng"},{"address":"166-168 Quốc lộ 91, khu vực, Phụng Thạnh 1, Thốt Nốt, Cần Thơ"},{"address":"Số 625 Hùng Vương, phường An Lạc, thị xã Buôn Hồ, tỉnh Daklak"},{"address":"Số 38 Đinh Tiên Hoàng, Phường Hoàng Văn Thụ, Quận Hồng Bàng, TP. Hải Phòng"},{"address":"255A27 Nguyễn Văn Lượng, phường 10, quận Gò Vấp, TP. HCM"},{"address":"Tầng 1, TTTM Victory, số 392 Lý Bôn, P.Trần Hưng Đạo, TP Thái Bình"},{"address":"Tầng 1 &ndash; SH 15 &ndash; ĐN 6 tòa nhà Chung cư CT5 Khu đô Thị Mỹ Đình &ndash; Mễ trì, Nam Từ Liêm, Hà Nội, Việt Nam"},{"address":"38-40 P. Hàng Da, Hàng Bông, Hoàn Kiếm, Hà Nội 100000"},{"address":"Tòa nhà TĐL, Số 22 Láng Hạ, Đống Đa, Hà Nội "},{"address":"Số 129-131 Hoàng Quốc Việt, Cầu Giấy, Hà Nội"},{"address":"Số 11 Nguyễn Biểu"},{"address":"Số 535 Kim Mã, Phường Ngọc Khánh"},{"address":"Khu đấu giá đất, Tân Triều, Hà Nội"},{"address":"139E+G Đường Chiến Thắng"},{"address":"A22/5 Quốc lộ 50, xã Bình Hưng"},{"address":"Số 81 Xô Viết Nghệ Tĩnh, Phường 17"},{"address":"1/1- 1/2 Nguyễn Ảnh Thủ, Xã Trung Chánh, TP Hồ Chí Minh"},{"address":"Số 93-95 Nguyễn Cư Trinh, Quận 1"},{"address":"Số 290 Lãnh Bình Thăng, Phường 11"},{"address":"Số 9-11 Hoàng Diệu, Phường 12"},{"address":"166 Đ. Lê Hồng Phong, Phường 3, Quận 5, Thành phố Hồ Chí Minh"},{"address":" 960 - 962 Nguyễn Văn Linh, Phường Tân Phong, Quận 7, Thành phố Hồ Chí Minh, Việt Nam"},{"address":"Số 73, đường Cộng Hòa, phường 4, Tân Bình, thành phố Hồ Chí Minh, Việt Nam"},{"address":"460 Nguyễn Hữu Thọ, Khuê Trung, Hải Châu, Đà Nẵng 40503, Vietnam"},{"address":"Số 15 Đường số 9, Khu TT Hành Chính, phường Dĩ An, TP.Dĩ An, tỉnh Bình Dương"},{"address":"Tầng 1 tòa nhà Hạ Long DC, Số 8 đường 25/4, Phường Hồng Gai"},{"address":"749-751 Trần Phú, Cẩm Thu, Cẩm Phả, Quảng Ninh"},{"address":"Số 91 Quang Trung, Phường Quang Trung"},{"address":"119A Nam Kỳ Khởi Nghĩa, Phường 4, Thành phố Mỹ Tho, Tiền Giang"},{"address":"Số 190 đường Đặng Văn Bi, Phường Bình Thọ"},{"address":"Số 152 Phan Châu Trinh, Phường Phước Hòa, Tam Kỳ, Quảng Nam, Vietnam"},{"address":"Số 56 - 58, Y Jút, phường Tân Tiến, thành phố Buôn Ma Thuột, tỉnh Đắk Lắk"},{"address":"HD09 Vinhomes Ocean Park, Trâu Quỳ, Gia Lâm, Hà Nội"},{"address":"Ga đường sắt Cát Linh, số 192 Hào Nam, phường Cát Linh, quận Đống Đa, TP.Hà Nội"},{"address":"Cổng công ty Cự Hùng, khu phố Mỹ Hiệp, phường Thái Hòa, thị xã Tân Uyên, tỉnh Bình Dương"},{"address":"Số 91 Trần Hưng Đạo, phường Trần Hưng Đạo, TP.Nam Định, tỉnh Nam Định"},{"address":"Số 500 đường Hai Bà Trưng, phường Tân An, TP.Hội An, tỉnh Quảng Nam"},{"address":"22/5 Lê Thị Hà, Thới Tam Thôn, Hóc Môn, TP. Hồ Chí Minh"},{"address":"Số 53 đường S11, phường Tây Thạnh, quận Tân Phú, TP.Hồ Chí Minh"},{"address":"6A Tân Chánh Hiệp 18, Tân Chánh Hiệp, Quận 12, Hồ Chí Minh, Vietnam"},{"address":"Số A1.03- A1.04 Khu nhà ở Thương mại Phú Hồng Phát, Đường 22 tháng 12, Phường Thuận Giao, Thành phố Thuận An, Tỉnh Bình Dương"},{"address":"49 - 51 Nguyễn Thị Nhung, khu nhà ở Vạn Phúc, phường Hiệp Bình Phước, thành phố Thủ Đức, thành phố Hồ Chí Minh"},{"address":"Số 62 đường Lương Định Của, phường An Khánh, TP. Thủ Đức, TP.Hồ Chí Minh"},{"address":"Đại học FPT, Khu đô thị FPT City, phường Hòa Hải, quận Ngũ Hành Sơn, TP.Đà Nẵng"},{"address":"Số 94 Nguyễn Văn Thoại, phường Bắc Mỹ An, quận Ngũ Hành Sơn, TP.Đà Nẵng"},{"address":"Số 61 Đường Đào Cữ, thị trấn Cần Thạnh, huyện Cần Giờ, TP.Hồ Chí Minh"},{"address":"145 Hùng Vương , KP1, P.Xuân Hòa, TP.Long Khánh"},{"address":"Số 42 Khu 1 Thị Trấn Yên Định, Huyện Hải Hậu, Tỉnh Nam Định"},{"address":"tờ bản đồ QH, Khu dân cư tự xây Khu 8, Uông Bí, Quảng Ninh, Vietnam"},{"address":"Số 23 khối 4, thị trấn Diễn Châu, tỉnh Nghệ An"},{"address":"Số 78 Bến Nghé, phường Phú Hội, TP Huế, tỉnh Thừa Thiên Huế"},{"address":"Tầng 1, tòa HC Golden City, phố Hồng Tiến, phường Bồ Đề, quận Long Biên, Hà Nội"},{"address":"46 Trưng Nữ Vương, P.Châu Phú B, TP.Châu Đốc, An Giang"},{"address":"Ký túc xá Đại học Nha Trang, 7692+ MGQ, Đ. Nguyễn Đình Chiểu, P, Nha Trang, Khánh Hòa, Vietnam"},{"address":"Số 1-55H/1, đường Nguyễn Ảnh Thủ, KP3, quận 12, thành phố Hồ Chí Minh, Việt Nam"},{"address":"Tầng 1, 235 Lê Hoàn, Phường Ba Đình, TP Thanh Hóa, Tỉnh Thanh Hóa"},{"address":"Số 13 Thoại Ngọc Hầu, phường Hòa Thạnh, quận Tân Phú, TP.Hồ Chí Minh"},{"address":"Số 127-129 Hùng Vương (nối dài), phường 6, TP.Tân An, tỉnh Long An"},{"address":"334B Diên Hồng, Quy Nhơn, Bình Định"},{"address":"686 Đường 2/4 , TP Nha Trang , Khánh Hòa"},{"address":"Số 69 khu 1, TT. Phố Mới, Quế Võ, Bắc Ninh, Vietnam"},{"address":"Số 222 Lê Hoàn, phường Hai Bà Trưng, TP. Phủ Lý, tỉnh Hà Nam"},{"address":"110 P. Trung Kính, Yên Hoà, Cầu Giấy, Hà Nội"},{"address":"145 Hùng Vương, Khu phố 1, Long Khánh, Đồng Nai, Vietnam"},{"address":"Số 166 - 168 Quốc lộ 91, khu vực Phụng Thạnh 1, phường Thốt Nốt, quận Thốt Nốt, TP Cần Thơ"},{"address":"Số 358-360-362, đường 30 tháng 4, phường 3, thành phố Tây Ninh, tỉnh Tây Ninh, Việt Nam"},{"address":"231 Tổ 3, Phủ Lỗ, Đông Anh, Hà Nội"},{"address":"326 Đ. Phạm Văn Đồng, Phường, Bắc Từ Liêm, Hà Nội"},{"address":"Lô số A38-NV16, ô.01-02-03, Khu A, Khu đô thị mới Lê Trọng Tấn-Gelexinco, xã An Khánh, huyện Hoài Đức, Thành phố Hà Nội"},{"address":"Tòa nhà HQ Tower, 201 Đ. Trần Não, khu phố 10, Thủ Đức, Hồ Chí Minh 700000, Việt Nam"},{"address":"18 Đường 270, Phước Long A, TP Thủ Đức, Hồ Chí Minh, Việt Nam"},{"address":"40-54 Túy Lý Vương, Phường 13, Quận 8, TP. HCM"},{"address":"61 QL1A, khu phố 4, Bến Lức, Long An, Vietnam"},{"address":"Đội 1 Văn Lâm, Ninh Hải, Hoa Lư, Ninh Bình, Vietnam"},{"address":"Tầng 12B Tòa nhà Hạ Long DC, số 8 đường 25/4 phường Hồng Gai, TP Hạ Long, Quảng Ninh"},{"address":"Tầng 4 tòa nhà TNL Plaza Bắc Giang, Số 8, Đường Nguyễn Văn Cừ, Phường Trần Phú, TP Bắc Giang, Tỉnh Bắc Giang"},{"address":"Số 271 Nguyễn Văn Linh, phường Vĩnh Trung, quận Thanh Khê, TP. Đà Nẵng"},{"address":"Số 11 phố Nguyễn Biểu, Phường Quán Thánh, quận Ba Đình, Thành phố Hà Nội"},{"address":"107 Đ. Mê Linh, P, Vĩnh Yên, Vĩnh Phúc, Vietnam"},{"address":"Số 257 Trần Hưng Đạo, TP Đồng Hới, Quảng Bình"},{"address":"Chung cư Hoàng Huy Commerce, đường Võ Nguyên Giáp, quận Lê Chân, thành phố Hải Phòng"},{"address":"Tòa nhà FPT Complex, Đường Nam Kỳ Khởi Nghĩa, Phường Hòa Hải, Quận Ngũ Hành Sơn, TP Đà Nẵng"},{"address":"Số 105D3 khu tập thể Thanh Xuân Bắc, đường Nguyễn Quý Đức, phường Thanh Xuân Bắc, quận Thanh Xuân, TP.Hà Nội"},{"address":"200-202 Phan Bội Châu, Trần Hưng Đạo, thành phố, Bình Định, Vietnam"},{"address":"127A3, Đường Tăng Nhơn Phú, Phước Long B, Quận 9, Tp.HCM"},{"address":"Số 50-52 khu phố 2, đường Tỉnh lộ 8, thị trấn Củ Chi, huyện Củ Chi, thành phố Hồ Chí Minh"},{"address":"Số B-TT04-01, B-TT04-03, B-TT04-05, B-TT04-07, Khu nhà ở Ngân Hà Vạn Phúc, phường Vạn Phúc, quận Hà Đông, Thành phố Hà Nội"},{"address":"Số 18 Đường 270, phường Phước Long A, Quận 9, thành phố Hồ Chí Minh"},{"address":"số 157 Quảng Oai, Tây Đằng, Ba Vì, HN"},{"address":"219 P. Tô Hiệu, Trại Cau, Lê Chân, Hải Phòng, Vietnam"},{"address":"TTTM The CBD Premium Home, số 125 đường Đồng Văn Cống, P.Thạnh Mỹ Lợi, Q.2, HCM"},{"address":"C0.25, CC H1-04, KDC Cát Lái, P.Cát Lái, Q2, HCM"},{"address":"Số 67 Nguyễn Thị Minh Khai, Bến Thành, Quận 1"},{"address":"Thôn Đình Ngọ, xã Hồng Phong, huyện An Dương, Hải phòng"},{"address":"tờ bản đồ QH, khu dân cư tự xây khu 8, Uông Bí, Quảng Ninh, Vietnam"},{"address":"Số 1960 Huỳnh Tấn Phát, Khu phố 6, Thị Trấn Nhà Bè, Huyện Nhà Bè, TP Hồ Chí Minh"},{"address":"Số 29 thôn 2 làng cổ Bát tràng, Gia lâm, Hà Nội"},{"address":"Ấp, Tân Hòa, Đức Hòa, Long An"},{"address":"LK4-123 khu nhà ở thấp tầng xã Ninh Hiệp, Gia lâm, Hà nội"},{"address":"Sân bên ngoài TTTM, Vincom, Đ. 3 Tháng 2, Phường 11, Quận 10, Hồ Chí Minh"},{"address":""},{"address":"Công Nghiệp Đồng Đình, Thị Trấn Cao Thượng, Huyện Tân Yên, Tỉnh Bắc Giang"},{"address":"Công ty Cổ Phần Bao Bì Đại Lục - Đường chợ Chiều, Ấp Thanh Hóa, Xã Hố Nai 3, Trảng Bom, Đồng Nai"},{"address":"Số 317,317A,317B Tô Hiến Thành, P.13, Q.10, TP HCM"},{"address":"40 P. Hàng Da, Hàng Bông, Hoàn Kiếm, Hà Nội"},{"address":"Số 317,317A,317B Tô Hiến Thành, P.13, Q.10, Hồ Chí Minh"}]