[{"address":"Số 51 phố Tô Hiệu, phường Trại Cau, quận Lê Chân, Hải Phòng","province":"Hải Phòng"},{"address":"Số 183-185 phố Trung Kính, phường Yên Hòa, Quận Cầu Giấy, thành phố Hà Nội","province":"Hà Nội"},{"address":"127 Lương Ngọc Quyến, phường Hoàng Văn Thụ, thành phố Thái Nguyên, Thái Nguyên","province":"Thái Nguyên"},{"address":"Số 79 Hàng Trống, phường Hàng Trống, quận Hoàn Kiếm, Hà Nội","province":"Hà Nội"},{"address":"Số 114, đường Lạch Tray, phường Lạch Tray, quận Ngô Quyền, Hải Phòng","province":"Hải Phòng"},{"address":"Số 170C đường Lê Quý Đôn, phường Bồ Xuyên, thành phố Thái Bình, Thái Bình","province":"Thái Bình"},{"address":"Số 220 đường 3/2, phường Hưng Lợi, quận Ninh Kiều, Cần Thơ","province":"Cần Thơ"},{"address":"Tòa Nhà Centre Point, 106 Nguyễn Văn Trỗi, phường 8, quận Phú Nhuận, TP. Hồ Chí Minh","province":"Hồ Chí Minh"},{"address":"Số 2 đường M, khu Trung tâm hành chính, phường Dĩ An, thành phố Dĩ An, Bình Dương","province":"Bình Dương"},{"address":"19-21 Trần Văn Khéo, quận Ninh Kiều, Cần Thơ","province":"Cần Thơ"},{"address":"562 Nguyễn Thị Định, khu phố 2, phường Thạnh Mỹ Lợi, thành phố Thủ Đức, TP. Hồ Chí Minh","province":"Hồ Chí Minh"},{"address":"752 Lê Đức Thọ, phường 15, quận Gò Vấp, TP. Hồ Chí Minh","province":"Hồ Chí Minh"},{"address":"số 672A26 đường Phan Văn Trị, phường 10, quận Gò Vấp, TP. Hồ Chí Minh","province":"Hồ Chí Minh"},{"address":"Số 330-332 đường Phạm Hùng, phường 5, quận 8, TP. Hồ Chí Minh","province":"Hồ Chí Minh"},{"address":"Số 333 đường Nguyễn Trung Trực, phường Vĩnh Lạc, thành phố Rạch Giá, Kiên Giang","province":"Kiên Giang"},{"address":"56-58 Khu Hòa Bình, phường 1, thành phố Đà Lạt, Lâm Đồng","province":"Lâm Đồng"},{"address":"Số 416 Cách mạng tháng 8, phường Phú Cường, thành phố Thủ Dầu Một, Bình Dương","province":"Bình Dương"},{"address":"Số 415B Hoàng Văn Thụ, phường 2, quận Tân Bình, TP. Hồ Chí Minh","province":"Hồ Chí Minh"},{"address":"Số 64-66 Bàu Cát, phường 14, quận Tân Bình, TP. Hồ Chí Minh","province":"Hồ Chí Minh"},{"address":"104 Mai Xuân Thưởng, phường Lý Thường Kiệt, thành phố Quy Nhơn, Bình Định","province":"Bình Định"},{"address":"Một phần diện tích tầng 1, tầng 2 tòa nhà The Golden Palm, số 21 Lê Văn Lương, phường Nhân Chính, quận Thanh Xuân, Hà Nội","province":"Hà Nội"},{"address":"Số 199 Bạch Đằng, phường Thượng Lý, quận Hồng Bàng, Hải Phòng","province":"Hải Phòng"},{"address":"Só B1-B2, đường 29/04, khu phố 5, thị trấn Trảng Bom, huyện Trảng Bom, Đồng Nai","province":"Đồng Nai"},{"address":"Lô L5, căn số 22-23, khu dân cư TTTM Rạch Sỏi, đường Mai Thị Hồng Hạnh, phường Rạch Sỏi, thành phố Rạch Giá, Kiên Giang","province":"Kiên Giang"},{"address":"Số 124 - 224, ĐN7, CT5, Khu đô thị mới Mỹ Đình, đường Phạm Hùng, quận Nam Từ Liêm, Hà Nội","province":"Hà Nội"},{"address":"Tòa nhà Thiên Niên kỷ, số 04 Quang Trung, phường Yết Kiêu, quận Hà Đông Hà Nội","province":"Hà Nội"},{"address":"Số 2 đường Lê Hữu Lập, phường Lam Sơn, thành phố Thanh Hóa, Thanh Hóa","province":"Thanh Hóa"},{"address":"Tầng 1, 2 Tòa nhà SailingTower - 111A Pasteur, phường Bến Nghé, quận 1, TP. Hồ Chí Minh","province":"Hồ Chí Minh"},{"address":"Số 45-47-49, đường Nguyễn Lương Bằng, khu phố Ascentia, phường Tân Phú, quận 7, TP. Hồ Chí Minh","province":"Hồ Chí Minh"},{"address":"137 Lê Quang Định, phường 14, quận Bình Thạnh, TP. Hồ Chí Minh","province":"Hồ Chí Minh"},{"address":"Chung cư Nguyễn Kim Khu B, Lý Thường Kiệt, phường 7, quận 10, TP. Hồ Chí Minh","province":"Hồ Chí Minh"},{"address":"Số 37 Quang Trung, phường 3, quận Gò Vấp, TP. Hồ Chí Minh","province":"Hồ Chí Minh"},{"address":"Số 41, 42, Quốc lộ 22, khu phố Lộc An, phường Trảng Bàng, thị xã Trảng Bàng, Tây Ninh","province":"Tây Ninh"},{"address":"Tầng 1, tầng 2, Shop house số 07 và số 08, Tòa nhà The Park Home, khu đô thị mới Cầu Giấy, phường Dịch Vọng, quận Cầu Giấy, Hà Nội","province":"Hà Nội"},{"address":"Số 69 Tỉnh lộ 8, khu phố 1, thị trấn Củ Chi, huyện Củ Chi, Thành phố Hồ Chí Minh","province":null},{"address":"số 380 đường Nguyễn Oanh, phường 17, quận Gò Vấp, TP. Hồ Chí Minh","province":"Hồ Chí Minh"},{"address":"Số 01, 02 Khu A2, Trung tâm Thương mại Phức hợp Cần Thơ Center, Khu vực 11, phường Hưng Phú, quận Cái Răng, Cần Thơ","province":"Cần Thơ"},{"address":"42 Lý Thường Kiệt, Khu phố 4, thị trấn Hóc Môn, huyện Hóc Môn, TP. Hồ Chí Minh","province":"Hồ Chí Minh"},{"address":"Căn A13-M1và A14-M9, Khu Thương mại và Dịch vụ Hợp Lực, Nổ Giáp 1, phường Nguyên Bình, thị xã Nghi Sơn, tỉnh Thanh Hóa","province":"Thanh Hóa"},{"address":"Căn TMDV số 06, 08A, 08, 09, 10 tại Tầng 1, Tòa nhà Masteri WaterFront, khu đô thị Vinhomes Ocean Park 1, xã Đa Tốn, huyện Gia Lâm, thành phố Hà Nội","province":"Hà Nội"},{"address":"Số 437, 439, 441 đường Hai Bà Trưng, phường Võ Thị Sáu, quận 3, TP. Hồ Chí Minh","province":"Hồ Chí Minh"},{"address":"1264 - 1266 Bạch Đằng, phường Phước Trung, thành phố Bà Rịa, Bà Rịa - Vũng Tàu","province":"Bà Rịa - Vũng Tàu"},{"address":"97/5, QL1, KP.9, phường Tân Biên, thành phố Biên Hòa, Đồng Nai","province":"Đồng Nai"},{"address":"306 Đại lộ Bình Dương, phường Phú Hòa, thành phố Thủ Dầu Một, Bình Dương","province":"Bình Dương"},{"address":"398 Lê Văn Sỹ, phường 14, quận 3, TP. Hồ Chí Minh","province":"Hồ Chí Minh"},{"address":"Số 12C Phan Đăng Lưu, phường 7, quận Bình Thạnh, TP. Hồ Chí Minh","province":"Hồ Chí Minh"},{"address":"Một phần tầng trệt, Phòng 203-04 tầng 2 và Phòng 301 tầng 3, Tòa nhà Mê Linh Point, số 2 đường Ngô Đức Kế, phường Bến Nghé, quận 1, TP. Hồ Chí Minh","province":"Hồ Chí Minh"},{"address":"188-190 Khánh Hội, phường 5, quận 4, TP. Hồ Chí Minh","province":"Hồ Chí Minh"},{"address":"Số 59 đường Nguyễn Văn Tiết, phường Lái Thiêu, thành phố Thuận An, Bình Dương","province":"Bình Dương"},{"address":"Khu vực D7 – tầng trệt của Khu thương mại thuộc cao Ốc Tản Đà - 86 Tản Đà, phường 11, quận 5, TP. Hồ Chí Minh","province":"Hồ Chí Minh"},{"address":"Số 55-57 đường Điện Biên Phủ, phường Minh Khai, quận Hồng Bàng, Hải Phòng","province":"Hải Phòng"},{"address":"số 69 đường Mê Linh, phường Liên Bảo, thành phố Vĩnh Yên, Vĩnh Phúc","province":"Vĩnh Phúc"},{"address":"số 661 đường Lương Ngọc Quyến, phường Phan Đình Phùng, thành phố Thái Nguyên, Thái Nguyên","province":"Thái Nguyên"},{"address":"296 Nguyễn Văn Cừ, phường Bồ Đề, quận Long Biên, Hà Nội","province":"Hà Nội"},{"address":"Tầng 1, tầng 2 tòa nhà NHS Center, số 214 Hào Nam, phường Cát Linh, quận Đống Đa, Hà Nội","province":"Hà Nội"},{"address":"496 đường Quang Trung (TTTM), P. Quang Trung, thành phố Uông Bí, Quảng Ninh","province":"Quảng Ninh"},{"address":"88 Lê Thánh Tông, phường Hồng Gai, thành phố Hạ Long, Quảng Ninh","province":"Quảng Ninh"},{"address":"30 đường Lê Lợi, phường Phú Nhuận, thành phố Huế, Thừa Thiên Huế","province":"Thừa Thiên Huế"},{"address":"38 phố Đào Tấn, phường Cống Vị, quận Ba Đình, Hà Nội","province":"Hà Nội"},{"address":"Tầng 1, tòa nhà N03-T1, Khu Ngoại giao đoàn Tây Hồ, phường Xuân Tảo, quận Bắc Từ Liêm, Hà Nội","province":"Hà Nội"},{"address":"Tầng 1, tháp B, tòa nhà TTTM nhà ở số 82 Nguyễn Tuân, phường Thanh Xuân Trung, quận Thanh Xuân, Hà Nội","province":"Hà Nội"},{"address":"Cụm công nghiệp Bình Phú, đường 419, xã Bình Phú, huyện Thạch Thất, Hà Nội","province":"Hà Nội"},{"address":"Số 214-216-218 đường Nguyễn Hữu Thọ, phường Hòa Thuận Tây, quận Hải Châu, Đà Nẵng","province":"Đà Nẵng"},{"address":"Số 99 và số 101, đường Trần Hưng Đạo, phường Trưng Trắc, thành phố Phúc Yên, Vĩnh Phúc","province":"Vĩnh Phúc"},{"address":"số 119 đường Nguyễn Trãi, phường Sao Đỏ, thành phố Chí Linh, Hải Dương","province":"Hải Dương"},{"address":"Số 92 Đinh Tiên Hoàng, phường Đông Ba, thành phố Huế, tỉnh Thừa Thiên Huế","province":"Thừa Thiên Huế"},{"address":"Số 02 đường Trần Phú, phường Hồng Sơn, thành phố Vinh, Nghệ An","province":"Nghệ An"},{"address":"Tổ 11 Phường Trung Thành, thành phố Thái Nguyên, Thái Nguyên","province":"Thái Nguyên"},{"address":"Tòa nhà Hàn Việt Tower, Số 203 Minh Khai, phường Minh Khai, quận Hai Bà Trưng, Hà Nội","province":"Hà Nội"},{"address":"Tầng 1 tòa nhà CT1A, Dự án Moncity, phường Mỹ Đình 2, quận Nam Từ Liêm, Hà Nội","province":"Hà Nội"},{"address":"Số 267 đường Trường Thi, phường Điện Biên, thành phố Thanh Hóa, Thanh Hóa","province":"Thanh Hóa"},{"address":"số 20 đường Thụy Khuê, phường Thụy Khuê, quận Tây Hồ, Hà Nội","province":"Hà Nội"},{"address":"Số 100 đường Hoàng Hoa Thám, thị trấn Mạo Khê, thị xã Đông Triều, Quảng Ninh","province":"Quảng Ninh"},{"address":"Tầng 1 tòa nhà số 04 Liễu Giai, phường Cống Vị, quận Ba Đình, Hà Nội","province":"Hà Nội"},{"address":"Tầng 1 trung tâm thương mại Chợ Mơ, số 459C Bạch Mai, phường Trương Định, quận Hai Bà Trưng, Hà Nội","province":"Hà Nội"},{"address":"Tầng 1 và tầng 2, số 483 đường Hạ Long, phường Bãi Cháy, thành phố Hạ Long, Quảng Ninh","province":"Quảng Ninh"},{"address":"Tầng 1, tầng 2, tòa nhà Kim Vân Thân, Quốc lộ 1A, Khối 4, thị trấn Diễn Châu, huyện Diễn Châu, Nghệ An","province":"Nghệ An"},{"address":"Số 03 đường Mai Hắc Đế, phường Quán Bàu, thành phố Vinh, Nghệ An","province":"Nghệ An"},{"address":"Biệt thự số 11 vị trí 02 khu dự án nhà ở Xa La, phường Phúc La, quận Hà Đông, Hà Nội","province":"Hà Nội"},{"address":"Số 420-422 Cộng Hòa, phường 13, quận Tân Bình, TP. Hồ Chí Minh","province":"Hồ Chí Minh"},{"address":"1703 Trần Hưng Đạo, phường 5, quận 5, TP. Hồ Chí Minh","province":"Hồ Chí Minh"},{"address":"Số 306 Tây Sơn, phường Ngã Tư Sở, quận Đống Đa, Hà Nội","province":"Hà Nội"},{"address":"Số 36 phố Nguyễn Lương Bằng, phường Bình Hàn, thành phố Hải Dương, Hải Dương","province":"Hải Dương"},{"address":"Số 162 đường DT746, tổ 5, Khu Phố Bình Hoà 2, phường Tân Phước Khánh, thị xã Tân Uyên, Bình Dương","province":"Bình Dương"},{"address":"Số 2 Lý Thường Kiệt, phường Vĩnh Ninh, thành phố Huế, Thừa Thiên Huế","province":"Thừa Thiên Huế"},{"address":"Tòa nhà CTM - 299 Cầu Giấy, phường Dịch Vọng, quận Cầu Giấy, Hà Nội","province":"Hà Nội"},{"address":"273 Kim Mã, phường Giảng Võ, quận Ba Đình, Hà Nội","province":"Hà Nội"},{"address":"Tầng 2, số 14 Võ Nguyên Giáp, phường Kênh Dương, quận Lê Chân, Hải Phòng","province":"Hải Phòng"},{"address":"Tầng 1, tầng lửng Tòa nhà DUNG HÒA số 9-11-13-15 Cửa Đông, phường Cửa Đông, quận Hoàn Kiếm, Hà Nội","province":"Hà Nội"},{"address":"Tầng 1 Tòa nhà Shop house 2, Khu đô thị Quang Minh Green city, xã Thủy Sơn, huyện Thủy Nguyên, Hải Phòng","province":"Hải Phòng"},{"address":"số 4A Láng Hạ, quận Ba Đình, Hà Nội","province":"Hà Nội"},{"address":"815 Nguyễn Hữu Thọ, phường Khuê Trung, quận Cẩm Lệ, Đà Nẵng","province":"Đà Nẵng"},{"address":"Một phần tầng 1, tầng 11 tòa nhà G8 Golden, số 65 đường Hải Phòng, phường Thạch Thang, quận Hải Châu, thành phố Đà Nẵng","province":null},{"address":"Ô 8 - 9 Đại lộ Bình Dương, khu phố 3, phường Mỹ Phước, thị xã Bến Cát, Bình Dương","province":"Bình Dương"},{"address":"Số L2-9, KDC Phú Gia, Phường Trảng Dài, Thành phố Biên Hòa, Tỉnh Đồng Nai","province":"Đồng Nai"},{"address":"Căn nhà 12A, 15, 15A Số 1A, đường Hùng Vương, phường 1, thành phố Mỹ Tho, Tiền Giang","province":"Tiền Giang"},{"address":"Một phần tầng 1, tầng 2, Tòa nhà số 90 Phan Đình Phùng, thị trấn Phùng, huyện Đan Phượng, thành phố Hà Nội","province":null},{"address":"Số 13 Nguyễn Văn Linh, phường Long Thành Bắc, thị xã Hoà Thành, Tây Ninh","province":"Tây Ninh"},{"address":"VN","province":null},{"address":"VN","province":null},{"address":"số 97-99-101 đường Đồng Khởi, phường Tam Hiệp, thành phố Biên Hòa, tỉnh Đồng Nai","province":"Đồng Nai"},{"address":"số 512 Đại lộ Bình Dương, phường Hiệp Thành, thành phố Thủ Dầu Một, Bình Dương","province":"Bình Dương"},{"address":"Một phần tầng 1 và tầng 2, tòa nhà số 34 đường Lý Thái Tổ, phường Ninh Xá, thành phố Bắc Ninh, tỉnh Bắc Ninh","province":null},{"address":"960 Trần Hưng Đạo, phường Bình Khánh, Thành phố Long Xuyên, An Giang","province":"An Giang"},{"address":"Một phần tầng trệt và tầng lửng nhà dịch vụ khu căn hộ New Sài Gòn, đường Nguyễn Hữu Thọ, xã Phước Kiển, huyện Nhà Bè, TP. Hồ Chí Minh","province":"Hồ Chí Minh"},{"address":"Số 67, 69 Nguyễn Hữu Cảnh, phường Châu Phú A, thành phố Châu Đốc, An Giang","province":"An Giang"},{"address":"Số 797 đường Cách Mạng Tháng 8, khu phố 2, phường 3, thành phố Tây Ninh, Tây Ninh","province":"Tây Ninh"},{"address":"Một phần tầng 1, tòa nhà Trung Đô Tower, đại lộ Lênin, khối Trưng Đô, phường Hưng Dũng, thành phố Vinh, Nghệ An","province":"Nghệ An"},{"address":"14K Võ Thị Sáu, phường Thống Nhất, thành phố Biên Hòa, Đồng Nai","province":"Đồng Nai"},{"address":"Số 35-37 Huỳnh Thúc Kháng, phường Bến Nghé, quận 1, TP. Hồ Chí Minh","province":"Hồ Chí Minh"},{"address":"Tầng 1, 6, 7 Tòa nhà Corner Stone, 16 Phan Chu Trinh, phường Phan Chu Trinh, quận Hoàn Kiếm, Hà Nội","province":"Hà Nội"},{"address":"L4, L5 khu Shophouse MBLAND, đường 30/04, khu phố 1, phường 1, thành phố Tây Ninh, Tây Ninh","province":"Tây Ninh"},{"address":"Số 56 Trần Hưng Đạo, phường 1, thành phố Vũng Tàu, Bà Rịa - Vũng Tàu","province":"Bà Rịa - Vũng Tàu"},{"address":"Số 116 - 118, đường Đỗ Xuân Hợp, phường Phước Long A, quận 9, TP. Hồ Chí Minh","province":"Hồ Chí Minh"},{"address":"Số 201 Đặng Văn Bi, phường Trường Thọ, thành phố Thủ Đức, thành phố Hồ Chí Minh","province":"Hồ Chí Minh"},{"address":"số 125 Điện Biên Phủ, phường Chính Gián, quận Thanh Khê, Đà Nẵng","province":"Đà Nẵng"},{"address":"Số 255 Xã Đàn, phường Nam Đồng, quận Đống Đa, Hà Nội","province":"Hà Nội"},{"address":"Tầng 1 Ô 15B, Khu Đô thị mới Đại Kim phố Nguyễn Cảnh Dị, phường Đại Kim, quận Hoàng Mai, Hà Nội","province":"Hà Nội"},{"address":"Số 605, 607 đường Cách Mạng Tháng 8, Phường 15, Quận 10, Thành phố Hồ Chí Minh","province":"Hồ Chí Minh"},{"address":"Số 536 (tầng 1 và tầng 3, Tòa nhà Goldland Plaza), đường Nguyễn Văn Cừ, phường Hồng Hải, thành phố Hạ Long, Quảng Ninh","province":"Quảng Ninh"},{"address":"Tầng trệt và tầng 1 tòa nhà Ricco Building, 186 đường Hùng Vương, phường Trần Phú, thành phố Quảng Ngãi, Quảng Ngãi","province":"Quảng Ngãi"},{"address":"Tòa nhà 59 Quang Trung, phường Nguyễn Du, quận Hai Bà Trưng, Hà Nội","province":"Hà Nội"},{"address":"số 64 Lý Thường Kiệt, phườngTrần Hưng Đạo, quận Hoàn Kiếm, Hà Nội","province":"Hà Nội"},{"address":"số 2 Hoàng Quốc Việt, quận Cầu Giấy, Hà Nội","province":"Hà Nội"},{"address":"Tòa nhà Thanh Bình Plaza, số 5 đường Cách Mạng Tháng Tám, phường Thanh Bình, thành phố Biên Hòa, Đồng Nai","province":"Đồng Nai"},{"address":"Cổng Phả Lại 1, phường Phả Lại, thành phố Chí Linh, Hải Dương","province":"Hải Dương"},{"address":"Số 288A An Dương Vương, phường 4, quận 5, TP. Hồ Chí Minh","province":"Hồ Chí Minh"},{"address":"Tầng 1, tầng 2, tầng 3 căn nhà số 130 Thanh Ấm, thị trấn Vân Đình, huyện Ứng Hòa, Hà Nội","province":"Hà Nội"},{"address":"SH12A-SH15 Lô thương mại, Dự án Khu dân cư Trung Sơn 6,57ha - Khu chức năng 6A, khu đô thị mới Nam thành phố, xã Bình Hưng, huyện Bình Chánh, TP. Hồ Chí Minh","province":"HCM"},{"address":"Ô 11, 12, lô SH2, Khu phức hợp Charm Plaza 1, phường Dĩ An, thành phố Dĩ An, Bình Dương","province":"Bình Dương"},{"address":"Một phần tầng trệt, tầng 1, tầng 2 Lô S, khu số 9, xã Bình Hưng, huyện Bình Chánh, Thành phố Hồ Chí Minh","province":null},{"address":"G15 D,C,B,A tòa nhà KNG Mall số 2439 Độc Lập, khu phố Vạn Hạnh, phường Phú Mỹ, thị xã Phú Mỹ, tỉnh Bà Rịa Vũng Tàu","province":"Bà Rịa - Vũng Tàu"},{"address":"Căn A13-M1và A14-M9, Khu Thương mại và Dịch vụ Hợp Lực, Nổ Giáp 1, phường Nguyên Bình, thị xã Nghi Sơn, tỉnh Thanh Hóa","province":"Thanh Hóa"},{"address":"864 - 866 Phạm Văn Thuận, phường Tân Mai, thành phố Biên Hòa, Đồng Nai","province":"Đồng Nai"},{"address":"Số 130 Trần Não, phường Bình An, quận 2, TP. Hồ Chí Minh","province":"Hồ Chí Minh"},{"address":"H10A, đường D2, phường 25, quận Bình Thạnh, TP. Hồ Chí Minh","province":"Hồ Chí Minh"},{"address":"Số 134 đường Cao Thắng, phường 4, quận 3, TP. Hồ Chí Minh","province":"Hồ Chí Minh"},{"address":"Tầng trệt (Căn phòng G2_4) và Tầng 6 (Căn phòng 603B - 604), Tòa nhà Saigon Trade Center, Số 37 đường Tôn Đức Thắng, phường Bến Nghé, quận 1, TP. Hồ Chí Minh","province":"Hồ Chí Minh"},{"address":"Số 554-556-558 đường 3/2, phường 14, quận 10, TP. Hồ Chí Minh","province":"Hồ Chí Minh"},{"address":"Số 2, đường Trường Sơn, quận Tân Bình, TP. Hồ Chí Minh","province":"Hồ Chí Minh"},{"address":"Tầng trệt và lầu 1, Tòa nhà Riverpark Premier, số 72-74 đường Nguyễn Đức Cảnh, phường Tân Phong, quận 7, thành phố Hồ Chí Minh","province":"Hồ Chí Minh"},{"address":"Số 161 Kinh Dương Vương, phường 12, quận 6, TP. Hồ Chí Minh","province":"Hồ Chí Minh"},{"address":"Số 913 Lũy Bán Bích, phường Tân Thành, quận Tân Phú, TP. Hồ Chí Minh","province":"Hồ Chí Minh"},{"address":"Một phần tầng 1 và một phần tầng 4, tòa nhà Pax Sky, số 26 đường Ung Văn Khiêm, phường 25, quận Bình Thạnh, thành phố Hồ Chí Minh","province":"Hồ Chí Minh"},{"address":"Số 5, 7 Nguyễn Thị Thập, Khu Dân Cư Him Lam, phường Tân Hưng, quận 7, TP. Hồ Chí Minh","province":"Hồ Chí Minh"},{"address":"208-210-212 Nguyễn Văn Linh, phường Vĩnh Trung, quận Thanh Khê, Đà Nẵng","province":"Đà Nẵng"},{"address":"Tầng 1 nhà B Khu Trung Tâm Thương Mại-Dịch vụ, đường Quang Trung, phường Quang Trung, thành phố Vinh, Nghệ An","province":"Nghệ An"},{"address":"Số 30 -32 -34 đường 30/04, phường 1, thành phố Cao Lãnh, Đồng Tháp","province":"Đồng Tháp"},{"address":"21 Phan Chu Trinh, phường Xương Huân, thành phố Nha Trang, Khánh Hòa","province":"Khánh Hòa"},{"address":"Số 16-18 đường Y Jút, phường Tân Tiến, thành phố Buôn Ma Thuột, tỉnh Đắk Lắk","province":"Đắk Lắk"},{"address":"Tầng trệt số 2 Nguyễn Hữu Cảnh, phườngThắng Nhất, thành phố Vũng Tàu, Bà Rịa - Vũng Tàu","province":"Bà Rịa - Vũng Tàu"},{"address":"Một phần tầng trệt của Trung tâm mua sắm Nguyễn Kim Cần Thơ, Số 2 Đường 30/4, Phường An Phú, Quận Ninh Kiều, Thành phố Cần Thơ","province":"Cần Thơ"},{"address":"Số 27 Nguyễn Tất Thành, phường Tân Lợi, thành phố Buôn Ma Thuột, Đắk Lắk","province":"Đắk Lắk"},{"address":"Số B4-72-73 đường 3 tháng 2, phường Vĩnh Bảo, thành phố Rạch Giá, tỉnh Kiên Giang","province":"Kiên Giang"},{"address":"số 212 Hùng Vương, phường Xuân Bình, thành phố Long Khánh, Đồng Nai","province":"Đồng Nai"},{"address":"328-330 đường Ba Tháng Hai, phường 12, quận 10, TP. Hồ Chí Minh","province":"Hồ Chí Minh"},{"address":"Số 128B Phan Đăng Lưu, phường 3, quận Phú Nhuận, TP. Hồ Chí Minh","province":"Hồ Chí Minh"},{"address":"Tầng trệt, tầng 1, 2, 3 của tòa nhà số 349M-351 đường Lạc Long Quân, phường 5, quận 11, TP. Hồ Chí Minh","province":"Hồ Chí Minh"},{"address":"Tòa nhà xổ số kiến thiết, số 77 Trần Nhân Tôn, phường 9, quận 5, TP. Hồ Chí Minh","province":"Hồ Chí Minh"},{"address":"Cao Ốc Bảo Gia, số 182 đường Lê Đại Hành, phường 15, quận 11, TP. Hồ Chí Minh","province":"Hồ Chí Minh"},{"address":"54-56 Nam Kỳ Khởi Nghĩa, phường Nguyễn Thái Bình, quận 1, TP. Hồ Chí Minh","province":"Hồ Chí Minh"},{"address":"Phòng số 1- Tầng trệt và Tầng 2, Tòa nhà Phú Mỹ Hưng, số 08 đường Hoàng Văn Thái, khu phố 1, phường Tân Phú, quận 7, thành phố Hồ Chí Minh","province":"Hồ Chí Minh"},{"address":"247-249-251 du?ng Nguy?n Tri Phuong, Phu?ng 5, Qu?n 10, thành ph? H? Chí Minh","province":"Hồ Chí Minh"},{"address":"Tháp RS4, số 278 Hòa Bình, phường Hiệp Tân, quận Tân Phú, TP. Hồ Chí Minh","province":"Hồ Chí Minh"},{"address":"Số 206-208 đường Nguyễn Tất Thành, phường 8, thành phố Cà Mau, tỉnh Cà Mau","province":"Cà Mau"},{"address":"50 Lê Thành Phương, phường Phương Sài, thành phố Nha Trang, Khánh Hòa","province":"Khánh Hòa"},{"address":"340 Lý Thái Tổ, phường Mỹ Xuyên, thành phố Long Xuyên, An Giang","province":"An Giang"},{"address":"01K1 Nguyễn Thái Học, phường 7, thành phố Vũng Tàu, Bà Rịa - Vũng Tàu","province":"Bà Rịa - Vũng Tàu"},{"address":"84bis/3 Mậu Thân, quận Ninh Kiều, Cần Thơ","province":"Cần Thơ"},{"address":"Số 389 Phan Chu Trinh, phường Tân Lợi, thành phố Buôn Ma Thuột, Đắk Lắk","province":"Đắk Lắk"},{"address":"A24 - A26 ,đường Hùng Vương, thành phố Sa Đéc, Đồng Tháp","province":"Đồng Tháp"},{"address":"Tầng 1,2,3,4 tòa nhà số 211 đường Nguyễn Trãi, phường Tân Sơn, thành phố Thanh Hóa, Thanh Hóa","province":"Thanh Hóa"},{"address":"số 285 đường Cách Mạng Tháng 8, phường 12, quận 10, TP. Hồ Chí Minh","province":"Hồ Chí Minh"},{"address":"Tầng 1 Siêu thị Sài Gòn - Vĩnh Yên, khu đô thị chùa Hà Tiên, phường Liên Bảo, thành phố Vĩnh Yên, Vĩnh Phúc","province":"Vĩnh Phúc"},{"address":"60 Bùi Khắc Nhất, khu dân cư An Phú Hưng, thành phố Thanh Hóa, Thanh Hoá","province":"Thanh Hóa"},{"address":"Madelise Tower, số 01 lô 3C, Khu đô thị Ngã Năm Sân Bay Cát Bi, phường Đông Khê, quận Ngô Quyền, Hải Phòng","province":"Hải Phòng"},{"address":"Tầng 1, tòa nhà số 242 Trường Chinh, phường Tân Bình, thành phố Hải Dương, tỉnh Hải Dương","province":"Hải Dương"},{"address":"Số 1620 đại lộ Hùng Vương, phường Nông Trang, thành phố Việt Trì, Phú Thọ","province":"Phú Thọ"},{"address":"Tầng 1, tầng 3 Tòa nhà Lâm Viên Complex, số 107 Nguyễn Phong Sắc, phường Dịch Vọng Hậu, quận Cầu Giấy, Hà Nội","province":"Hà Nội"},{"address":"Tầng 1, 2 - Tòa nhà Ellipse Tower, 110 Trần Phú, phường Mộ Lao, quận Hà Đông, Hà Nội","province":"Hà Nội"},{"address":"Tầng 1, 2 tòa nhà TNL Plaza Thái Bình, số 7 đường Quang Trung, phường Quang Trung, thành phố Thái Bình, Thái Bình","province":"Thái Bình"},{"address":"Tầng 1,3 tòa nhà The CONINCO, số 4 Tôn Thất Tùng, phường Trung Tự, quận Đống Đa, Hà Nội","province":"Hà Nội"},{"address":"33 Phố Huế, phường Hàng Bài, quận Hoàn Kiếm, Hà Nội","province":"Hà Nội"},{"address":"Tầng 1 tòa nhà Golden Cẩm Phả Plaza, 493 Trần Phú, phường Cẩm Trung, thành phố Cẩm Phả, Quảng Ninh","province":"Quảng Ninh"},{"address":"số 5 Lê Thánh Tông, phường Phan Chu Trinh, quận Hoàn Kiếm, Hà Nội","province":"Hà Nội"},{"address":"số 125 Lò Đúc, phường Đống Mác, quận Hai Bà Trưng, Hà Nội","province":"Hà Nội"},{"address":"366A2 Phan Văn Trị, phường 5, quận Gò Vấp, TP. Hồ Chí Minh","province":"Hồ Chí Minh"},{"address":"Số 478 đường Lý Thường Kiệt, phường Cửa Ông, thành phố Cẩm Phả, Quảng Ninh","province":"Quảng Ninh"},{"address":"283 - 285 đường Đà Nẵng, phường Cầu Tre, quận Ngô Quyền, thành phố Hải Phòng","province":"Hải Phòng"},{"address":"158 Lê Trọng Tấn, phường Khương Mai, quận Thanh Xuân, Hà Nội","province":"Hà Nội"},{"address":"số 28A-28B phố Kim Đồng, phường Giáp Bát, quận Hoàng Mai, Hà Nội","province":"Hà Nội"},{"address":"SH04, SH05 - Tòa nhà Century Tower, số 458 Minh Khai, phường Vĩnh Tuy, quận Hai Bà Trưng, Hà Nội","province":"Hà Nội"},{"address":"Ô 8 - 9 Đại lộ Bình Dương, khu phố 3, phường Mỹ Phước, thị xã Bến Cát, Bình Dương","province":"Bình Dương"},{"address":"Công Ty Đạt Vinh, Lam Cầu 2, xã An Hiệp, huyện Quỳnh Phụ, Thái Bình","province":"Thai Binh"},{"address":"Công ty Thiên Nam, Khu Công Nghiệp Bình An, thành phố Dĩ An, Bình Dương","province":"Bình Dương"},{"address":"KCN Đông Xuyên, 570 đường 30/4, phường Rạch Dừa, thành phố Vũng Tàu, Bà Rịa - Vũng Tàu","province":"Bà Rịa - Vũng Tàu"},{"address":"Số B1, B2, đường 29/4, khu phố 5, thị trấn Trảng Bom, huyện Trảng Bom, tỉnh Đồng Nai","province":"Đồng Nai"},{"address":"Trung Tâm DV KCN Amata, phường Long Bình, thành phố Biên Hòa, Đồng Nai","province":"Đồng Nai"},{"address":"Công ty Texhong 2 kỹ thuật KCN Nhơn Trạch 1, huyện Nhơn Trạch, Đồng Nai","province":"Đồng Nai"},{"address":"Số 50 Lê Thành Phương, phường Phương Sài, thành phố Nha Trang, Khánh Hòa","province":"Khánh Hòa"},{"address":"306 đại lộ Bình Dương, phường Phú Hòa, thành phố Thủ Dầu Một, Bình Dương","province":"Bình Dương"},{"address":"Số 130 Trần Não, phường Bình An, quận 2, TP. Hồ Chí Minh","province":"Hồ Chí Minh"},{"address":"44 Lý Bôn, phường 2, thành phố Cà Mau, Cà Mau","province":"Cà Mau"},{"address":"104 Mai Xuân Thưởng, phường Lý Thường Kiệt, thành phố Quy Nhơn, Bình Định","province":"Bình Định"},{"address":"Khu công nghiệp Phú Nghĩa, xã Phú Nghĩa, huyện Chương Mỹ, Hà Nội","province":"Hà Nội"},{"address":"Tầng 1 Nhà B, Tòa nhà Tecco Tower - Nhà C1 đường Quang Trung, phường Quang Trung, thành phố Vinh, Nghệ An","province":"Nghệ An"},{"address":"Số 54 đường Phan Đăng Lưu","province":"Nghệ An"},{"address":"Số  217 đường Quang Trung 1, phường Đông Vệ, thành phố Thanh Hóa, Thanh Hóa","province":"Thanh Hóa"},{"address":"Xã Đông Tân, Đông Lĩnh, huyện Đông Sơn, Thanh Hóa","province":"Thanh Hóa"},{"address":"Trường CĐ Y Tế - 173 Hải Thượng Lãn Ông, phường Đông Vệ, thành phố Thanh Hóa, Thanh Hóa","province":"Thanh Hóa"},{"address":"30 đường Lê Lợi, phường Phú Nhuận, thành phố Huế, Thừa Thiên Huế","province":"Thừa Thiên Huế"},{"address":"Tầng trệt và tầng 1 tòa nhà Ricco Building, 186 đường Hùng Vương, phường Trần Phú, thành phố Quảng Ngãi, Quảng Ngãi","province":"Quảng Ngãi"},{"address":"Số 2 Lý Thường Kiệt, thành phố Huế, Thừa Thiên Huế","province":"Thừa Thiên Huế"},{"address":"Số 2, Trần Phú, phường Hồng Sơn, thành phố Vinh, Nghệ An","province":"Nghệ An"},{"address":"Số 440-442 Lạc Long Quân, phường 5, quận 11, TP. Hồ Chí Minh","province":"Hồ Chí Minh"},{"address":"Công ty Pouli - Khu công nghiệp Phước Đông, xã Bàu Đồn, huyện Gò Dầu, Tây Ninh","province":"Tây Ninh"},{"address":"Tầng 1 Nhà B, Tòa nhà Tecco Tower - Nhà C1 đường Quang Trung, phường Quang Trung, thành phố Vinh, Nghệ An","province":"Nghệ An"},{"address":"60 Bùi Khắc Nhất, khu dân cư An Phú Hưng, thành phố Thanh Hóa, Thanh Hoá","province":"Thanh Hóa"},{"address":"Một phần tầng 1, tòa nhà Trung Đô Tower, đại lộ Lênin, khối Trưng Đô, phường Hưng Dũng, thành phố Vinh, Nghệ An","province":"Nghệ An"},{"address":"Công ty TNHH PS VINA - Khu công nghiệp Gia Lễ, huyện Đông Hưng, Thái Bình","province":"Thái Bình"},{"address":"Công ty Đam San - KCN Nguyễn Đức Cảnh, xã Phú Xuân, phường Tiền Phong, thành phố Thái Bình, Thái Bình","province":"Thái Bình"},{"address":"208-210-212 Nguyễn Văn Linh, phường Vĩnh Trung, quận Thanh Khê, thành phố Đà Nẵng","province":"Đà Nẵng"},{"address":"Số 92 Đinh Tiên Hoàng, phường Đông Ba, thành phố Huế, tỉnh Thừa Thiên Huế","province":"Thừa Thiên Huế"},{"address":"60 Bến Nghé, thành phố Huế, Thừa Thiên Huế","province":"Thừa Thiên Huế"},{"address":"Tầng 1, Tòa nhà Trụ sở Bưu điện Huyện Diễn Châu, Khối 4, thị trấn Diễn Châu, huyện Diễn Châu, Nghệ An","province":"Nghệ An"},{"address":"Sô A5 Quang Trung, phường 3, quận Gò Vấp, TP. Hồ Chí Minh","province":"Hồ Chí Minh"},{"address":"Nhà sách Đồng Nai, Số 2A-2B QL1, phường Tân Hiệp, thành phố Biên Hòa, Đồng Nai","province":"Đồng Nai"},{"address":"Công ty CP Dệt Texhong VN, đường 3A - KCN Nhơn Trạch 5, huyện Nhơn Trạch, Đồng Nai","province":"Đồng Nai"},{"address":"KCN Tam Phước, đường 6 - KCN Tam Phước, huyện Long Thành, Đồng Nai","province":"Đồng Nai"},{"address":"Tòa nhà SailingTower - 111A Pasteur, phường Bến Nghé, quận 1, TP. Hồ Chí Minh","province":"Hồ Chí Minh"},{"address":"KCN Tam Phước, đường 6 - KCN Tam Phước, huyện Long Thành, Đồng Nai","province":"Đồng Nai"},{"address":"Tòa nhà SailingTower - 111A Pasteur, phường Bến Nghé, quận 1, TP. Hồ Chí Minh","province":"Hồ Chí Minh"},{"address":"328-330 đường Ba Tháng Hai, phường 12, quận 10, TP. Hồ Chí Minh","province":"Hồ Chí Minh"},{"address":"562 Nguyễn Thị Định, khu phố 2, phường Thạnh Mỹ Lợi, thành phố Thủ Đức, TP. Hồ Chí Minh","province":"Hồ Chí Minh"},{"address":"H10A, đường D2, phường 25, quận Bình Thạnh, TP. Hồ Chí Minh","province":"Hồ Chí Minh"},{"address":"Số 415B Hoàng Văn Thụ, phường 2, quận Tân Bình, TP. Hồ Chí Minh","province":"Hồ Chí Minh"},{"address":"Công ty Pouli - Khu công nghiệp Phước Đông, xã Bàu Đồn, huyện Gò Dầu, Tây Ninh","province":"Tây Ninh"},{"address":"Shop house số 07 và số 08, Tòa nhà The Park Home, khu đô thị mới Cầu Giấy, phường Dịch Vọng, quận Cầu Giấy, Hà Nội","province":null},{"address":"Tòa nhà G8 Golden, số 65 đường Hải Phòng, phường Thạch Thang, quận Hải Châu, thành phố Đà Nẵng","province":null},{"address":"Công Ty Đạt Vinh, Lam Cầu 2, xã An Hiệp, huyện Quỳnh Phụ, Thái Bình","province":"Thai Binh"},{"address":"Số 162 đường DT746, tổ 5, Khu Phố Bình Hoà 2, phường Tân Phước Khánh, thị xã Tân Uyên, Bình Dương","province":null},{"address":"Một phần tầng 1 và tầng 2, tòa nhà số 34 đường Lý Thái Tổ, phường Ninh Xá, thành phố Bắc Ninh, tỉnh Bắc Ninh","province":null},{"address":"1073 Trần Hưng Đạo, phường 5, quận 5, TP. Hồ Chí Minh","province":null},{"address":"Số 13 Nguyễn Văn Linh, phường Long Thành Bắc, thị xã Hoà Thành, Tây Ninh","province":null},{"address":"Số 183-185 phố Trung Kính, phường Trung Yên, Quận Cầu Giấy, thành phố Hà Nội","province":"Hà Nội"},{"address":"Tầng 1 trung tâm thương mại Chợ Mơ, số 459C Bạch Mai, phường Trương Định, quận Hai Bà Trưng, Hà Nội","province":"Hà Nội"},{"address":"36 Tràng Tiền, quận Hoàn Kiếm, Hà Nội","province":"Hà Nội"},{"address":"Tòa nhà Thiên Niên kỷ, số 04 Quang Trung, phường Yết Kiêu, quận Hà Đông Hà Nội","province":"Hà Nội"},{"address":"Số 125 Lò Đúc, phường Đống Mác, quận Hai Bà Trưng, Hà Nội","province":"Hà Nội"},{"address":"Số 416 Cách Mạng Tháng 8, phường Phú Cường, thành phố Thủ Dầu Một, Bình Dương","province":"Bình Dương"},{"address":"Số 340 Lý Thái Tổ, phường Mỹ Xuyên, thành phố Long Xuyên, An Giang","province":"An Giang"},{"address":"285 đường Cách Mạng Tháng 8, phường12, quận 10, TP. Hồ Chí Minh","province":"Hồ Chí Minh"},{"address":"84bis/3 Mậu Thân, quận Ninh Kiều, Cần Thơ","province":"Cần Thơ"},{"address":"Số 343 đường Phạm Ngũ Lão, phường Phạm Ngũ Lão, quận 1, TP. Hồ Chí Minh","province":"Hồ Chí Minh"},{"address":"Số 56-58 Khu Hòa Bình, phường 1, thành phố Đà Lạt, Lâm Đồng","province":"Lâm Đồng"},{"address":"Số B4-72-73 đường 3 tháng 2, phường Vĩnh Bảo, thành phố Rạch Giá, tỉnh Kiên Giang","province":"Kiên Giang"},{"address":"Số 554-556-558 đường 3/2, phường 14, quận 10, TP. Hồ Chí Minh","province":"Hồ Chí Minh"},{"address":"A24 - A26, đường Hùng Vương, thành phố Sa Đéc, Đồng Tháp","province":"Đồng Tháp"},{"address":"Số 27 Nguyễn Tất Thành, phường Tân Lợi, thành phố Buôn Ma Thuột, Đắk Lắk","province":"Đắk Lắk"},{"address":"Số 2, đường Trường Sơn, quận Tân Bình, TP. Hồ Chí Minh","province":"Hồ Chí Minh"},{"address":"Số 64 Lý Thường Kiệt, phường Trần Hưng Đạo, quận Hoàn Kiếm, Hà Nội","province":"Hà Nội"},{"address":"Số 10/192B Lê Đức Thọ, phường 15, quận Gò Vấp, TP. Hồ Chí Minh","province":"Hồ Chí Minh"},{"address":"Số 01K1 Nguyễn Thái Học, phường 7, thành phố Vũng Tàu, Bà Rịa - Vũng Tàu","province":"Bà Rịa - Vũng Tàu"},{"address":"Số 5-7 Nguyễn Thị Thập, Khu Dân Cư Him Lam, phường Tân Hưng, quận 7, TP. Hồ Chí Minh","province":"Hồ Chí Minh"},{"address":"Công ty PouHung - KCN Chà Là, huyện Dương Minh Châu, Tây Ninh","province":"Tây Ninh"},{"address":"Lô L5  căn Số 22 – 23, Khu dân cư TTTM Rạch sỏi, thành phố Rạch Giá, Kiên Giang","province":"Kiên Giang"},{"address":"Tòa nhà D2 Giảng Võ, quận Ba Đình, Hà Nội","province":"Hà Nội"},{"address":"Circle K Công Trường Tự Do - 1 Công Trường Tự Do, phường 19, quận Bình Thạnh, TP. Hồ Chí Minh","province":"Hồ Chí Minh"},{"address":"Công ty Pouli - KCN Đông Phước, huyện Gò Dầu, Tây Ninh","province":"Tây Ninh"},{"address":"Ga Hà Nội - Lê Duẩn, phường Khâm Thiên, quận Đống Đa, Hà Nội","province":"Hà Nội"},{"address":"Căn A13-M1và A14-M9, Khu Thương mại và Dịch vụ Hợp Lực, Nổ Giáp 1, phường Nguyên Bình, thị xã Nghi Sơn, tỉnh Thanh Hóa","province":"Thanh Hóa"},{"address":"Tầng 1, Tòa nhà Lâm Viên Complex, số 107 Nguyễn Phong Sắc, phường Dịch Vọng Hậu, quận Cầu Giấy, Hà Nội","province":"Hà Nội"},{"address":"Số 35-37 Huỳnh Thúc Kháng, phường Bến Nghé, quận 1, TP. Hồ Chí Minh","province":"Hồ Chí Minh"},{"address":"Số 56 Trần Hưng Đạo, thành phố Vũng Tàu, Bà Rịa - Vũng Tàu","province":"Bà Rịa - Vũng Tàu"},{"address":"Số 161 Kinh Dương Vương, phường12, quận 6, TP. Hồ Chí Minh","province":"Hồ Chí Minh"},{"address":"219 Đại lộ Bình Dương, thành phố Thuận An, Bình Dương","province":"Bình Dương"},{"address":"Công ty PouHung - KCN Chà Là, huyện Dương Minh Châu, Tây Ninh","province":"Tây Ninh"},{"address":"Số 139 Hòa Bình, phường Hiệp Tân, quận Tân Phú, TP. Hồ Chí Minh","province":"Hồ Chí Minh"},{"address":"12C Phan Đăng Lưu, phường 7, quận Phú Nhuận, TP. Hồ Chí Minh","province":"Hồ Chí Minh"},{"address":"Số 2 , Lê Hữu Lâp, phường Lam Sơn, thành phố Thanh Hóa, Thanh Hóa","province":"Thanh Hóa"},{"address":"Số 288A An Dương Vương, phường 4, quận 5, TP. Hồ Chí Minh","province":"Hồ Chí Minh"},{"address":"864-866 Phạm Văn Thuận, Tân Mai, Biên Hòa, Đồng Nai","province":"Đồng Nai"},{"address":"Số 16-18 đường Y Jút, phường Tân Tiến, thành phố Buôn Ma Thuột, tỉnh Đắk Lắk","province":"Đăk Lăk"},{"address":"Số 373 Nguyễn Văn Cừ, phường Hưng Bình, thành phố Vinh, Nghệ An","province":"Nghệ An"},{"address":"Khối 1, xã Hưng Đạo, huyện Hưng Nguyên, Nghệ An","province":"Nghệ An"},{"address":"số 55-57 đường Điện Biên Phủ, phường Minh Khai, quận Hồng Bàng, thành phố Hải Phòng","province":"Hải Phòng"},{"address":"398 Lê Văn Sỹ, phường 14, quận 3, TP. Hồ Chí Minh","province":"Hồ Chí Minh"},{"address":"Công ty An Mỹ - Lô A2-A3, Cụm Công Nghiệp Phú Hòa, thị trấn Phú Hòa, huyện Thoại Sơn, An Giang","province":"An Giang"},{"address":"134 Tô Hiệu, phường Trại Cau, quận Lê Chân, thành phố Hải Phòng","province":"Hải Phòng"},{"address":"Số 36 Nguyễn Lương Bằng, thành phố Hải Dương, Hải Dương","province":"Hải Dương"},{"address":"536 đường Nguyễn Văn Cừ, phường Hồng Hải, thành phố Hạ Long, Quảng Ninh","province":"Quảng Ninh"},{"address":"Tổ 72, phường Cửa Ông, thành phố Hạ Long, Quảng Ninh","province":"Quảng Ninh"},{"address":"Tầng 2, số 14 Võ Nguyên Giáp, phường Kênh Dương, quận Lê Chân, thành phố Hải Phòng","province":"Hải Phòng"},{"address":"Số 2 Hoàng Quốc Việt, phường Nghĩa Đô, quận Cầu Giấy, Hà Nội","province":"Hà Nội"},{"address":"Số 306 Tây Sơn, phường Ngã Tư Sở, quận Đống Đa, Hà Nội","province":"Hà Nội"},{"address":"Tầng 1, tòa nhà 242 đường Trường Chinh, phường Tân Bình, thành phố Hải Dương, Hải Dương","province":"Hải Dương"},{"address":"Ga Sài Gòn - Số 1 Nguyễn Thông, quận 3, TP. Hồ Chí Minh","province":"Hồ Chí Minh"},{"address":"219 Đại lộ Bình Dương, thành phố Thuận An, Bình Dương","province":"Bình Dương"},{"address":"Bộ Tài Nguyên Môi Trường, Số 83 Nguyễn Chí Thanh, quận Ba Đình, Hà Nội","province":"Hà Nội"},{"address":"Tầng 1 tòa nhà CT1A – Dự án Moncity, phường Mỹ Đình 2, quận Nam Từ Liêm, Hà Nội","province":"Hà Nội"},{"address":"9-11-13-15 Cửa Đông, phường Cửa Đông, quận Hoàn Kiếm, Hà Nội","province":"Hà Nội"},{"address":"Số 69 Mê Linh, phường Liên Bảo, thành phố Vĩnh Yên, Vĩnh Phúc","province":"Vĩnh Phúc"},{"address":"Số 38 Đào Tấn, phường Cống Vị, quận Ba Đình, Hà Nội","province":"Hà Nội"},{"address":"Tòa nhà NHS Center, Số 214 Hào Nam, phường Cát Linh, quận Đống Đa, Hà Nội","province":"Hà Nội"},{"address":"Crown Plaza, Số 36 Lê Đức Thọ, phường Mỹ Đình, quận Nam Từ Liêm, Hà Nội","province":"Hà Nội"},{"address":"Số 4A Láng Hạ, quận Ba Đình, Hà Nội","province":"Hà Nội"},{"address":"Số 661, đường Lương Ngọc Quyến, phường Phan Đình Phùng, thành phố Thái Nguyên, Thái Nguyên","province":"Thái Nguyên"},{"address":"Số 143 đường Hoàng Văn Thụ, thành phố Thái Nguyên, Thái Nguyên","province":"Thái Nguyên"},{"address":"296 Nguyễn Văn Cừ, phường Bồ Đề, quận Long Biên, Hà Nội","province":"Hà Nội"},{"address":"Số 267 đường Trường Thi, phường Điện Biên, thành phố Thanh Hóa, Thanh Hóa","province":"Thanh Hóa"},{"address":"106 Nguyễn Văn Trỗi, phường 8, quận Phú Nhuận, TP. Hồ Chí Minh","province":null},{"address":"Công ty trực thăng Miền Nam, Cổng nhà ga sân bay, Số 38 đường 30/4, phường 9, thành phố Vũng Tàu, Bà Rịa - Vũng Tàu","province":"Bà Rịa - Vũng Tàu"},{"address":"Số 128B, Phan Đăng Lưu, phường 3, quận Phú Nhuận, TP. Hồ Chí Minh","province":"Hồ Chí Minh"},{"address":"366A2 Phan Văn Trị, phường 5, quận Gò Vấp, TP. Hồ Chí Minh","province":"Hồ Chí Minh"},{"address":"Số 913 Lũy Bán Bích, phường Tân Thành, quận Tân Phú, TP. Hồ Chí Minh","province":"Hồ Chí Minh"},{"address":"Số 493 Trần Phú, phường Cẩm Trung, thành phố Cẩm Phả, Quảng Ninh","province":"Quảng Ninh"},{"address":"Số 138 Hàng Bạc, phường Hàng Bạc, quận Hoàn Kiếm, Hà Nội","province":"Hà Nội"},{"address":"Số 79 Hàng Trống, phường Hàng Trống, quận Hoàn Kiếm, Hà Nội","province":"Hà Nội"},{"address":"Tầng 1, Tòa nhà Corner Stone - 16 Phan Chu Trinh, phường Phan Chu Trinh, quận Hoàn Kiếm, Hà Nội","province":"Hà Nội"},{"address":"Tòa nhà Hàn Việt Tower, Số 203 Minh Khai, phường Minh Khai, quận Hai Bà Trưng, Hà Nội","province":"Hà Nội"},{"address":"Trường ĐH CN Giao Thông Vận Tải - 54 Triều Khúc, phường Thanh Xuân Nam, quận Thanh Xuân, Hà Nội","province":"Hà Nội"},{"address":"Số 28A-28B phố Kim Đồng, phường Giáp Bát, quận Hoàng Mai, Hà Nội","province":"Hà Nội"},{"address":"số 5 đường Cách Mạng Tháng Tám, phường Thanh Bình, thành phố Biên Hòa, Đồng Nai","province":"Đồng Nai"},{"address":"G15 D,C,B,A tòa nhà KNG Mall số 2439 Độc Lập, khu phố Vạn Hạnh, phường Phú Mỹ, thị xã Phú Mỹ, tỉnh Bà Rịa Vũng Tàu","province":"Hồ Chí Minh"},{"address":"Công ty Evatech Bình Dương - Ấp Ba Tri - Xã Tân Hiệp, thành phố Tân Uyên, Bình Dương","province":"Bình Dương"},{"address":"Tầng trệt (Căn phòng G2-4) và Tầng 6 (Căn phòng 603B và 604), Tòa nhà Saigon Trade Center, Số 37 đường Tôn Đức Thắng, phường Bến Nghé, quận 1, TP. Hồ Chí Minh","province":"Hồ Chí Minh"},{"address":"Số 1620 đường Hùng Vương, phường Gia Cẩm, thành phố Việt Trì, Phú Thọ","province":"Phú Thọ"},{"address":"Số 20 đường Thụy Khuê, phường Thụy Khuê, quận Tây Hồ, Hà Nội","province":"Hà Nội"},{"address":"23 Lạch Tray, Ngô Quyền, thành phố Hải Phòng","province":null},{"address":"Công ty PouHung - KCN Chà Là, huyện Dương Minh Châu, Tây Ninh","province":"Tây Ninh"},{"address":"Số 201 Đặng Văn Bi, phường Trường Thọ, thành phố Thủ Đức, thành phố Hồ Chí Minh","province":"Hồ Chí Minh"},{"address":"Số 333 đường Nguyễn Trung Trực, phường Vĩnh Lạc, thành phố Rạch Giá, Kiên Giang","province":"Kiên Giang"},{"address":"104 Mai Xuân Thưởng, phường Lý Thường Kiệt, thành phố Quy Nhơn, Bình Định","province":"Bình Định"},{"address":"131 đường Nguyễn Trãi, quận Thanh Xuân, Hà Nội","province":"Hà Nội"},{"address":"Bệnh viện Trưng Vương - 266 Lý Thường Kiệt, phường 14, quận 10, TP. Hồ Chí Minh","province":"Hồ Chí Minh"},{"address":"VIB Liễu Giai, Tầng 1, tòa nhà Số 4 Liễu Giai, phường Cống Vị, quận Ba Đình, Hà Nội","province":"Hà Nội"},{"address":"Số 134 đường Cao Thắng, phường 4, quận 3, TP. Hồ Chí Minh","province":"Hồ Chí Minh"},{"address":"Công ty PouHung - KCN Chà Là, huyện Dương Minh Châu, Tây Ninh","province":null},{"address":"Công ty PouHung - KCN Chà Là, huyện Dương Minh Châu, Tây Ninh","province":"Tây Ninh"},{"address":"Số 437, 439, 441 đường Hai Bà Trưng, phường Võ Thị Sáu, quận 3, TP. Hồ Chí Minh","province":"Hồ Chí Minh"},{"address":"Tòa nhà 59 Quang Trung, phường Nguyễn Du, quận Hai Bà Trưng, Hà Nội","province":"Hà Nội"},{"address":"Biệt thự Số 11 vị trí 02 khu dự án nhà ở Xa La, phường Phúc La, quận Hà Đông, Hà Nội","province":"Hà Nội"},{"address":"Công ty Cheewah - KCN Phú Nghĩa, huyện Chương Mỹ, Hà Nội","province":"Hà Nội"},{"address":"Tòa nhà Ellipse, 110 Trần Phú, quận Hà Đông, Hà Nội","province":"Hà Nội"},{"address":"Tầng 1, Tòa nhà Corner Stone - 16 Phan Chu Trinh, phường Phan Chu Trinh, quận Hoàn Kiếm, Hà Nội","province":"Hà Nội"},{"address":"158 Lê Trọng Tấn, phường Khương Mai, quận Thanh Xuân, Hà Nội","province":"Hà Nội"},{"address":"14K Võ Thị Sáu, phường Thống Nhất, thành phố Biên Hòa, Đồng Nai","province":"Đồng Nai"},{"address":"Số 19-21 Trần Văn Khéo, phường Cái Khế, quận Ninh Kiều, Cần Thơ","province":"Cần Thơ"},{"address":"137 Lê Quang Định, phường14, quận Bình Thạnh, TP. Hồ Chí Minh","province":"Hồ Chí Minh"},{"address":"1264 - 1266 Bạch Đằng, phường Phước Trung, thành phố Bà Rịa, Bà Rịa - Vũng Tàu","province":"Bà Rịa - Vũng tàu"},{"address":"Số 21 Phan Chu Trinh, phường Xuân Huân, thành phố Nha Trang, Khánh Hòa","province":"Khánh Hòa"},{"address":"số 212 Hùng Vương, phường Xuân Bình, thành phố Long Khánh, Đồng Nai","province":"Đồng Nai"},{"address":"Số 97/5 Khu phố 9 Quốc lộ 1, phường Tân Biên, thành phố Biên Hòa, Đồng Nai","province":"Đồng Nai"},{"address":"Số 82-84 Nguyễn Huệ, phường 2, thành phố Cao Lãnh, Đồng Tháp","province":"Đồng Tháp"},{"address":"Tầng 1, tháp B, tòa nhà TTTM nhà ở số 82 Nguyễn Tuân, phường Thanh Xuân Trung, quận Thanh Xuân, Hà Nội","province":"Hà Nội"},{"address":"130 Thanh Ấm, thị trấn Vân Đình, huyện Ứng Hòa, Hà Nội","province":"Hà Nội"},{"address":"Khu công nghiệp Thạch Thất Quốc Oai, xã Phùng Xá, huyện Thạch Thất, Hà Nội","province":"Hà Nội"},{"address":"Cụm công nghiệp Bình Phú, đường 419, xã Bình Phú, huyện Thạch Thất, Hà Nội","province":"Hà Nội"},{"address":"Tầng trệt Trung tâm mua sắm Nguyễn Kim Cần Thơ, Số 2 Đường 30/4, Phường An Phú, Quận Ninh Kiều, Thành phố Cần Thơ","province":"Cần Thơ"},{"address":"54-56 Nam Kỳ Khởi Nghĩa, phường Nguyễn Thái Bình, quận 1, TP. Hồ Chí Minh","province":"Hồ Chí Minh"},{"address":"389 Phan Chu Trinh, phường Tân Lợi, thành phố Buôn Ma Thuột, Đắk Lắk","province":"Đắk Lắk"},{"address":"Số 116 - 118, đường Đỗ Xuân Hợp, phường Phước Long A, quận 9, TP. Hồ Chí Minh","province":"Hồ Chí Minh"},{"address":"TTVH Quận 12 - Số 9 Quốc lộ 22, phường Trung Mỹ Tây, quận 12, TP. Hồ Chí Minh","province":"Hồ Chí Minh"},{"address":"Tầng 1, Tòa nhà Số 2 Nguyễn Hữu Cảnh, phường Thắng Nhất, thành phố Vũng Tàu, Bà Rịa - Vũng Tàu","province":"Bà Rịa - Vũng Tàu"},{"address":"219 Đại lộ Bình Dương, thành phố Thuận An, Bình Dương","province":"Bình Dương"},{"address":"Khu phố 5, phường Hoà Phú, thành phố Thủ Dầu Một, Bình Dương, Việt Nam","province":"Bình Dương"},{"address":"Công ty PouHung - KCN Chà Là, huyện Dương Minh Châu, Tây Ninh","province":"Tây Ninh"},{"address":"Số 214-216-218 đường Nguyễn Hữu Thọ, phường Hòa Thuận Tây, quận Hải Châu, thành phố Đà Nẵng","province":"Đà Nẵng"},{"address":"Mê Linh Point - Số 2 Ngô Đức Kế, phường Bến Nghé, quận 1, TP. Hồ Chí Minh","province":"Hồ Chí Minh"},{"address":"Khu Phố Thương Mại - 324 đường 30/4, phường 3, thành phố Tây Ninh, Tây Ninh","province":"Tây Ninh"},{"address":"Số 457-457B Lê Đại Hành, phường 11, quận 11, TP. Hồ Chí Minh","province":"Hồ Chí Minh"},{"address":"Tòa nhà Mê Linh Point - Số 2 Ngô Đức Kế, phường Bến Nghé, quận 1, TP. Hồ Chí Minh","province":"Hồ Chí Minh"},{"address":"BIG C Nha Trang - Khu Đô Thị Vĩnh Điềm Trung - Số 19/5 Vĩnh Hiệp, thành phố Nha Trang, Khánh Hòa","province":"Khánh Hòa"},{"address":"Số 26-28 tổ 1, khu 9 - đường Hạ Long, phường Bãi Cháy, thành phố Hạ Long, Quảng Ninh","province":"Quảng Ninh"},{"address":"33 Phố Huế, phường Hàng Bài, quận Hoàn Kiếm, Hà Nội","province":"Hà Nội"},{"address":"Tầng 1 Ô 15B, Khu Đô thị mới Đại Kim phố Nguyễn Cảnh Dị, phường Đại Kim, quận Hoàng Mai, Hà Nội","province":"Hà Nội"},{"address":"Tòa nhà IMV, 87 Hoàng Văn Thái, Phú Mỹ Hưng, phường Tân Phú, quận 7, TP. Hồ Chí Minh","province":"Hồ Chí Minh"},{"address":"R11, R12 khu phố Riverpark Premier (lô H4) Số 72, 74 đường Nguyễn Đức Cảnh, phường Tân Phong, quận 7, TP. Hồ Chí Minh","province":"Hồ Chí Minh"},{"address":"Sô 907 Âu Cơ, phường Tân Sơn Nhì, quận Tân Phú, TP. Hồ Chí Minh","province":"Hồ Chí Minh"},{"address":"Số 64-66 Bàu Cát, phường 14, quận Tân Bình, TP. Hồ Chí Minh","province":"Hồ Chí Minh"},{"address":"Số 1174 đường 3 tháng 2, phường 8, quận 11, TP. Hồ Chí Minh","province":"Hồ Chí Minh"},{"address":"Đài Tiếng Nói VN, 41 Bà Triệu, phường Hàng Bài, quận Hoàn Kiếm, Hà Nội","province":"Hà Nội"},{"address":"SG Mall - 2A Phan Văn Trị, phường 10, quận Gò Vấp, TP. Hồ Chí Minh","province":"Hồ Chí Minh"},{"address":"77 Trần Nhân Tôn, phường 9, quận 5, Hồ Chí Minh","province":"Hồ Chí Minh"},{"address":"Số 125 Điện Biên Phủ , phường Chính Gián, quận Thanh Khê, thành phố Đà Nẵng","province":"Đà Nẵng"},{"address":"420-422 Cộng Hòa, phường 13, quận Tân Bình, TP. Hồ Chí Minh","province":"Hồ Chí Minh"},{"address":"số 97-99-101 đường Đồng Khởi, phường Tam Hiệp, thành phố Biên Hòa, tỉnh Đồng Nai","province":null},{"address":"170C, Lê Quý Đôn, phường Bồ Xuyên, thành phố Thái Bình, Thái Bình","province":"Thái Bình"},{"address":" Số 1 Lệ Ninh, Quán Bàu, thành phố Vinh, Nghệ An","province":"Nghệ An"},{"address":"Madelise Tower, số 01 lô 3C, Khu đô thị Ngã Năm Sân Bay Cát Bi, phường Đông Khê, quận Ngô Quyền, thành phố Hải Phòng","province":"Hải Phòng"},{"address":"KCN Việt Hưng, xã Việt Hưng, thành phố Hạ Long, Quảng Ninh","province":"Quảng Ninh"},{"address":"283 - 285 đường Đà Nẵng, Quận Ngô Quyền, thành phố Hải Phòng","province":"Hải Phòng"},{"address":"Tầng 1 Tòa nhà Shop house 2, Khu đô thị Quang Minh Green city, xã Thủy Sơn, huyện Thủy Nguyên, thành phố Hải Phòng","province":"Hải Phòng"},{"address":"Madelise Tower, số 01 lô 3C, Khu đô thị Ngã Năm Sân Bay Cát Bi, phường Đông Khê, quận Ngô Quyền, thành phố Hải Phòng","province":"Hải Phòng"},{"address":"Số 100 đường Hoàng Hoa Thám, thị trấn Mạo Khê, thị xã Đông Triều, Quảng Ninh","province":"Quảng Ninh"},{"address":"Số 199 Bạch Đằng, phường Thượng Lý, quận Hồng Bàng, thành phố Hải Phòng","province":"Hải Phòng"},{"address":"Số 173 Nguyễn Thái Học, thị trấn Sao Đỏ, thành phố Chí Linh, Hải Dương","province":"Hải Dương"},{"address":"Số 299 Cầu Giấy, phường Dịch Vọng, quận Cầu Giấy, Hà Nội","province":"Hà Nội"},{"address":"ATM 2D Khâm Thiên, quận Đống Đa, Hà Nội","province":"Hà Nội"},{"address":"Cổng KCN Thanh Oai Bích Hoà, Huyện Thanh Oai, Hà Nội","province":"Hà Nội"},{"address":"Số 188 - 190 Khánh Hội, phường 6, quận 4, TP. Hồ Chí Minh","province":"Hồ Chí Minh"},{"address":"Số 273 Kim Mã, phường Giảng Võ, quận Ba Đình, Hà Nội","province":"Hà Nội"},{"address":"Tầng 1 Siêu thị Sài Gòn - Vĩnh Yên, khu đô thị chùa Hà Tiên, phường Liên Bảo, thành phố Vĩnh Yên, Vĩnh Phúc","province":"Vĩnh Phúc"},{"address":"26 Ung Văn Khiêm, phường 25, quận Bình Thạnh, TP. Hồ Chí Minh","province":null},{"address":"Tầng 1 KeangNam Landmark Towers, đường Phạm Hùng, xã Mỹ Đình, quận Nam Từ Liêm, Hà Nội","province":"Hà Nội"},{"address":"Số 124 - 224, ĐN7, CT5, Khu đô thị mới Mỹ Đình, đường Phạm Hùng, quận Nam Từ Liêm, Hà Nội","province":"Hà Nội"},{"address":"Tòa nhà The Golden Palm, Số 21 Lê Văn Lương, phường Nhân Chính, quận Thanh Xuân, Hà Nội","province":"Hà Nội"},{"address":"Sân bay Nội Bài - Xã Phú Cường, huyện Sóc Sơn, Hà Nội","province":"Hà Nội"},{"address":"Căn TMDV số 06, 08A, 08, 09, 10 tại Tầng 1, Tòa nhà Masteri WaterFront, khu đô thị Vinhomes Ocean Park 1, xã Đa Tốn, huyện Gia Lâm, thành phố Hà Nội","province":"Hà Nội"},{"address":"Tổ 11 P. Trung Thành, thành phố Thái Nguyên, Thái Nguyên","province":"Thái Nguyên"},{"address":"255 phố Xã Đàn, phường Nam Đồng, quận Đống Đa, Hà Nội","province":"Hà Nội"},{"address":"SG Center (Tầng 1) - 92-94 Nam Kỳ Khởi Nghĩa, phường Bến Thành, quận 1, TP. Hồ Chí Minh","province":"Hồ Chí Minh"},{"address":"42 Lý Thường Kiệt, khu phố 4, thị trấn Hóc Môn, huyện Hóc Môn, TP. Hồ Chí Minh","province":"Hồ Chí Minh"},{"address":"Căn nhà 12A, 15, 15A Số 1A, đường Hùng Vương, phường 1, thành phố Mỹ Tho, Tiền Giang","province":null},{"address":"Ô 11, 12, lô SH2 Khu phức hợp Charm Plaza 1, phường Dĩ An, thành phố Dĩ An, Bình Dương","province":null},{"address":"2 Lý Thường Kiệt, thành phố Huế, Thừa Thiên Huế","province":null},{"address":"Công ty PouHung - KCN Chà Là, huyện Dương Minh Châu, Tây Ninh","province":"Tây Ninh"},{"address":"14K Võ Thị Sáu, phường Thống Nhất, thành phố Biên Hòa, Đồng Nai","province":"Đồng Nai"},{"address":"Khu B chung cư Nguyễn Kim, Lý Thường Kiệt, quận 10, TP. Hồ Chí Minh","province":"Hồ Chí Minh"},{"address":"Số 2 đường M, khu Trung tâm hành chính, phường Dĩ An, thành phố Dĩ An, Bình Dương","province":"Bình Dương"},{"address":"Công ty PouHung - KCN Chà Là, huyện Dương Minh Châu, Tây Ninh","province":"Tây Ninh"},{"address":"Công ty PouHung - KCN Chà Là, huyện Dương Minh Châu, Tây Ninh","province":"Tây Ninh"},{"address":"Số 99 và Số 101, đường Trần Hưng Đạo, phường Trưng Trắc, thành phố Phúc Yên, Vĩnh Phúc","province":"Vĩnh Phúc"},{"address":"27 Đinh Tiên Hoàng, quận Hoàn Kiếm, Hà Nội","province":"Hà Nội"},{"address":"71 Nguyễn Đình Chiểu, thị xã An Nhơn, Bình Định","province":"Bình Định"},{"address":"88 Lê Thánh Tông, phường Hồng Gai, thành phố Hạ Long, Quảng Ninh","province":"Quảng Ninh"},{"address":"Tầng 1,2 tòa nhà TNL Plaza Thái Bình, số 7 đường Quang Trung, phường Quang Trung, thành phố Thái Bình, Thái Bình","province":"Thái Bình"},{"address":"Số 605, 607 đường Cách Mạng Tháng 8, Phường 15, Quận 10, Thành phố Hồ Chí Minh","province":"Hồ Chí Minh"},{"address":"Số 496 Quang Trung, thành phố Uông Bí, Quảng Ninh","province":"Quảng Ninh"},{"address":"Số 241 đường Xuân Thủy, phường Dịch Vọng Hậu, quận Cầu Giấy, Hà Nội","province":"Hà Nội"},{"address":"220 đường 3 Tháng 2, phường Hưng Lợi, quận Ninh Kiều, Cần Thơ","province":"Cần Thơ"},{"address":"Số 100 đường Nguyễn Văn Tiết, phường Lái Thiêu, thành phố Thuận An, Bình Dương","province":"Bình Dương"},{"address":"Số 69 Tỉnh lộ 8, khu phố 1, thị trấn Củ Chi, huyện Củ Chi, Thành phố Hồ Chí Minh","province":"Hồ Chí Minh"},{"address":"Tòa nhà Coninco, số 04 Phạm Ngọc Thạch, phường Trung Tự, quận Đống Đa, Hà Nội","province":"Hà Nội"},{"address":"Công ty Thiên Nam, Khu Công Nghiệp Bình An, thành phố Dĩ An, Bình Dương","province":"Bình Dương"},{"address":"86 Tản Đà, phường 11, quận 5, TP. Hồ Chí Minh","province":"Hồ Chí Minh"},{"address":"Tòa nhà Kim Vân Thân, Quốc lộ 1A, Khối 4, thị trấn Diễn Châu, huyện Diễn Châu, tỉnh Nghệ An","province":"Nghệ An"}]