name	address	latitude	longitude	phone	workingTime	province
CN An Giang	Số 128 - 130 Đường Nguyễn Trãi, Phường Mỹ Long, Thành phố Long Xuyên, Tỉnh An Giang. 	10.3796134	105.4408622			Long An
PGD Châu Phú	Số nhà 534A, đường Quốc lộ 91, tổ 3, khóm Vĩnh Lộc, thị trấn Cái Dầu, huyện Châu Phú, tỉnh An Giang	10.57716	105.2356898			An Giang
PGD Tân Châu 2	Số 166 đường Tôn Đức Thắng, khóm Long Thị D, phường Long Thạnh, thị xã Tân Châu, tỉnh An Giang.	10.799040934743683	105.24548823309624			Long An
PGD Chợ Mới	Tỉnh lộ 942, Ấp Thị, Thị trấn Chợ Mới, huyện Chợ Mới, tỉnh An Giang	10.547882001604592	105.402858865329			Hà Tĩnh
CN Bình Định	Tầng 1, tầng 2 và tầng 3 tòa nhà Ngân hàng TMCP Quân Đội, số nhà 322 đường Nguyễn Thái Học, phường Ngô Mây, thành phố Quy Nhơn, tỉnh Bình Định	13.766900879637664	109.21593464112186			Thái Nguyên
PGD An Nhơn	Số 86 - 88 Ngô Gia Tự, phường Bình Định, thị xã An Nhơn, tỉnh Bình Định	13.888857	109.115655			Hòa Bình
PGD Diêu Trì	Số 50 - 52 đường Lạc Long Quân, phường Trần Quang Diệu, thành phố Quy Nhơn, tỉnh Bình Định	13.7963436	109.1472934			Quảng Bình
CN Bình Thuận	Tầng 1( tầng trệt) tòa nhà Viettel Bình Thuận, Khu dân cư Hùng Vương, đường Tôn Đức Thắng, phường Phú Thủy, thành phố  Phan thiết, tỉnh Bình Thuận	10.939064911738017	108.11187125092624			Hòa Bình
PGD Bắc Bình	Số 433 đường Nguyễn Tất Thành, khu phố Xuân Hội, Thị trấn Chợ Lầu, Huyện Bắc Bình, tỉnh Bình Thuận	11.22162842254925	108.49989588088988			Hòa Bình
MB Nam Bình Thuận	Số 169 - 169A đường Thống Nhất, khu phố 1, phường Tân Thiện, thị xã La Gi, tỉnh Bình Thuận	10.6644601667714	107.767063457041			Bình Thuận
CN Bến Tre	Thửa đất số 266, Tờ bản đồ số 38, Phường Phú Khương, Thành phố Bến Tre, tỉnh Bến Tre 	10.2249563	106.373362			Bến Tre
CN Bắc Giang	Tầng 1 ( tầng trệt) tòa nhà trụ sở Viettel Bắc Giang lô A4, làn 2, đường Nguyễn Thị Minh Khai, thanh phố  Bắc Giang, Tỉnh Bắc Giang	21.282015605630868	106.2086329907379			Hà Giang
MB Lục Nam	Số 346 phố Bình Minh, thị trấn Đồi Ngô, huyện Lục Nam, tỉnh Bắc Giang	21.3063508903607	106.388386778771			Bắc Giang
CN Bắc Ninh	Tầng 1, Tầng 2 và Tầng 9 Tòa nhà trụ sở Ngân hàng TMCP Quân Đội Chi nhánh Bắc Ninh: Số 24  đường Lý Thái Tổ, phường Đại Phúc, thành phố Bắc Ninh, tỉnh Bắc Ninh	21.17740520137351	106.06887549469002			Bắc Kạn
PGD Yên Phong	Tầng 1, tầng 2, tòa nhà Ven bắc đường TL286, khu ao Dân quân, phố Chờ, thị trấn Chờ, huyện Yên Phong, tỉnh Bắc Ninh	21.195026	105.953235			Bắc Kạn
MB Kinh Bắc	Tầng 1, tầng 2 Công ty TNHH Nam Hồng, đường Trần Phú, phường Đình Bảng, thành phố Từ Sơn, tỉnh Bắc Ninh	21.113873902427	105.952562188976			Bắc Ninh
CN Bình Dương	Số 306 Đại lộ Bình Dương, phường Phú Hòa, Thành phố Thủ Dầu Một, tỉnh Bình Dương	11.3254024	106.477017			Hòa Bình
PGD Sóng Thần	Số 20 đường Nguyễn An Ninh, khu phố Nhị Đồng 2, phường Dĩ An, thị xã Dĩ An, tỉnh Bình Dương	10.8722543	106.7551185			Hải Dương
PGD Thuận An	Số 9 đường  Nguyễn Văn Tiết, phường  Lái Thiêu, Thị xã Thuận An, Tỉnh Bình Dương	10.9152924	106.7076337			Hải Dương
MB Tân Uyên	Số 34- ĐT 746- Khu phố Khánh Thạnh- phường Tân Phước Khánh- Thành phố Tân Uyên- Tỉnh Bình Dương	10.9986471398041	106.710137066239			Thanh Hóa
CN Nam Bình Dương	Số 1 và số 3 đường D3, khu đô thị thương mại dịch vụ Sóng Thần, khu phố Thống Nhất 1, phường Dĩ An, thành phố Dĩ An, tỉnh Bình Dương	10.9050759	106.7410277			Hải Dương
MB Bến Cát	Số 432 đường 30/4 khu phố 2, phường Mỹ Phước, thành phố Bến Cát Tỉnh Bình Dương	11.1531979737998	106.590023338999			Hải Dương
MB Uyên Hưng	Thửa đất số 53 tờ bản đồ 10, đường ĐT 747, phường Uyên Hưng, thành phố Tân Uyên, tỉnh Bình Dương	11.064151710374	106.796043382981			Hải Dương
CN Bình Phước	Thửa đất số 225; 226, tờ bản đồ số 45, đường Phú Riềng Đỏ, phường Tân Thiện, thị xã Đồng Xoài, tỉnh Bình Phước	11.5341971	106.8877219			Thừa Thiên Huế
PGD Bình Long	Thửa đất số 204, Tờ bản đồ 35, khu phố Phú Trung, phường An Lộc, thị xã Bình Long, tỉnh Bình Phước	10.7773512	106.64239350000003			Hòa Bình
PGD Phước Long	Thửa đất số 16, tờ bản đồ số 03, khu phố 5, phường Long Phước, thị xã Phước Long, tỉnh Bình Phước 	11.8175989	106.98899040000003			Bình Phước
MB Chơn Thành	Thửa đất số 30, tờ bản đồ số 47, khu phố 4, phường Minh Thành, thị xã Chơn Thành, tỉnh Bình Phước	11.4336987	106.6490746			Thanh Hóa
MB Bạc Liêu	Số 370 - 372 Trần Phú, phường 7, thành phố Bạc Liêu, tỉnh Bạc Liêu	9.2985924	105.7212426			Bắc Kạn
MB Cao Bằng	Số 085 - 087 phố Kim Đồng, tổ 12, phường Hợp Giang, thành phố Cao Bằng, tỉnh Cao Bằng	22.6631734091541	106.260375981767			Cao Bằng
CN Cần Thơ	Tầng 1, tầng 2 và tầng 7 tòa nhà Ngân hàng TMCP Quân Đội – Chi nhánh Cần Thơ, số 77, 77B Võ Văn Tần, phường Tân An, quận Ninh Kiều, thành phố Cần Thơ.	10.03258170874146	105.78476374163256			Phú Thọ
PGD Ô môn	Số 1177 đường Tôn Đức Thắng (QL91), Khu vực 11, Phường Châu Văn Liêm, Quận Ô Môn, Thành phố Cần Thơ	10.109281	105.624318			Cần Thơ
PGD Ninh Kiều	Số 122 đường 3/2, phường Hưng Lợi ,quận Ninh Kiều, thành phố Cần Thơ	10.032156	105.774823			Cần Thơ
PGD Thốt Nốt	Số 553, Quốc lộ 91, Khu vực Phụng Thạnh 1 , phường Thốt Nốt, quận Thốt Nốt, thành phố Cần Thơ	10.273559656863712	105.5312441475769			Thanh Hóa
CN Tây Đô	Số 43 - Đường CMT8 - An Thới - Bình Thủy - TP. Cần Thơ	10	105			Bình Dương
CN Cà Mau	Số 44 - 46 đường Hùng Vương, Phường 5, Thành phố Cà Mau, Tỉnh Cà Mau	9.17932429144163	105.15333552943036			Cà Mau
CN Đồng Nai	Số K23 đường Võ Thị Sáu, phường Thống Nhất,  thành phố Biên Hòa- tỉnh  Đồng Nai.	10.9486848	106.8354524			Thanh Hóa
PGD Nhơn Trạch	Lô B-1, B-2, B-3, Khu dân cư Thăng Long Home Hiệp Phước, đường TL25B, Ấp 3, Xã  Hiệp Phước, Huyện Nhơn Trạch, Tỉnh Đồng Nai	10.7382264	106.95295369999997			Bình Phước
PGD Tam Hiệp	Số 76/8 đường  Phạm Văn Thuận, phường Tam Hiệp, thành phố  Biên Hòa - tỉnh Đồng Nai.	10.9575111	106.841288			Thanh Hóa
PGD Tân Hòa	Số 78/16, khu phố 8, phường Tân Hòa, thành phố Biên Hòa, tỉnh Đồng Nai	10.9676597	106.9099921			Hòa Bình
PGD Trảng Bom	Số 8/3A Ấp Thanh Hóa, Xã Hố Nai 3, Huyện Trảng Bom. Tỉnh Đồng Nai 	10.9668655	106.93571309999993			Thanh Hóa
CN Long Khánh	Số 21 - 23 đường Nguyễn Trãi, khu phố 3, phường Xuân Hòa, thành phố Long Khánh, tỉnh Đồng Nai	10.9223001	107.2408518			Thanh Hóa
CN Long Thành	Thửa đất số 49, tờ bản đồ số 57 (11-3) - Số 301, Lê Duẩn, khu Phước Hải, thị trấn Long Thành, huyện Long Thành, tỉnh Đồng Nai. 	10.7825084	106.95112470000004			Thanh Hóa
PGD Xuân Lộc	Số 132 Đường Hùng Vương, Khu phố 5, Thị trấn Gia Ray, Huyện Xuân Lộc, Tỉnh Đồng Nai 	10.919777	107.401641			Đồng Nai
CN Đồng Tháp	 Số 204 - 206 đường Nguyễn Huệ, Phường 2, Thành phố Cao Lãnh, Tỉnh Đồng Tháp	10.457455	105.637631			Đồng Tháp
PGD Hồng Ngự	Số 66 - 68 đường Võ Văn Kiệt, phường An Thạnh, thị xã Hồng Ngự, tỉnh Đồng Tháp	10.8075042	105.3470379			Đồng Tháp
MB Điện Biên	Số 930 đường Võ Nguyên Giáp, tổ 3, phường Mường Thanh, thành phố Điện Biên Phủ, tỉnh Điện Biên	21.3857921	103.0149243			Điện Biên
CN ĐắkLắk	Số 37 Hai Bà Trưng, phường Thắng Lợi,thành phố  Buôn Ma Thuột -tỉnh ĐắkLắk.	12.681469514775799	108.0439254938484			Hải Phòng
PGD Eakar	Số 148 đường Nguyễn Tất Thành, TDP 3B, thị trấn Eakar, huyện Eakar, tỉnh Dak Lak	12.8093641	108.44812030000003			Đắk Lắk
PGD Buôn Hồ	Số 683 - 685 đường Hùng Vương, phường An Lạc, thị xã Buôn Hồ, tỉnh Đắk Lắk	12.9091963	108.2660521			Đắk Lắk
PGD Cư Mgar	Số 66 đường Hùng Vương, Thị trấn Quảng Phú, Huyện Cư M’gar, Tỉnh Đắk Lắk 	12.8149346	108.07529390000002			Đắk Lắk
MB Đắk Nông	Số 79 đường 23/3, phường Nghĩa Tân, thành phố Gia Nghĩa, tỉnh Đắk Nông	12.002359	107.684572			Đắk Nông
CN Đà Nẵng	Tầng trệt, tầng lửng, số 174 Lê Đình Lý, P. Hòa Thuận Tây, Q. Hải Châu, TP Đà Nẵng 	16.05198935525826	108.20991699021306			Đà Nẵng
PGD Bắc Đà Nẵng	563 đường Tôn Đức Thắng, tổ 50, phường Hòa Khánh Nam, quận Liên Chiểu, thành phố Đà Nẵng	16.065562719313434	108.15445324155579			Thanh Hóa
PGD Sông Hàn	Tầng 1,2,3 tòa nhà Lô 14-15 đường Nguyễn Văn Linh nối dài , phường Phước Ninh, quận Hải Châu, thành phố  Đà Nẵng	16.060732303487395	108.22069717252202			Hải Dương
MB Hòa Thọ	Số 142 Ông Ích Đường, phường Hòa Thọ Đông, quận Cẩm Lệ, thành phố Đà Nẵng	16	108			Thanh Hóa
CN Nam Đà nẵng	Số 152 đường 2/9, phường  Hòa Thuận Đông, quận  Hải Châu, thành phố  Đà Nẵng	16.051247834148327	108.22196990429075			Hải Dương
PGD Hải Châu	Số 199 đường Đống Đa, Phường Thạch Thang, Quận Hải Châu, Thành phố Đà Nẵng	16.076385	108.2158491			Hải Dương
PGD Sơn Trà	Tầng 1, tầng lửng tòa nhà số 222 - 224 đường Ngũ Hành Sơn, phường Mỹ An, quận Ngũ Hành Sơn, thành phố Đà Nẵng	16.0460454	108.2387986			Sơn La
PGD Cẩm Lệ	Tầng 1 tòa nhà Công ty cổ phần xây dựng công trình 545, số 324 Nguyễn Hữu Thọ, phường Khuê Trung, quận Cẩm Lệ, thành phố Đà Nẵng.	16.035557077845496	108.20940203372948			Đà Nẵng
CN Gia Lai	Số 08 Lê Lai, phường Tây Sơn, thành phố Pleiku, tỉnh Gia Lai.	13.9776825	107.99949960000004			Lai Châu
MB Pleiku	Số 145 Nguyễn Tất Thành, phường Phù Đổng, thành phố Pleiku, tỉnh Gia Lai	13.9787451837268	108.012487321154			Thanh Hóa
PGD Chư Sê	Số 868 đường Hùng Vương, thị trấn Chư Sê, huyện Chư Sê, Tỉnh Gia Lai					Gia Lai
CN Ba Đình	Số 3 Liễu Giai, phường Liễu Giai, Quận  Ba Đình- thành phố Hà Nội.	21.03523656091604	105.8141264920655			Hà Nội
PGD Thuỵ Khuê	Một phần tầng 1 vị trí L1-A-B tại dự án Tổ hợp văn phòng, dịch vụ thương mại, căn hộ và khu đỗ xe công cộng tại số 69B phố Thụy Khuê, Phường Thụy Khuê, Quận Tây Hồ, Thành phố Hà Nội	21.041374872386598	105.82608703323933			Hà Nội
MB Tràng An	Lô L1-09A, tầng L1 tòa nhà Vincom Center Nguyễn Chí Thanh, số 54A đường Nguyễn Chí Thanh, phường Láng Thượng, quận Đống Đa, thành phố Hà Nội	21	105			Hà Nội
PGD Võ Chí Công	Tòa nhà N01-T4 Khu Đoàn ngoại giao, phường Xuân Tảo, quận Bắc Từ Liêm, thành phố Hà Nội	21.0628477	105.7955948			Hà Nội
PGD Vĩnh Phúc I	Tầng 1 và tầng 2 số 102, 103, 203 nhà  K2, khu 7.2 HA Vĩnh Phúc ,  Ba Đình - Hà Nội.	21.0417308	105.80994989999999			Hà Nội
PGD Hoàng Mai	Tầng 1, 2 ô DV - 02, DV - 04, DV - 12, DV-14, khu chung cư @Homes dự án khu nhà ở xã hội tại ô đất C11 - ODK4, phường Yên Sở, quận Hoàng Mai, Hà Nội	20.9680016	105.8678472			Hà Nội
CN Tây Hồ	Tầng 1, tầng 2, tầng 3, tầng 4 Số 28 đường Xuân La,phường Xuân La,Quận Tây Hồ - thành phố Hà Nội.	21.0624961119457	105.80777544313048			Hà Nội
PGD Lạc Long Quân	 Tầng 1, 2 Lô đất số 06 ô D9B, khu đấu giá quyền sử dụng đất, phường Xuân La, quận Tây Hồ, Hà Nội	21.071739271835476	105.81217595186763			Hà Nội
PGD Xuân Diệu	Tầng 1 và một phần diện tích tầng 2 tòa nhà số 114 Xuân Diệu, phường Tứ Liên, quận Tây Hồ, thành phố Hà Nội	21.0629911	105.8293572			Hà Nội
CN Thanh Xuân	Một phần tầng 1, tầng 2 tòa nhà Gold Tower số 275 Nguyễn Trãi, phường Thanh Xuân Trung, quận Thanh Xuân, thành phố Hà Nội	20.993994	105.806949			Hà Nội
MB Hồng Hà	Tầng 1, số 160 Phùng Hưng,phường Phúc La, quận Hà Đông - thành phố Hà Nội.	20.967647366882048	105.78792749444278			Hà Nội
PGD Linh Đàm	BT1,Ô 4, Bắc Linh Đàm, phường Đại Kim, quận Hoàng Mai - thành phố Hà Nội.	20.966957669828798	105.82616148462103			Hà Nội
CN Tây Hà Nội	Tầng 1, Tòa nhà Nam Cường KM4,đường Lê Văn Lương kéo dài, KĐTM Dương Nội, phường Dương Nội, quận Hà Đông, thành phố  Hà Nội.	20.97442	105.758534			Hà Nội
PGD Hà Đông	Một phần tầng 1, tầng 2 tòa tháp Thiên niên kỷ, số 4 đường Quang Trung, phường Yết Kiêu, quận Hà Đông, thành phố Hà Nội 	20.9732867	105.7782057			Hà Nội
PGD Xuân Mai	Số 51, tổ 6, khu Xuân Hà, thị trấn Xuân Mai, huyện Chương Mỹ, thành phố Hà Nội	20.8998805	105.5778606			Hà Nội
PGD Văn Phú	 Một phần tầng 1 tòa nhà CT9, khu đô thị mới Văn Phú, phường Phú La, quận Hà Đông, thành phố Hà Nội 	20.960077070522775	105.76766380479125			Hà Nội
MB Hà Nội	Tầng 1 tòa nhà số  17T2 KDT Trung Hoà Nhân Chính,phường Trung Hòa, quận Cầu Giấy, thành phố Hà Nội.	21.00935734353622	105.80096264888766			Hà Nội
PGD Xuân Thuỷ	Nhà số 3- Lô A- Khu D6- Đường Nguyễn Phong Sắc kéo dài - Khu đô thị mới Cầu Giấy- Phường Dịch Vọng- Quận Cầu Giấy-Thành phố Hà Nội	21.032039822365732	105.78876823900907			Hà Nội
PGD Nghĩa Tân	A2, Đơn nguyên 2, đường Nguyễn Khánh Toàn, quận Cầu Giấy, thành phố  Hà Nội.	21.038840364637025	105.79633315612796			Hà Nội
PGD Nam Trung Yên	Ô số 10 ( Khu tái định cư Tại chỗ), đường Trung Yên 1, KĐTM Trung Yên, Phường Yên Hòa, Quận Cầu Giấy,thành phố  Hà Nội	21.01965030956726	105.8007173860749			Hà Nội
PGD Trung Văn	Tầng 1, tòa nhà HH2 Bắc Hà, số 15 phố Tố Hữu, phường Nhân Chính, quận Thanh Xuân, thành phố Hà Nội.	20.9977287	105.79523990000007			Hà Nội
CN Điện Biên Phủ	Số 28A, Điện Biên Phủ, quận  Ba Đình - thành phố Hà Nội	21.03155694905277	105.84055690907599			Hà Nội
PGD Lý Nam Đế	Số 14C  Lý Nam Đế, quận  Hoàn Kiếm - thành phố Hà Nội	21.037705487065335	105.84540634297491			Hà Nội
PGD Bạch Mai	Một phần tầng 1, tòa nhà TTTM Chợ Mơ, 459C Bạch Mai, phường Trương Định, quận Hai Bà Trưng, thành phố Hà Nội	20.9965352	105.8481234			Hà Nội
PGD Hà Thành	Tầng 1, tầng 2, tầng 3, tầng 4, tầng 5 số 47 phố Phan Đình Phùng, phường Quán Thánh, quận Ba Đình, Hà Nội	21.0402976	105.8427733			Hà Nội
PGD Hoàng Cầu	Tầng 2,3,4 số 67 Trần Quang Diệu, phường Ô Chợ Dừa, quận Đống Đa, thành phố Hà Nội.	21.0150089	105.82410749999997			Hà Nội
MB Vạn Phúc	B-TT01-55, B-TT01-57, khu nhà ở Ngân Hà Vạn Phúc, phường Vạn Phúc, quận Hà Đông, Hà Nội	20.9845008	105.7747675			Hà Nội
CN Đống Đa	Một phần tầng 1, tầng 2 tòa nhà Trụ sở làm việc Trung tâm Phát thanh truyền hình Quân đội, số 165 Xã Đàn, phường Nam Đồng, quận Đống Đa, thành phố Hà Nội	21.015406797939907	105.83274290080259			Hà Nội
PGD  Tây Sơn	Tầng 1, 3 tòa nhà số 539 - 539A, phố Vũ Tông Phan, phường Khương Đình, quận Thanh Xuân, thành phố Hà Nội	20.9850921	105.814667			Hà Nội
PGD Thành Công	Ô số 8 tầng 1, ô số 3 tầng 8 Tòa nhà Văn phòng Sông Hồng, số 165 đường Thái Hà, phường Láng Hạ, quận Đống Đa, thành phố Hà Nội	21.01461194409367	105.8175860276474			Hà Nội
PGD Nam Hà Nội	Một phần tầng 1, tầng 2 tòa nhà số 8 Phạm Ngọc Thạch, phường Kim Liên, quận Đống Đa, thành phố Hà Nội	21.0089051	105.8335001			Hà Nội
MB Thái Thịnh	Số 71, 73 Thái Thịnh,phường Thịnh Quang, quận Đống Đa -  thành phố Hà Nội.	21.010284	105.81858899999997			Hà Nội
CN Hoàng Quốc Việt	Số 126 đường Hoàng Quốc Việt,phường Nghĩa Tân, quận Cầu Giấy -  thành phố Hà Nội.	21.0460436	105.79406770000003			Hà Nội
PGD Từ Liêm	Một phần tầng 1 và tầng 2 khu nhà ở cao tầng kết hợp hành chính đơn vị và nhà ở thấp tầng NO - CT2 thuộc dự án "Hải Đăng City", số 08 đường Lê Đức Thọ, phường Mỹ Đình 2, quận Nam Từ Liêm, thành phố Hà Nội	21.0350067	105.769916			Hà Nội
PGD Nam Thăng Long	Một phần tầng 1 tòa nhà A2 Chung cư Green Star - KĐT thành phố Giao lưu - số 232 đường Phạm Văn Đồng, phường Cổ Nhuế 1, quận Bắc Từ Liêm, thành phố Hà Nội	21.06677241761824	105.7848527922547			Hà Nội
CN Thăng Long	Số 34, Láng Hạ, quận Đống Đa, thành phố Hà Nội.	21.0147626	105.81320840000001			Hà Nội
PGD Lê Trọng Tấn	Số 164, phố Lê Trọng Tấn, quận Thanh Xuân - thành phố Hà Nội.	20.994078752688146	105.83158976788945			Hà Nội
PGD Giải Phóng	Một phần tầng 1 và tầng lửng tòa nhà HH2 Dự án Khu hỗn hợp nhà ở, dịch vụ công cộng, văn phòng và trường học (tên thương mại Imperial Plaza) tại địa chỉ số 360 đường Giải Phóng, phướng Phương Liệt, quận Thanh Xuân, thành phố Hà Nội	20.9963077	105.8413748			Hà Nội
PGD Nhân Chính	Tầng 1, tòa nhà Thăng Long, Số 98 Ngụy Như Kon Tum, phường Nhân Chính, quận Thanh Xuân,-  thành phố Hà Nội.	21.001349854760402	105.80463130859835			Hà Nội
CN Hoàn Kiếm	Một phần tầng 1, tầng 2, tầng 3 tòa nhà TTXVN Số 79  phố Lý Thường Kiệt,  phường Trần Hưng Đạo, quận  Hoàn Kiếm-  thành phố Hà Nội.	21.024466	105.8466363			Hà Nội
MB Thủ Đô	Một phần tầng 1, tầng 12 tòa nhà Vinafor số 127 Lò Đúc, phường Đông Mác, quận Hai Bà Trưng, thành phố Hà Nội	21.0133789	105.8579696			Hà Nội
PGD Đông Hà Nội	Số 63 đường Cổ Linh, phường Thạch Bàn, quận Long Biên, thành phố Hà Nội.	21	105			Hà Nội
PGD Nguyễn Du	Một phần tầng 1, tầng 2 tòa nhà số 68 phố Nguyễn Du, phường Nguyễn Du, quận Hai Bà Trưng, Thành phố Hà Nội	21.0195309	105.8455937			Hà Nội
PGD Lý Thái Tổ	Một phần tầng 1, tầng 2 tòa nhà số 17 phố Tông Đản, Phường Tràng Tiền, Quận Hoàn Kiếm, Thành phố Hà Nội 	21.026846238999067	105.85772638562537			Hà Nội
PGD Bà Triệu	Tầng 1 đến tầng 5 tòa nhà số 18 phố Ngô Quyền, Phường Tràng Tiền, Quận Hoàn Kiếm, Thành phố Hà Nội	21.025253798488606	105.85443967168884			Hà Nội
CN Long Biên	Tầng 1,3,4,5 số 137 C Nguyễn Văn Cừ , Phường Ngọc Lâm, quận Long Biên, thành phố Hà Nội.	21.042750614227202	105.87040104495236			Hà Nội
PGD Ngô Gia Tự	Số 32, đường Ngô Gia Tự, phường Đức Giang, quận Long Biên, thành phố Hà Nội	21.056928	105.88974299999995			Hà Nội
CN Gia Lâm	Số 132 - 134 đường Ngô Xuân Quảng, thị trấn Trâu Quỳ, huyện Gia Lâm, TP Hà Nội.	21.0138938	105.93634309999993			Hà Nội
PGD Yên Viên	Tầng 1, số 467 đường Hà Huy Tập, thị trấn Yên Viên, huyện Gia Lâm, thành phố Hà Nội.	21.0892376	105.92112710000004			Hà Nội
MB Sóc Sơn	Một phần tầng 1, tầng 2 tòa nhà tại Thửa đất số 208, 209 tờ bản đồ số 02, tổ 12, thị trấn Sóc Sơn, huyện Sóc Sơn, thành phố Hà Nội	21.2556064	105.84807			Hà Nội
CN Hai Bà Trưng	Một phần tầng 1, khu văn phòng, tòa nhà Tower 1, số 458 phố Minh Khai, phường Vĩnh Tuy, quận Hai Bà Trưng, Hà Nội 	20.9948639	105.8634586			Hà Nội
PGD Minh Khai	Tầng 1,2,3,4 số 409, tổ 52, Phố Kim Ngưu, Phường Vĩnh Tuy, Quận Hai Bà Trưng, Thành phố Hà Nội	20.99830552031963	105.86212793646246			Hà Nội
MB Thường Tín	Một phần tầng 1, tầng 2 tòa nhà tại lô số 2, cụm công nghiệp Hà Bình Phương, xã Hà Hồi, huyện Thường Tín, Hà Nội	20.871081	105.872479			Hà Nội
PGD Vân Hồ	Số 29 Lê Đại Hành, Phường Lê Dại Hành, Quận Hai Bà Trưng, thành phố Hà Nội.	21.0100736	105.84968550000008			Hà Nội
PGD Tân Mai	Số 641, nhà H5, TT Tân Mai, phường Tân Mai, quận Hoàng Mai, Hà Nội	20.983456017341457	105.851265617791			Hà Nội
CN Mỹ Đình	Tầng 1, tầng 2 nhà B, Tòa nhà HH4 SongDa TwinTower, đường Phạm Hùng, phường Mỹ Đình 1, quận Nam Từ Liêm, thành phố Hà Nội	21.018120358468384	105.78102808615802			Hà Nội
PGD Đông Đô	Một phần tầng 1 tòa nhà NTHome số 109 phố Nhổn, phường Phương Canh, quận Nam Từ Liêm, Hà Nội	21.055391	105.7305762			Hà Nội
PGD Mỹ Đình I	Kios số 03, lô đất 1.A.IV KĐTM Mỹ Đình 1, phường Cầu Diễn, quận Nam Từ Liêm, thành phố Hà Nội 	21.0307512608954	105.7645780982698			Hà Nội
PGD Đan Phượng	Km 21, Quốc Lộ 32, Thị trấn Phùng, Đan Phượng - Hà Nội.	21.085722554905033	105.66234373059683			Hà Nội
CN Sơn Tây	Số 135 Chùa Thông, phường Sơn Lộc, thị xã Sơn Tây, Hà Nội	21.119946	105.4986506			Hà Nội
PGD Ba Vì	Thửa đất số 253, tờ bản đồ số 04, thôn Vĩnh Phệ, xã Chu Minh, huyện Ba Vì, Tp. Hà Nội.	21.193693005581366	105.43057130314946			Hà Nội
MB Đông Anh	Thửa đất số khu A, thị trấn Đông Anh, huyện Đông Anh, thành phố Hà Nội	21.1411666155449	105.845370764411			Hà Nội
Chi nhánh Sở Giao Dịch 3	Tầng 2, Số 21 Cát Linh, phường Cát Linh, quận Đống Đa, thành phố Hà Nội.	21.028609	105.8316787			Hà Nội
Chi nhánh Sở Giao Dịch 1	Một phần tầng 1, tầng 2 tòa nhà số 18 Lê Văn Lương, Phường Trung Hòa, Quận Cầu Giấy, Thành phố Hà Nội	21.007408227741386	105.80727830608214			Hà Nội
MB Mê Linh	Thửa đất số 715, tờ bản đồ số 46, tổ dân phố số 7, thị trấn Quang Minh, huyện Mê Linh, thành phố Hà Nội	21.193529	105.780567			Hà Nội
PGD Lê Lợi	 Một phần diện tích tầng 1 tòa nhà số 6 Trưng Vương, Phường Lê Lợi, Thị xã Sơn Tây, Thành phố Hà Nội	21.1418856	105.50847380000005			Hà Nội
CN Thanh Trì	Tầng 1 và tầng 1B của tòa nhà An & Huy tại địa chỉ: thửa đất số GD1-1, GD1-2, GD1-3 cụm công nghiệp Ngọc Hồi, xã Ngọc Hồi, huyện Thanh Trì, Hà Nội 	20.919524786255035	105.85199066143798			Hà Nội
PGD KCNC Hòa Lạc	Tầng 1, Tòa nhà Công ty TNHH MTV Phát triển Khu CNC Hòa Lạc, Khu Công nghệ cao Hòa Lạc, Km29, Đại lộ Thăng Long, xã Thạch Hòa, Huyện Thạch Thất, TP Hà Nội.	21.007833	105.53108220000001			Hà Nội
CN Hoài Đức	Lô A38-NV16 ô số 11 và ô số 12, Khu đô thị mới hai bên đường Lê Trọng Tấn, Xã An Khánh, Huyện Hoài Đức, Thành phố Hà Nội	20.998624	105.731578			Hà Nội
MB Bắc Hà Nội	Shophouse 01 và 02, Khối đế chung cư cao tầng kết hợp thương mại dịch vụ Sunshine Golden River, lô đất CT02A, Khu đô thị Nam Thăng Long, phường Phú Thượng, quận Tây Hồ, Thành phố Hà Nội	21.0846114278832	105.806191013167			Hà Nội
CN Hòa Bình	Tầng 1( tầng trệt), tầng 2 tòa nhà Viettel, tổ 8, xã Sủ Ngòi, TP. Hòa Bình, T. Hòa Bình	20.818463058192325	105.34639302883602			Hòa Bình
CN Hải Phòng	Tầng 1, tầng 2 và tầng 10 tòa nhà Ngân hàng TMCP Quân Đội – Chi nhánh Hải Phòng, thửa đất số 06, lô 30A, khu đô thị mới Ngã 5 Sân bay Cát Bi, đường Lê Hồng Phong, phường Lạc Viên, quận Ngô Quyền, thành phố Hải Phòng	20.860243899676693	106.69587591718823			Hải Dương
PGD Lạch Tray	Số 02B Lạch Tray, quận Ngô Quyền - thành phố Hải Phòng.	20.85158473977387	106.68655339707561			Hải Phòng
MB Võ Nguyên Giáp	Tầng 1, tầng 2 Tòa nhà tại thửa đất số 512 lô HK17 Khu dự án đô thị Ven sông Lạch Tray, phường Vĩnh Niệm, quận Lê Chân, thành phố Hải Phòng.	20.8262784	106.6879379			Hải Phòng
PGD Hải An	Số 206, 216  đường Văn Cao, phường  Đằng Giang - quận Ngô Quyền- thành phố Hải Phòng.	20.834637601163106	106.70173669084204			Hải Dương
MB Kiến An	Số 01+02/NO 05 Khu đô thị và nhà ở Cựu Viên, Quận Kiến An, Thành phố Hải Phòng	20.822354577887904	106.64017520363541			Hải Phòng
PGD Vạn Mỹ	Sồ 341 Đà Nẵng, phường Vạn Mỹ,Quận Ngô Quyền, Thành phố Hải Phòng	20.861178537552572	106.71417772137568			Hải Phòng
CN Nam Hải Phòng	Tầng trệt (tầng 1), tầng 3 tòa nhà Tổng công ty xây dựng Bạch Đằng, số 268 đường Trần Nguyên Hãn, phường Niệm Nghĩa, quận Lê Chân, thành phố Hải Phòng 	20.84433418744702	106.66941334047544			Hải Dương
PGD Lê Hồng Phong	Số 136 Khu phố 3/2 thị trấn Vĩnh Bảo, huyện Vĩnh Bảo, thành phố Hải Phòng	20.6933456	106.4837932			Vĩnh Phúc
CN Bắc Hải Phòng	Số 5 đường Trần Hưng Đạo, phường Hoàng Văn Thụ, quận Hồng Bàng, thành phố Hải Phòng	20.859625898486982	106.68654409837328			Hải Dương
PGD Lê Chân	Số 146 Tôn Đức Thắng, quận Lê Chân - thành phố Hải Phòng.	20.848289489006543	106.66548185700833			Hải Phòng
PGD Thuỷ Nguyên	TTTM Bắc Mật, Ngã Tư TT Núi Đèo, huyện Thuỷ Nguyên - thành phố Hải Phòng.	20.92054728754559	106.67972169510654			Hải Phòng
PGD Thượng Lý	Nhà số BH01-51, Khu đô thị Xi Măng Hải Phòng (Khu đô thị Vinhomes Imperia Hải Phòng), Đường Bạch Đằng, Phường Thượng Lý, Quận Hồng Bàng, Thành phố Hải Phòng	20.86307248790248	106.66213317085817			Hải Dương
PGD Quán Toan	Số 212 đường Hùng Vương, phường Quán Toan, quận Hồng Bàng, thành phố Hải Phòng	20.8907452	106.60033640000006			Hải Dương
CN Hà Tĩnh	Số 80 Phan Đình Phùng, thành phố  Hà Tĩnh, Tỉnh Hà Tĩnh	18.339968332245544	105.90410329447741			Hà Nội
MB Hồng Lĩnh	Số 135, đường Trần Phú, Tổ dân phố1, phường Nam Hồng, thị xã Hồng Lĩnh, tỉnh Hà Tĩnh	18.5294495644684	105.699750706065			Hà Nam
PGD Trần Phú (Hà Tĩnh)	Tầng 1, tầng 2 tòa nhà tại thửa đất số 63, tờ bản đồ số 5, tổ dân phố 2, phường Trần Phú, Thành phố Hà Tĩnh, tỉnh Hà Tĩnh	18.345168516662895	105.88890160740971			Hà Nội
CN Hải Dương	Tầng 1, tầng 2 số 248 đại lộ Nguyễn Lương Bằng, phường Thanh Bình, thành phố Hải Dương, tỉnh Hải Dương.	20.9368072	106.3026893			Hải Dương
PGD Lê Thanh Nghị	Số 481 - 483 Lê Thanh Nghị, phường Lê Thanh Nghị, thành phố Hải Dương, tỉnh Hải Dương	20.926258	106.326454			Hải Dương
MB Chí Linh	Số 6 phố Bà Triệu, KDC Trần Hưng Đạo, phường Sao Đỏ, thành phố Chí Linh, tỉnh Hải Dương	21.1097562810111	106.389956401676			Hải Dương
PGD Kinh Môn	Thưa đất số 226 tờ bản đồ số 05, Phường An Lưu, Thị xã Kinh Môn, Tỉnh Hải Dương	20.998237478360263	106.54162896131595			Hải Dương
CN Hưng Yên	Tầng 1, tầng 5, tòa nhà Viettel Hưng Yên, số 537 đường Nguyễn Văn Linh, Phường  Hiến Nam, thành phố  Hưng Yên, Tỉnh Hưng Yên	20.655244827417558	106.05859098717201			Yên Bái
PGD Châu Giang	Thửa đất số 123, tờ bản đồ số 06,  thị trấn Khoái Châu, huyện Khoái Châu, tỉnh Hưng Yên	20.8313956	105.98099639999998			Lai Châu
PGD Phố Nối	Thửa đất số 107, tờ bản đồ số 27, Quốc lộ 5, thị trấn Bần Yên Nhân, huyện Mỹ Hào, tỉnh Hưng Yên	20.934230668723558	106.05520802656702			Yên Bái
MB Văn Lâm	Thửa đất số 453 và 454, tờ bản đồ số 05, Khu Trung tâm thương mại Như Quỳnh, thị trấn Như Quỳnh, huyện Văn Lâm, tỉnh Hưng Yên	20.9826228779859	105.982460730579			Hưng Yên
CN Khánh Hoà	Số 09 đường Lê Thánh Tôn, phường Lộc Thọ , thành phố  Nha Trang -tỉnh Khánh Hoà.	12.2457778	109.1907514			Thanh Hóa
PGD Nha Trang	Lô số 199, Khu dân cư Nam và Bắc đường Phong Châu, phường Phước Hải, thành phố Nha Trang, tỉnh Khánh Hòa	12.2362479	109.1785636			Hải Dương
PGD Vĩnh Hải	Số 554 đường 2 tháng 4, Phường Vĩnh Phước,  Thành phố Nha Trang, Tỉnh Khánh Hòa	12.252579846850757	109.18993849692424			Thanh Hóa
PGD Hùng Vương	Số 2136-2138 đại lộ Hùng Vương, phường Cam Lộc, TP Cam Ranh Tỉnh Khánh Hòa	11.956231964102637	109.18748743067113			Khánh Hòa
MB Nam Khánh Hòa	Số 151 đường Nguyễn Chí Thanh, Phường Cam Nghĩa, TP Cam Ranh, Tỉnh Khánh Hòa	11.987519894266985	109.1932733245369			Thanh Hóa
PGD Hoàng Diệu	27/21 đường 7B, phường Phước Long, thành phố Nha Trang, tỉnh Khánh Hòa	12.218663087681158	109.19546430727087			Thanh Hóa
MB Kon Tum	Số 934 đường Phan Đình Phùng, phường Quyết Thắng, thành phố Kon Tum, tỉnh Kon Tum	14.3511147391743	108.000325185952			Kon Tum
CN Kiên Giang	Số 24, 26, 28  đường Trần Phú, phường Vĩnh Thanh,thành phố  Rạch Giá, tỉnh Kiên Giang	10.0162593	105.0810807			Kiên Giang
MB Châu Thành	Thửa đất số 58, tờ bản đồ số 21, khu phố Minh Long, thị trấn Minh Lương, huyện Châu Thành, tỉnh Kiên Giang	9	105			Hồ Chí Minh
CN Phú Quốc	Số 249-251 Nguyễn Trung Trực, Khu phố 5, thị trấn Dương Đông, huyện Phú Quốc, tỉnh Kiên Giang.	10.2304532	103.9666115			Kiên Giang
PGD An Thới	Số 54-56-58 đường Nguyễn Văn Cừ, khu phố 3, thị trấn An Thới, huyện Phú Quốc, tỉnh Kiên Giang 	10.0182147	104.01496850000001			An Giang
CN Lào Cai	Số 119  đường Hoàng Liên, phường Cốc Lếu, thành phố  Lào Cai- Tỉnh Lào Cai.	22.4963573	103.96817239999996			Lào Cai
PGD Kim Tân	Ngã 6, tổ 12, phường Kim Tân, thành phố Lào Cai, tỉnh Lào Cai	22.4815858	103.9751445			Lào Cai
PGD Sa Pa	Số 196 đường Thạch Sơn, tổ 2, phường SaPa, Thị xã Sapa, Tỉnh Lào Cai	22.3371481	103.8502705			Lào Cai
CN Lạng Sơn	Số 88-90 đường Trần Đăng Ninh, phường Hoàng Văn Thụ, thành phố Lạng Sơn, tỉnh Lạng Sơn	21.854643905582783	106.75668913558195			Sơn La
CN Lâm Đồng	Số 26 Phan Đình Phùng, phường 1, thành phố  Đà Lạt, Tỉnh Lâm Đồng	11.9504387	108.4341684			Lâm Đồng
MB Đức Trọng	Số 15 đường Phạm Văn Đồng, thị trấn Liên Nghĩa, huyện Đức Trọng, tỉnh Lâm Đồng	11	108			Lâm Đồng
PGD Lâm Hà	Số 750 Hùng Vương, thị trấn Đinh Văn, huyện Lâm Hà, tỉnh Lâm Đồng.	11.788207531522533	108.24363437533566			Hà Tĩnh
MB Bảo Lộc	Số 294 đường Trần Phú, phường 1, thành phố Bảo Lộc, tỉnh Lâm Đồng	11.5403666	107.8124842			Lâm Đồng
PGD Di Linh	Số 725 đường Hùng Vương, Thị trấn Di Linh, Huyện Di Linh, Tỉnh Lâm Đồng 	11.590121473355095	108.07875626826171			Lâm Đồng
CN Long An	Số 122 - 124 đường Hùng Vương, phường 6, thành phố Tân An, tỉnh Long An 	10.5458568	106.4012847			Nghệ An
PGD Đức Hòa	789E, tổ 5, ấp 5, xã Đức Hòa Đông, huyện Đức Hòa, tỉnh Long An	10.8070414	106.4815898			Hòa Bình
MB Bến Lức	Số 239 Nguyễn Hữu Thọ, khu phố 2, thị trấn Bến Lức, huyện Bến Lức, tỉnh Long An	10.6433401	106.4828151			Long An
MB Cần Giuộc	Số 571-573 Quốc lộ 50, khu phố 2, thị trấn Cần Giuộc, huyện Cần Giuộc, tỉnh Long An	10.607015	106.671447			Long An
MB Ninh Bình	Tầng 1, 3 tòa nhà số 848 đường Trần Hưng Đạo, phường Tân Thành, thành phố Ninh Bình, tỉnh Ninh Bình	20.2592701844276	105.970552881184			Hòa Bình
PGD Tam Điệp	Số nhà 146, đường Đồng Giao, phường Bắc Sơn, thành phố Tam Điệp, tỉnh Ninh Bình	20.157803	105.907628			Bắc Ninh
PGD Nguyễn Công Trứ	Số 307 - 309 - 311 đường Nguyễn Công Trứ, phường Bích Đào, thành phố Ninh Bình, tỉnh Ninh Bình	20.246921	105.9861817			Hòa Bình
PGD Gia Viễn	Thửa đất số 2621 và thửa đất 2613 tờ bản đồ số 381E, Xã Gia Trấn, Huyện Gia Viễn, Tỉnh Ninh Bình 	20.334285674599496	105.93140995974125			Ninh Bình
CN Nghệ An	Số 2 đường Nguyễn Thị Minh Khai, thành phố  Vinh,tỉnh  Nghệ An	18.670173344213488	105.68379111709248			Nghệ An
PGD Diễn Châu	Khối 3, Thị Trấn Diễn Châu, Huyện Diễn Châu, Tỉnh Nghệ An	18	105			Điện Biên
PGD Trung Đô	Số 191 đường  Lê Duẩn, khối 7, phường Trung Đô, thành phố  Vinh - tỉnh Nghệ An.	18.659013182990133	105.69462683862298			Nghệ An
PGD Hà Huy Tập	Tòa nhà Viettel, đường Lê Nin, phường Hà Huy Tập, thành phố  Vinh, tỉnh Nghệ An	18.688941	105.69089200000008			Nghệ An
MB Ninh Thuận	Số 398 đường Thống Nhất, phường Mỹ Hương, thành phố Phan Rang - Tháp Chàm, tỉnh Ninh Thuận	11.5677671	108.9907234			Ninh Thuận
CN Nam Định	Một phần tầng 1, tầng 3, tòa nhà đa năng số 625 đường Trần Hưng Đạo, Phường Lộc Vượng, Thành phố Nam Định, Tỉnh Nam Định	20.433843929381393	106.16600527727053			Hà Nam
PGD Hải Hậu	Tổ dân phố số 1, thị trấn Yên Định, huyện Hải Hậu, tỉnh Nam Định	20.1993705	106.2979599			Nam Định
PGD Ý Yên	Thửa đất số ô M58 – mặt bằng QH chi tiết cụm CN Làng Nghề TMDV Phía nam TT Lâm, Huyện Ý Yên, Tỉnh Nam Định.	20.31477933971997	106.02306009345398			Hà Nam
MB Nghĩa Hưng	Số 06 đường Trần Hưng Đạo, thị trấn Liễu Đề, huyện Nghĩa Hưng, tỉnh Nam Định	20.2168092331832	106.182034716596			Hưng Yên
CN Hà Nam	Một phần tầng 1 và 2 trung tâm thương mại, dịch vụ Đại Nam Plaza, đường Lê Hoàn, phường Hai Bà Trưng, thành phố Phủ Lý, tỉnh Hà Nam	20	105			Hải Dương
PGD Duy Tiên	Thửa đất số 02 tờ bản đồ PL số 07, khu tập thể xí nghiệp Giống cây trồng Trung Ương, Phường Đồng Văn, Thị xã Duy Tiên, Tỉnh Hà Nam	20.6465945	105.92429609999999			Hà Nam
CN Phú Yên	Số 99A - 101 đường Hùng Vương, phường 6, thành phố Tuy Hòa, tỉnh Phú Yên	13.08917	109.31430268220902			Hưng Yên
MB Sông Cầu	Số 319 đường Phạm Văn Đồng, khu phố Long Hải Nam, phường Xuân Phú, thị xã Sông Cầu, tỉnh Phú Yên 	13.44901	109.21739			Phú Thọ
CN Việt Trì	Số 1596  đường Hùng Vương, Phường Gia Cẩm, Thành phố  Việt Trì, Tỉnh Phú Thọ	21.3202658	105.38677099999995			Phú Thọ
PGD Phú Hộ	Số 63,  Khu 16, xã Phú Hộ, thị xã Phú Thọ - tỉnh Phú Thọ.	21.439642675219712	105.25458295551152			Phú Thọ
PGD Nam Việt Trì	Số 779 Đại Lộ Hùng Vương, phường Bến Gót, thành phố  Việt Trì - tỉnh Phú Thọ.	21.3106452	105.4003766			Phú Thọ
PGD Đền Hùng	Trạm khách T44, quân Khu II, khu 1, phường Vân Phú, thành phố Việt Trì, tỉnh Phú Thọ	21.36200285527513	105.35044276690371			Phú Thọ
PGD Lâm Thao	Một phần tầng 1, Số nhà  179, khu 5, thị trấn Hùng Sơn, huyện Lâm Thao, tỉnh Phú Thọ	21.355926686752802	105.29387080049446			Phú Thọ
CN Quảng Ninh	Số 156 đường Lê Thánh Tông , Phường Bạch Đằng, thành phố  Hạ Long, Tỉnh Quảng Ninh	20.95132906019309	107.08231179145378			Quảng Ninh
MB Cẩm Phả	Số 705 (thửa đất số 7, 8, 9 tờ bản đồ số 22), tổ 2, khu Tân Lập 6, phường Cẩm Phả, thành phố Cẩm Phả, tỉnh Quảng Ninh	21	107			Quảng Ninh
CN Uông Bí	Số 277, đường Quang Trung, Tổ 24 A, khu 7, Phường Quang Trung, Thành phố Uông Bí, Tỉnh Quảng Ninh	21.033691613116154	106.77692100238151			Tuyên Quang
PGD Hạ Long	Số 328, tổ 1B, khu 6A, phường Hồng Hải, thành phố Hạ Long, tỉnh Quảng Ninh.	20.952090478455485	107.10575576958922			Quảng Ninh
PGD Mạo Khê	Số 196 Ngã 4, khu  Hoàng Hoa Thám, thị trấn Mạo Khê, huyện  Đông Triều- tỉnh Quảng Ninh.	21.055321	106.602071			Quảng Ninh
PGD Bãi Cháy	Số nhà 489, đường Hạ Long, tổ 8, khu 9A, phường Bãi Cháy, TP.Hạ Long, tỉnh Quảng Ninh	20.957310599769606	107.02290355152059			Quảng Ninh
CN Móng Cái	Số 2 đường Hùng Vương, phường Hòa Lạc, thành phố  Móng Cái- tỉnh  Quảng Ninh.	21.52912407447094	107.9687163183853			Quảng Ninh
PGD Vân Đồn	Số nhà 404 –  406, Tổ 1, khu 7, Thị trấn Cái Rồng, Huyện Vân Đồn, Tỉnh Quảng Ninh	21.067830944526698	107.42369097357175			Quảng Ninh
CN Quảng Bình	Số 18 đường Quang Trung, phường Đông Hải, thành phố Đồng Hới, tỉnh Quảng Bình	17.46231468733032	106.62435759999994			Tuyên Quang
CN Quảng Trị	Số 134, quốc lộ 9, phường 1, thành phố  Đông Hà,Tỉnh Quảng Trị	16.81215222938207	107.09681086909484			Quảng Trị
MB Khe Sanh	Số 144 Lê Duẩn , Thị trấn Khe Sanh, H. Hướng Hóa, Tỉnh Quảng Trị	16.627244070973546	106.73868388618496			Quảng Trị
CN Quảng Ngãi	Nhà khách T50, Số 168 đường Hùng Vương, thành phố Quảng Ngãi, tỉnh Quảng Ngãi	15.1219499	108.7944621			Tuyên Quang
PGD Trà Khúc	Số 24 Quang Trung, phường Lê Hồng Phong, thành phố Quảng Ngãi, tỉnh Quảng Ngãi	15.1318433	108.80142720000003			Tuyên Quang
MB Bắc Quảng Ngãi	Số 448 Phạm Văn Đồng, Tổ dân phố 4, Thị trấn Châu Ổ, Huyện Bình Sơn, Tỉnh Quảng Ngãi	15.29637607772932	108.76072564337767			Quảng Bình
MB Nam Quảng Ngãi	Thôn Thạch Trụ Tây, Xã Đức Lân, Huyện Mộ Đức, Tỉnh Quảng Ngãi	14.88996284591127	108.92025683955615			Quảng Ngãi
CN Quảng Nam	Số 284 Phan Chu Trinh, thành phố Tam Kỳ, tỉnh Quảng Nam	15.568727446318258	108.48894411349181			Quảng Nam
PGD Hội An	Số 594 Hai Bà Trưng, phường Cẩm Phổ,thành phố  Hội An, tỉnh Quảng Nam	15.883115882696318	108.32491050367014			Hải Phòng
PGD Núi Thành	Số 204 Phạm Văn Đồng, khối 2, thị trấn Núi Thành, huyện Núi Thành, tỉnh Quảng Nam	15.435825012559896	108.64366377289434			Thanh Hóa
PGD Duy Xuyên	Khu đô thị chợ Nam Phước, khối phố Long Xuyên 2, thị trấn Nam Phước, huyện Duy Xuyên, tỉnh Quảng Nam	15.843734363741223	108.28193879570085			Hà Nam
CN Sơn La	Tầng 1 ( tầng trệt) tòa nhà Viettel, số 1 Chu Văn Thịnh, P.Tô hiệu, TP Sơn La, T. Sơn La	21.327958192500464	103.914040164418			Sơn La
PGD Mộc Châu	Số 4 đường Lê Thanh Nghị, thị trấn Nông Trường, huyện Mộc Châu, tỉnh Sơn La.	20.8372289	104.68119590000003			Sơn La
CN Sóc Trăng	Số 26 Lê Duẩn, khóm 7, phường 3, thành phố Sóc Trăng, tỉnh Sóc Trăng	9.593244405164148	105.97492043226316			Sóc Trăng
MB TP Hồ Chí Minh	Số 18B đường Cộng Hòa, phường 4, quận Tân Bình, thành phố Hồ Chí Minh	10.801371285017588	106.65475984076159			Hòa Bình
PGD Trường Chinh	Số 318 đường Trường Chinh, Khu phố 6, Phường Tân Hưng Thuận, Quận 12, Thành phố Hồ Chí Minh 	10.832581464557657	106.62198258856779			Hồ Chí Minh
PGD Tân Sơn Nhất	08 Hoàng Minh Giám, Phường 9, Phú Nhuận, Thành phố Hồ Chí Minh	10.8098021	106.6718604			Hồ Chí Minh
PGD Tân Hương	Số 229 đường Tân Hương, phường Tân Quý, quận Tân Phú, thành phố Hồ Chí Minh	10.789878365211546	106.62229448220899			Hồ Chí Minh
PGD Thống Nhất	102-104-106 Bàu Cát, phường 14, quận Tân Bình, thành phố Hồ Chí Minh	10.7922205	106.64245010000002			Hồ Chí Minh
PGD Độc Lập	Một phần tầng trệt và tầng 4, số 07 đường Nguyễn Thị Minh Khai, Phường Bến Nghé, Quận 1, Thành phố Hồ Chí Minh 	10.788243462006943	106.70328500830382			Hồ Chí Minh
MB Sài Gòn	Số  112-114-116-118  Hai  Bà  Trưng, phường Đa Kao, quận 1, thành phố Hồ Chí Minh	10.7833250950275	106.698013738539			Hải Phòng
PGD Bến Thành	Số 414C – 414D Nguyễn Thị Minh Khai, Phường 5, Quận 3, Thành phố Hồ Chí Minh 	10.770620839139063	106.68645836197129			Hồ Chí Minh
PGD Tân Phú	Số 835 – 837 đường Lũy Bán Bích, phường Tân Thành, quận Tân Phú, thành phố Hồ Chí Minh	10.7881123	106.6346227			Thanh Hóa
MB Quận 3	Một phần diện tich tầng 1 và toàn bộ tầng 2 tòa nhà  Số 161, 163 đường Trần Quốc Thảo, phường 9, quận 3, thànhphố  Hồ Chí Minh	10.784917316644542	106.68302343554728			Hồ Chí Minh
PGD Nguyễn Tri Phương	431-433 Nguyễn Tri Phương, Phường 08, Quận 10, Thành phố Hồ Chí Minh	10.7649945	106.6677098			Hải Phòng
PGD Hàm Nghi	Tầng trệt (tầng 1), tầng 2 tòa nhà Beta số 55 Nam Kỳ Khởi Nghĩa, phường Nguyễn Thái Bình, quận 1, thành phố Hồ Chí Minh	10.770716254433216	106.70115764418028			Thái Nguyên
MB Đinh Tiên Hoàng	Tầng trệt, tầng lửng, tầng 1 số 86 – 88 Lê Văn Duyệt, Phường 1, Quận Bình Thạnh, Thành phố Hồ Chí Minh 	10.796052077875489	106.6966438650818			Thanh Hóa
PGD Tân Định	192  đường Trần Quang Khải, phường Tân Định, quận 1, thành phố  Hồ Chí Minh	10.791586647839805	106.6886948411045			Hồ Chí Minh
PGD Khánh Hội	Số 192, 194 đường Khánh Hội, phường 6, quận  4, thành phố Hồ Chí Minh	10.758461502669926	106.69961297853888			Hồ Chí Minh
MB Đông Sài Gòn	Số 488 - 490 đường Cách mạng Tháng Tám phường 11, quận 3, thành phố Hồ Chí Minh	10.7849153679604	106.668611097047			Hồ Chí Minh
PGD Nguyễn Đình Chiểu	Số 569 Nguyễn Đình Chiểu, phường 2, quận 3, thành phố  Hồ Chí Minh	10.76789260627385	106.68020089753588			Hồ Chí Minh
PGD 3 tháng 2	Tầng 1. tầng 2 tòa nhà 198A đường 3/2, P.12, Quận 10, TP HCM	10.774633	106.678748			Hồ Chí Minh
CN Quận 5	Tầng trệt, tầng 1 và tầng 2 số 353 – 355 đường An Dương Vương, phường 3, quận 5, thành phố Hồ Chí Minh.	10.7589	106.6787443			Hải Dương
PGD Quận 6	Số 10 – 12 đường Hậu Giang, Phường 2, Quận 6, Thành phố Hồ Chí Minh	10.75012343245597	106.649017488955			Hồ Chí Minh
MB Quận 8	Số 849 đường Tạ Quang Bửu, Phường 5, Quận 8, Thành phố Hồ Chí Minh 	10.7352153203106	106.667692835157			Hồ Chí Minh
PGD Lê Đại Hành	Số 357A, 357C Lê Đại Hành,  P. 11, Q.  11- HCM.	10.7664329	106.653494			Hồ Chí Minh
PGD Bình Tân	Số 435, 437, 439, 441 đường số 7, Phường Bình Trị Đông B, Quận Bình Tân, Thành phố Hồ Chí Minh	10.7517441	106.6074443			Hòa Bình
CN An Phú	Chung cư An Phú, KĐTM An Phú,  An Khánh, Nguyễn Quý Đức, An Phú,  Q.2- HCM.	10.80020977590428	106.73856946071317			Phú Thọ
PGD Thủ Đức	Số 282 Võ Văn Ngân,  Bình Thọ, Thủ Đức- HCM.	10.849524	106.769642			Hồ Chí Minh
PGD Quận 9	Tầng 1 (tầng trệt), tầng 2, số 25B Lê Văn Việt, phường Hiệp Phú, quận 9, thành phố Hồ Chí Minh	10.845339278799464	106.77940645651825			Hồ Chí Minh
PGD Thảo Điền	Một phần tầng 1 - Số 12 Quốc Hương, phường Thảo Điền, thành phố Thủ Đức, thành phố Hồ Chí Minh	10	106			Thanh Hóa
CN Bắc Sài Gòn	Số 3 Nguyễn Oanh, Q. Gò Vấp- HCM.	10.829391288279291	106.6782308981476			Hồ Chí Minh
PGD Quang Trung	Số 170 C Quang Trung, P.10, Q. Gò Vấp- HCM.	10.828749145392688	106.67392499695893			Hồ Chí Minh
PGD Quân 10	 Số 327-329 Tô Hiến Thành, P. 13, Q. 10 - HCM.	10.7773618	106.66499369999997			Hồ Chí Minh
PGD Quận 12	Số 312 đường Nguyễn Ảnh Thủ, khu phố 3, phường Hiệp Thành, quận 12, thành phố Hồ Chí Minh	10.8791657	106.62657910000007			Thanh Hóa
CN Gia Định	Số 3 Hoàng Hoa Thám, phường 6, quận Bình Thạnh, thành phố Hồ Chí Minh.	10.803825552033379	106.69199282023772			Hòa Bình
PGD Bình Thạnh	Tầng 1, tầng lửng và tầng 2 số 310 đường Lê Quang Định, phường 11, quận Bình Thạnh, thành phố Hồ Chí Minh.	10.809390088410764	106.69335323118287			Thanh Hóa
PGD Lê Văn Sỹ	Số 67, Lê Văn Sỹ, P. 13, Q. Phú Nhuận -HCM	10.79091502156567	106.67298553009414			Hồ Chí Minh
PGD Tân Cảng	150-150A Đường Nguyễn Gia Trí (D2 cũ) , P25, Quận Bình Thạnh, TP HCM	10.803891	106.71567700000003			Bình Dương
CN Sở Giao Dịch 2	Tầng 1( tầng trệt), tầng 2 Tòa Nhà Sunny ToWer, Số 259 Trần Hưng Đạo, P. Cô Giang, Q1, TP Hồ Chí Minh	10.7638149	106.692299			Hồ Chí Minh
CN Nam Sài Gòn	 Tầng trệt – Tòa nhà M-Building: Số 09, đường số 8, Khu A, Đô thị mới Nam thành phố, Phường Tân Phú, Quận 7, Thành phố Hồ Chí Minh 	10.730418570151263	106.72401252883606			Thanh Hóa
PGD Tân Thuận	Tầng trệt, tầng lửng, tầng 1 , tầng 2 và tầng 3 tòa nhà số 300, 300A, 300B đường  Huỳnh Tấn Phát, phường Tân Thuận Tây, quận 7, thành phố  Hồ Chí Minh	10.751558777067174	106.7284343533729			Hồ Chí Minh
CN Phú Nhuận	Một phần tầng trệt tòa nhà Prince Residence, Số 19-21 đường Nguyễn Văn Trỗi, Phường 12, Quận Phú Nhuận, Thành phố Hồ Chí Minh	10.792273933779324	106.68070818587914			Hồ Chí Minh
CN Bình Chánh	Số 207 – 209 đường số 9A, khu dân cư Trung Sơn, ấp 4, xã Bình Hưng, huyện Bình Chánh, thành phố Hồ Chí Minh	10.73357708831678	106.68965396441808			Hòa Bình
CN Tây Sài Gòn	Số 246 đường Tô Ký, ấp Tam Đông 1, xã Thới Tam Thôn, huyện Hóc Môn, thành phố Hồ Chí Minh	10.8807033	106.6089659			Hồ Chí Minh
PGD  Bà Điểm	Số 10/2A Đường Nguyễn Ảnh Thủ, Ấp Hưng Lân, Xã Bà Điểm, Huyện Hóc Môn, thành phố Hồ Chí Minh	10.84818	106.601149			Hồ Chí Minh
MB Củ Chi	Số 131, tỉnh lộ 8, khu phố 7, thị trấn Củ Chi, huyện Củ Chi, thành phố Hồ Chí Minh	10.974638211645377	106.4972152933583			Hồ Chí Minh
PGD Lý Thường Kiệt	Số 27/2B đường Lý Thường Kiệt, thị trấn Hóc Môn, huyện Hóc Môn, thành phố Hồ Chí Minh	10.8880736	106.5931433			Hồ Chí Minh
MB Hiệp Phước	Số 470 Nguyễn Văn Tạo, ấp 2, xã Long Thới, huyện Nhà Bè, thành phố Hồ Chí Minh	10.648539468813185	106.73076650363846			Hồ Chí Minh
MB Nam Bình Chánh	Số 139 đường Nguyễn Hữu Trí, Khu phố 5, thị trấn Tân Túc, huyện Bình Chánh, thành phố Hồ Chí Minh	10.695302	106.58856			Bình Dương
MB Nam Hồ Chí Minh	Shophouse 88 - 90 - 92, The Park Residence - Phân khu 12 đường Nguyễn Hữu Thọ, xã Phước Kiển, huyện Nhà Bè, thành phố Hồ Chí Minh	10.7123309	106.7069312			Hồ Chí Minh
CN Tân Tạo	Số B3/16 - B3/17, quốc lộ 1A, ấp 2 Xã Tân Kiên, Huyện Bình Chánh, TP HCM	10.71948271301392	106.5997346724937			Hồ Chí Minh
PGD Quận 10	Tầng trệt, tầng 1 tầng 2 số 327-329 Tô Hiến Thành, phường 13, quận 10, thành phố Hồ Chí Minh.	10.77894797041386	106.66723608970642			Thanh Hóa
MB Đông Bình Chánh	Số 495 đường Quốc Lộ 50, ấp 1, xã Bình Hưng, huyện Bình Chánh, TP. Hồ Chí Minh	10	106			Hòa Bình
MB Tân Quy	Số 181 đường Tỉnh Lộ 15, ấp 1A, xã Tân Thạnh Tây, huyện Củ Chi, TP. Hồ Chí Minh	10	106			Hồ Chí Minh
MB Vĩnh Lộc	Số D3/11A đường Nguyễn Thị Tú, ấp 4, xã Vĩnh Lộc B, huyện Bình Chánh, TP. Hồ Chí Minh	10	106			Bình Dương
MB Phú Xuân	Số 2049 Huỳnh Tấn Phát, khu phố 6, thị trấn Nhà Bè, huyện Nhà Bè, TP. Hồ Chí Minh	10	106.7401642			Hồ Chí Minh
CN Tuyên Quang	Số 155, đường Bình Thuận, tổ 19, phường Tân Quang, thành phố Tuyên Quang, tỉnh Tuyên Quang	21.8135258	105.21212330000003			Tuyên Quang
CN Thái Bình	Tầng 1 ( tầng trệt) tòa nhà  Viettel Thái Bình,số 431 phố Trần Hưng Đạo, P. Trần Hưng Đạo, TP. Thái Bình, Tỉnh Thái Bình	20.44274420630539	106.33221684603268			Hòa Bình
MB Hưng Hà	Số 266 đường Long Hưng, tổ dân phố Thị Độc, thị trấn Hưng Hà, huyện Hưng Hà, tỉnh Thái Bìnhng Hà, tỉnh Thái Bình (Thửa đất số 438, tờ bản đồ số 22, số vào sổ cấp GCN: CS00910)	20.5925955680439	106.2197113681			Hà Nội
PGD Thái Thuy	Khu 6, thị trấn Diêm Điền, huyện Thái Thụy, tỉnh thái Bình	20.5604645	106.5702387			Thái Nguyên
PGD Thái Thụy	Khu 6, thị trấn Diêm Điền, huyện Thái Thụy, tỉnh thái Bình	20.564944696808848	106.56594716557618			Thái Nguyên
CN Thanh Hoá	Số 54+56+60 Trần Phú, phường  Điện Biên, thành phố  Thanh Hóa, tỉnh Thanh Hóa	19.80988723778178	105.77679150304107			Điện Biên
PGD Phan Chu Trinh	Số 15 - Khu nhà ở TM - đường Phan Chu Trinh, phường  Điện Biên, thành phố Thanh Hóa, Thanh Hoá	19.811759575559023	105.77478821628574			Điện Biên
PGD Tĩnh Gia	Số nhà 96-98 đường Đào Duy Từ,  tiểu khu 5, thị trấn Tĩnh Gia, huyện Tĩnh Gia, tỉnh Thanh Hóa	19.4465678	105.77766529999997			Thanh Hóa
PGD Lam Sơn	Tiểu khu 6, Thị trấn Lam Sơn,huyện Thọ Xuân, Tỉnh Thanh Hóa	19.89842687460616	105.40670616217949			Thanh Hóa
MB Nghi Sơn	Số nhà 100 đường Đào Duy Từ, tiểu khu 5, phường Hải Hòa, thị xã Nghi Sơn, tỉnh Thanh Hóa	19.4439913	105.7768289			Hòa Bình
CN Huế	Một phần tầng 1,2,3, Tòa nhà số 07 Nguyễn Tri Phương, phường Phú Hội, thành phố Huế, tỉnh Thừa Thiên Huế	16.465237385637295	107.59302392418557			Hải Phòng
PGD Nam Vĩ Dạ	Số 109 Phạm Văn Đồng, phường Vĩ Dạ, thành phố  Huế- Tỉnh Thừa Thiên Huế.	16.477502272053872	107.60161311104503			Thừa Thiên Huế
PGD Hương Thủy	Số 1068 đường Nguyễn Tất Thành, phường Phú Bài, thị xã Hương Thủy, tỉnh Thừa Thiên Huế	16	107			Thừa Thiên Huế
PGD Nam Trường Tiền	Số 11 Lý Thường Kiệt, phường Phú Nhuận, thành phố Huế, tỉnh Thừa Thiên Huế	16.461821719912795	107.59130797050011			Thừa Thiên Huế
CN Tây Ninh	Số 225 Đường 30/4, Khu phố 1, Phường 1, Thành phố Tây Ninh, Tỉnh Tây Ninh 	11.3138911	106.0965229			Quảng Ninh
MB Tân Biên	Số 45 đường Nguyễn Văn Linh, khu phố 3, thị trấn Tân Biên, huyện Tân Biên, tỉnh Tây Ninh	11	106			Điện Biên
PGD Tân Châu 1	Số 95 Trần Văn Trà, khu phố 2, thị trấn Tân Châu, huyện Tân Châu, tỉnh Tây Ninh	11.5568671	106.1624836			Lai Châu
PGD Gò Dầu	Số 195 đường Xuyên Á, Khu phố Nội Ô B, thị trấn Gò Dầu, huyện Gò Dầu, tỉnh Tây Ninh	11.0887527	106.2669247			Tây Ninh
CN Tiền Giang	Số 116 đường Nam Kỳ Khởi Nghĩa, phường 1, thành phố Mỹ Tho, tỉnh Tiền Giang	10.356926868312597	106.36172813528219			Tiền Giang
PGD Cai Lậy	Tầng trệt, tầng 2 tòa nhà công ty Cổ phần Dược phẩm CALAPHARCO, Quốc lộ 1, phường 4, thị xã Cai Lậy, tỉnh Tiền Giang.	10.4050639	106.1186715			Tiền Giang
MB Gò Công	Thửa đất số 2100 và 2101, tờ bản đồ số 11, Khu phố 3, phường 2, thành phố Gò Công, tỉnh Tiền Giang	10	106			Tiền Giang
CN Trà Vinh	Số TRV-PG2-05, TRV-PG2-05A, TRV-PG2-06, khóm 3, phường 2, thành phố Trà Vinh, tỉnh Trà Vinh.	9.913954188846102	106.30983998775628			Vĩnh Phúc
MB Nam Thái Nguyên	Tổ 2, phường Hương Sơn, thành phố Thái Nguyên, tỉnh Thái Nguyên	21.544533	105			Thái Nguyên
PGD Trưng Vương	Tầng 1, Công trình Chợ Thái, phường Trưng Vương, thành phố  Thái Nguyên- tỉnh Thái Nguyên.	21.599535111034868	105.84404975403675			Thái Nguyên
PGD Phổ Yên	Tổ dân phố 2, phường Ba Hàng, thị xã Phổ Yên, Tỉnh Thái Nguyên	21.418875746982103	105.87032888423914			Thái Nguyên
CN Thái Nguyên	Tầng 1, tầng 2 tòa nhà số 679 đường Lương Ngọc Quyến, tổ 22, phường Phan Đình Phùng, thành phố Thái Nguyên, tỉnh Thái Nguyên	21.5815996	105.83664399999998			Thái Nguyên
CN Bà rịa	Số 86 - 88 đường Bạch Đằng, phường Phước Trung, thành phố Bà Rịa, tỉnh Bà Rịa – Vũng Tàu	10.493045281322772	107.17121017298166			Bà Rịa Vũng Tàu
CN Vũng Tàu	Số 81 Nguyễn Thái Học, phường 7, thành phố Vũng Tàu, tỉnh Bà Rịa - Vũng Tàu	10.36373172307809	107.08186406029665			Thái Nguyên
MB Châu Đức	Thửa đất 250, tờ bản đồ số 102, thị trấn Ngãi Giao, huyện Châu Đức, Tỉnh Bà Rịa -Vũng Tàu	10.6420197603078	107.244594323507			Bà Rịa Vũng Tàu
PGD Rạch Dừa	Số 478 đường 30/4, phường Rạch Dừa, thành phố  Vũng Tàu, Tỉnh Bà Rịa -Vũng Tàu.	10.398201166731267	107.11251477236942			Bà Rịa Vũng Tàu
PGD Phú Mỹ	Số 280, 282 đường Độc Lập, phường Phú Mỹ, tỉnh Bà Rịa Vũng Tàu	10.5970428	107.0542692			Bà Rịa Vũng Tàu
PGD Long Điền	Số 48, Tổ 6, Ấp Lò Vôi, Xã Phước Hưng, Huyện Long Điền, Tỉnh Bà Rịa – Vũng Tàu 	10.415836	107.214754			Bà Rịa Vũng Tàu
CN Vĩnh Long	Số 1D - 1E đường Hoàng Thái Hiếu, phường 1, thành phố Vĩnh Long, tỉnh Vĩnh Long	10.254941542273526	105.97306157109449			Vĩnh Phúc
MB Bình Minh	Số 79A - 79B, đường Nguyễn Văn Thảnh, tổ 6, Khóm 2, phường Cái Vồn, thị xã Bình Minh, tỉnh Vĩnh Long	10	105			Bình Dương
CN Vĩnh Phúc	Một phần tầng 1,tòa nhà  viettel Vĩnh phúc ,  KĐT chùa Hà Tiên, thành phố Vĩnh Yên- tỉnh Vĩnh Phúc.	21.32208265037734	105.59884312275392			Vĩnh Phúc
PGD Phúc Yên	Số 65, đường Trần Hưng Đạo, phường Hùng Vương, thành phố Phúc Yên, tỉnh Vĩnh Phúc 	21.2330022	105.7058465			Vĩnh Phúc
MB Yên lạc	Một phần tầng 1 tòa nhà Kết Hiền, số 211 đường Dương Tĩnh, Thị trấn Yên Lạc, huyện Yên Lạc, tỉnh Vĩnh Phúc	21.2314350640407	105.573740301853			Yên Bái
MB Yên Bái	Số 02, đường Đinh Tiên Hoàng, tổ 8, phường  Đồng  Tâm,  thành  phố  Yên Bái, tỉnh Yên Bái	21.7231660507077	104.913590083888			Yên Bái