{
  "cookies": [
    {
      "name": "_fbp",
      "value": "fb.2.1723603606025.467130397305192666",
      "domain": ".mbbank.com.vn",
      "path": "/",
      "expires": 1731379606,
      "size": 41,
      "httpOnly": false,
      "secure": false,
      "session": false,
      "sameSite": "Lax",
      "priority": "Medium",
      "sameParty": false,
      "sourceScheme": "Secure"
    },
    {
      "name": "f5_cspm",
      "value": "1234",
      "domain": "www.mbbank.com.vn",
      "path": "/",
      "expires": -1,
      "size": 11,
      "httpOnly": false,
      "secure": false,
      "session": true,
      "priority": "Medium",
      "sameParty": false,
      "sourceScheme": "Secure"
    },
    {
      "name": "_ga",
      "value": "GA1.1.611197738.1723603605",
      "domain": ".mbbank.com.vn",
      "path": "/",
      "expires": 1758163605.343085,
      "size": 29,
      "httpOnly": false,
      "secure": false,
      "session": false,
      "priority": "Medium",
      "sameParty": false,
      "sourceScheme": "Secure"
    },
    {
      "name": "_ga_R3XMN343KH",
      "value": "GS1.1.1723603605.1.0.1723603605.60.0.0",
      "domain": ".mbbank.com.vn",
      "path": "/",
      "expires": 1758163605.34264,
      "size": 52,
      "httpOnly": false,
      "secure": false,
      "session": false,
      "priority": "Medium",
      "sameParty": false,
      "sourceScheme": "Secure"
    },
    {
      "name": "ASP.NET_SessionId",
      "value": "rkx4euwhz1440f4ox24aql5j",
      "domain": "www.mbbank.com.vn",
      "path": "/",
      "expires": -1,
      "size": 41,
      "httpOnly": true,
      "secure": false,
      "session": true,
      "sameSite": "Lax",
      "priority": "Medium",
      "sameParty": false,
      "sourceScheme": "Secure"
    },
    {
      "name": "f5avraaaaaaaaaaaaaaaa_session_",
      "value": "HKNJPCLPBHCEICEKHJEIOLMLEAGDGFMCNMBLDBHHEKMJHHILHGPJLPPJCCMJNJBMGOFDPBCCIKFCHIMHELMAINDEEBIHPHFIKHGCGNONHOONLBBKDHDFBOJBPKEHCHPP",
      "domain": "www.mbbank.com.vn",
      "path": "/",
      "expires": -1,
      "size": 158,
      "httpOnly": true,
      "secure": true,
      "session": true,
      "priority": "Medium",
      "sameParty": false,
      "sourceScheme": "Secure"
    },
    {
      "name": "__RequestVerificationToken",
      "value": "8tCkHb0631SR2-ueMen7jR-uJFoCzTUErWlgOSHQh3EfYNLg7K7pA96djcIW19oMzMdP_mfeZ1C4T9dheUf6wnPcA0o5-JJhYW8QHKmiWo41",
      "domain": "www.mbbank.com.vn",
      "path": "/",
      "expires": -1,
      "size": 134,
      "httpOnly": true,
      "secure": false,
      "session": true,
      "priority": "Medium",
      "sameParty": false,
      "sourceScheme": "Secure"
    },
    {
      "name": "LANG_CODE",
      "value": "VI",
      "domain": "www.mbbank.com.vn",
      "path": "/",
      "expires": -1,
      "size": 11,
      "httpOnly": true,
      "secure": false,
      "session": true,
      "priority": "Medium",
      "sameParty": false,
      "sourceScheme": "Secure"
    }
  ],
  "requestVerificationToken": "WuXBpQYl7_QH5f8inDcc6RFqeiYJVGvheEvzXg1uRB49r7gskjlFCVOb-3_1tWguJahJMcONQSgCd4oAVg3r71pOFuQ7-BIpbaPsWUKahjI1",
  "pids": [
    "4",
    "5",
    "6",
    "7",
    "8",
    "9",
    "10",
    "11",
    "12",
    "13",
    "14",
    "15",
    "16",
    "17",
    "18",
    "19",
    "20",
    "21",
    "22",
    "23",
    "24",
    "25",
    "26",
    "27",
    "28",
    "29",
    "30",
    "31",
    "32",
    "33",
    "34",
    "35",
    "36",
    "37",
    "38",
    "39",
    "40",
    "41",
    "42",
    "43",
    "44",
    "45",
    "46",
    "47",
    "48",
    "49",
    "50",
    "51",
    "52",
    "53",
    "54",
    "55",
    "56",
    "57",
    "58",
    "59",
    "60",
    "61",
    "62",
    "63",
    "64",
    "65",
    "66"
  ]
}