{
  "hung-yen": "Hưng Yên",
  "ninh-binh": "Ninh Bình",
  "tay-ninh": "Tây Ninh",
  "thai-binh": "Thái Bình",
  "thua-thien-hue": "Thừa Thiên Huế",
  "vinh-phuc": "Vĩnh Phúc",
  "ha-noi": "Hà Nội",
  "ho-chi-minh": "Hồ Chí Minh",
  "hai-phong": "Hải Phòng",
  "can-tho": "Cần Thơ",
  "dong-nai": "Đồng Nai",
  "an-giang": "An Giang",
  "binh-duong": "Bình Dương",
  "da-nang": "Đà Nẵng",
  "quang-ninh": "Quảng Ninh",
  "dak-lak": "Đắk Lắk",
  "thanh-hoa": "Thanh Hóa",
  "nghe-an": "Nghệ An",
  "bac-ninh": "Bắc Ninh",
  "kien-giang": "Kiên Giang",
  "quang-nam": "Quảng Nam",
  "thai-nguyen": "Thái Nguyên",
  "lao-cai": "Lào Cai",
  "ba-ria-vung-tau": "Bà Rịa Vũng Tàu",
  "binh-thuan": "Bình Thuận",
  "bac-giang": "Bắc Giang",
  "khanh-hoa": "Khánh Hòa",
  "binh-dinh": "Bình Định",
  "binh-phuoc": "Bình Phước",
  "lam-dong": "Lâm Đồng",
  "ha-tinh": "Hà Tĩnh",
  "long-an": "Long An",
  "quang-ngai": "Quảng Ngãi",
  "gia-lai": "Gia Lai",
  "hai-duong": "Hải Dương",
  "nam-dinh": "Nam Định",
  "tien-giang": "Tiền Giang",
  "ha-nam": "Hà Nam"
}

