[{"name":"Hà Nội","string":["hà nội","ha noi","hn"]},{"name":"Hà Giang","string":["hà giang","ha giang"]},{"name":"Cao Bằng","string":["cao bằng","cao bang"]},{"name":"Bắc Kạn","string":["bắc kạn","bac kan"]},{"name":"Tuyên Quang","string":["tuyên quang","tuyen quang"]},{"name":"Lào Cai","string":["lào cai","lao cai"]},{"name":"Điện Biên","string":["điện biên","dien bien"]},{"name":"Lai Châu","string":["lai châu","lai chau"]},{"name":"Sơn La","string":["sơn la","son la"]},{"name":"Yên Bái","string":["yên bái","yen bai"]},{"name":"Hòa Bình","string":["hòa bình","hoa binh"]},{"name":"Thái Nguyên","string":["thái nguyên","thai nguyen"]},{"name":"Lạng Sơn","string":["lạng sơn","lang son"]},{"name":"Quảng Ninh","string":["quảng ninh","quang ninh"]},{"name":"Bắc Giang","string":["bắc giang","bac giang"]},{"name":"Phú Thọ","string":["phú thọ","phu tho"]},{"name":"Vĩnh Phúc","string":["vĩnh phúc","vinh phuc"]},{"name":"Bắc Ninh","string":["bắc ninh","bac ninh"]},{"name":"Hải Dương","string":["hải dương","hai duong"]},{"name":"Hải Phòng","string":["hải phòng","hai phong"]},{"name":"Hưng Yên","string":["hưng yên","hung yen"]},{"name":"Thái Bình","string":["thái bình","thai binh"]},{"name":"Hà Nam","string":["hà nam","ha nam"]},{"name":"Nam Định","string":["nam định","nam dinh"]},{"name":"Ninh Bình","string":["ninh bình","ninh binh"]},{"name":"Thanh Hóa","string":["thanh hóa","thanh hoa","thanh hoá","thánh hoá"]},{"name":"Nghệ An","string":["nghệ an","nghe an"]},{"name":"Hà Tĩnh","string":["hà tĩnh","ha tinh"]},{"name":"Quảng Bình","string":["quảng bình","quang binh"]},{"name":"Quảng Trị","string":["quảng trị","quang tri"]},{"name":"Thừa Thiên Huế","string":["thừa thiên huế","thua thien hue","thừa thiên - huế","thua thien  hue"]},{"name":"Đà Nẵng","string":["đà nẵng","da nang"]},{"name":"Quảng Nam","string":["quảng nam","quang nam"]},{"name":"Quảng Ngãi","string":["quảng ngãi","quang ngai"]},{"name":"Bình Định","string":["bình định","binh dinh"]},{"name":"Phú Yên","string":["phú yên","phu yen"]},{"name":"Khánh Hòa","string":["khánh hòa","khanh hoa","khánh hoà"]},{"name":"Ninh Thuận","string":["ninh thuận","ninh thuan"]},{"name":"Bình Thuận","string":["bình thuận","binh thuan"]},{"name":"Gia Lai","string":["gia lai"]},{"name":"Đắk Lắk","string":["đắk lắk","dak lak","đăk lăk","daklak","đắklắk"]},{"name":"Đắk Nông","string":["đắk nông","dak nong","đăk nông"]},{"name":"Lâm Đồng","string":["lâm đồng","lam dong","lâm  đồng","lam  dong"]},{"name":"Bình Phước","string":["bình phước","binh phuoc"]},{"name":"Tây Ninh","string":["tây ninh","tay ninh"]},{"name":"Bình Dương","string":["bình dương","binh duong"]},{"name":"Đồng Nai","string":["đồng nai","dong nai","ðồng nai","ong nai"]},{"name":"Bà Rịa Vũng Tàu","string":["bà rịa vũng tàu","ba ria vung tau","bà rịa - vũng tàu","ba ria  vung tau","bà rịa – vũng tàu","bà rịa-vũng tàu","ba riavung tau","vũng tàu","vung tau"]},{"name":"Hồ Chí Minh","string":["hồ chí minh","ho chi minh","hcm"]},{"name":"Long An","string":["long an"]},{"name":"Tiền Giang","string":["tiền giang","tien giang"]},{"name":"Bến Tre","string":["bến tre","ben tre"]},{"name":"Trà Vinh","string":["trà vinh","tra vinh"]},{"name":"Vĩnh Long","string":["vĩnh long","vinh long"]},{"name":"Đồng Tháp","string":["đồng tháp","dong thap"]},{"name":"An Giang","string":["an giang"]},{"name":"Kiên Giang","string":["kiên giang","kien giang"]},{"name":"Cần Thơ","string":["cần thơ","can tho"]},{"name":"Hậu Giang","string":["hậu giang","hau giang"]},{"name":"Sóc Trăng","string":["sóc trăng","soc trang"]},{"name":"Bạc Liêu","string":["bạc liêu","bac lieu"]},{"name":"Cà Mau","string":["cà mau","ca mau"]},{"name":"Kon Tum","string":["kon tum","kontum"]}]